file,row,product_id,product_name,variation,source_product_id,source_basis,sku
Tiktoksellercenter_batchedit_20260925_all_information_template_1.xlsx,6,1729441743218904028,Best Seller Tuxedo Pria 3 In 1 Paket Isi Blazer Rompi dan Celana Setelan Kantor Pakaian Sidang Skripsi Pakaian Meeting,"Hitam, XS",22656255576,validated_family_variant,3IN1-P-HTM-XS
Tiktoksellercenter_batchedit_20260925_all_information_template_1.xlsx,7,1729441743218904028,Best Seller Tuxedo Pria 3 In 1 Paket Isi Blazer Rompi dan Celana Setelan Kantor Pakaian Sidang Skripsi Pakaian Meeting,"Hitam, S",11397737616,exact_product,3IN1-P-HTM-S
Tiktoksellercenter_batchedit_20260925_all_information_template_1.xlsx,8,1729441743218904028,Best Seller Tuxedo Pria 3 In 1 Paket Isi Blazer Rompi dan Celana Setelan Kantor Pakaian Sidang Skripsi Pakaian Meeting,"Hitam, M",11397737616,exact_product,3IN1-P-HTM-M
Tiktoksellercenter_batchedit_20260925_all_information_template_1.xlsx,9,1729441743218904028,Best Seller Tuxedo Pria 3 In 1 Paket Isi Blazer Rompi dan Celana Setelan Kantor Pakaian Sidang Skripsi Pakaian Meeting,"Hitam, L",11397737616,exact_product,3IN1-P-HTM-L
Tiktoksellercenter_batchedit_20260925_all_information_template_1.xlsx,10,1729441743218904028,Best Seller Tuxedo Pria 3 In 1 Paket Isi Blazer Rompi dan Celana Setelan Kantor Pakaian Sidang Skripsi Pakaian Meeting,"Hitam, XL",11397737616,exact_product,3IN1-P-HTM-XL
Tiktoksellercenter_batchedit_20260925_all_information_template_1.xlsx,11,1729441743218904028,Best Seller Tuxedo Pria 3 In 1 Paket Isi Blazer Rompi dan Celana Setelan Kantor Pakaian Sidang Skripsi Pakaian Meeting,"Hitam, XXL",11397737616,exact_product,3IN1-P-HTM-XXL
Tiktoksellercenter_batchedit_20260925_all_information_template_1.xlsx,12,1729441743218904028,Best Seller Tuxedo Pria 3 In 1 Paket Isi Blazer Rompi dan Celana Setelan Kantor Pakaian Sidang Skripsi Pakaian Meeting,"Hitam, XXXL",11397737616,exact_product,3IN1-P-HTM-XXXL
Tiktoksellercenter_batchedit_20260925_all_information_template_1.xlsx,13,1729441743218904028,Best Seller Tuxedo Pria 3 In 1 Paket Isi Blazer Rompi dan Celana Setelan Kantor Pakaian Sidang Skripsi Pakaian Meeting,"Navy, XS",22656255576,validated_family_variant,3IN1-P-NVY-XS
Tiktoksellercenter_batchedit_20260925_all_information_template_1.xlsx,14,1729441743218904028,Best Seller Tuxedo Pria 3 In 1 Paket Isi Blazer Rompi dan Celana Setelan Kantor Pakaian Sidang Skripsi Pakaian Meeting,"Navy, S",11397737616,exact_product,3IN1-P-NVY-S
Tiktoksellercenter_batchedit_20260925_all_information_template_1.xlsx,15,1729441743218904028,Best Seller Tuxedo Pria 3 In 1 Paket Isi Blazer Rompi dan Celana Setelan Kantor Pakaian Sidang Skripsi Pakaian Meeting,"Navy, M",11397737616,exact_product,3IN1-P-NVY-M
Tiktoksellercenter_batchedit_20260925_all_information_template_1.xlsx,16,1729441743218904028,Best Seller Tuxedo Pria 3 In 1 Paket Isi Blazer Rompi dan Celana Setelan Kantor Pakaian Sidang Skripsi Pakaian Meeting,"Navy, L",11397737616,exact_product,3IN1-P-NVY-L
Tiktoksellercenter_batchedit_20260925_all_information_template_1.xlsx,17,1729441743218904028,Best Seller Tuxedo Pria 3 In 1 Paket Isi Blazer Rompi dan Celana Setelan Kantor Pakaian Sidang Skripsi Pakaian Meeting,"Navy, XL",11397737616,exact_product,3IN1-P-NVY-XL
Tiktoksellercenter_batchedit_20260925_all_information_template_1.xlsx,18,1729441743218904028,Best Seller Tuxedo Pria 3 In 1 Paket Isi Blazer Rompi dan Celana Setelan Kantor Pakaian Sidang Skripsi Pakaian Meeting,"Navy, XXL",11397737616,exact_product,3IN1-P-NVY-XXL
Tiktoksellercenter_batchedit_20260925_all_information_template_1.xlsx,19,1729441743218904028,Best Seller Tuxedo Pria 3 In 1 Paket Isi Blazer Rompi dan Celana Setelan Kantor Pakaian Sidang Skripsi Pakaian Meeting,"Navy, XXXL",11397737616,exact_product,3IN1-P-NVY-XXXL
Tiktoksellercenter_batchedit_20260925_all_information_template_1.xlsx,21,1729441743218904028,Best Seller Tuxedo Pria 3 In 1 Paket Isi Blazer Rompi dan Celana Setelan Kantor Pakaian Sidang Skripsi Pakaian Meeting,"Marun Muda, S",11397737616,exact_product,3IN1-P-MMD-S
Tiktoksellercenter_batchedit_20260925_all_information_template_1.xlsx,22,1729441743218904028,Best Seller Tuxedo Pria 3 In 1 Paket Isi Blazer Rompi dan Celana Setelan Kantor Pakaian Sidang Skripsi Pakaian Meeting,"Marun Muda, M",11397737616,exact_product,3IN1-P-MMD-M
Tiktoksellercenter_batchedit_20260925_all_information_template_1.xlsx,23,1729441743218904028,Best Seller Tuxedo Pria 3 In 1 Paket Isi Blazer Rompi dan Celana Setelan Kantor Pakaian Sidang Skripsi Pakaian Meeting,"Marun Muda, L",11397737616,exact_product,3IN1-P-MMD-L
Tiktoksellercenter_batchedit_20260925_all_information_template_1.xlsx,24,1729441743218904028,Best Seller Tuxedo Pria 3 In 1 Paket Isi Blazer Rompi dan Celana Setelan Kantor Pakaian Sidang Skripsi Pakaian Meeting,"Marun Muda, XL",11397737616,exact_product,3IN1-P-MMD-XL
Tiktoksellercenter_batchedit_20260925_all_information_template_1.xlsx,25,1729441743218904028,Best Seller Tuxedo Pria 3 In 1 Paket Isi Blazer Rompi dan Celana Setelan Kantor Pakaian Sidang Skripsi Pakaian Meeting,"Marun Muda, XXL",11397737616,exact_product,3IN1-P-MMD-XXL
Tiktoksellercenter_batchedit_20260925_all_information_template_1.xlsx,26,1729441743218904028,Best Seller Tuxedo Pria 3 In 1 Paket Isi Blazer Rompi dan Celana Setelan Kantor Pakaian Sidang Skripsi Pakaian Meeting,"Marun Muda, XXXL",11397737616,exact_product,3IN1-P-MMD-XXXL
Tiktoksellercenter_batchedit_20260925_all_information_template_1.xlsx,27,1729441743218904028,Best Seller Tuxedo Pria 3 In 1 Paket Isi Blazer Rompi dan Celana Setelan Kantor Pakaian Sidang Skripsi Pakaian Meeting,"Marun Tua, XS",22656255576,validated_family_variant,3IN1-P-MTA-XS
Tiktoksellercenter_batchedit_20260925_all_information_template_1.xlsx,28,1729441743218904028,Best Seller Tuxedo Pria 3 In 1 Paket Isi Blazer Rompi dan Celana Setelan Kantor Pakaian Sidang Skripsi Pakaian Meeting,"Marun Tua, S",11397737616,exact_product,3IN1-P-MTA-S
Tiktoksellercenter_batchedit_20260925_all_information_template_1.xlsx,29,1729441743218904028,Best Seller Tuxedo Pria 3 In 1 Paket Isi Blazer Rompi dan Celana Setelan Kantor Pakaian Sidang Skripsi Pakaian Meeting,"Marun Tua, M",11397737616,exact_product,3IN1-P-MTA-M
Tiktoksellercenter_batchedit_20260925_all_information_template_1.xlsx,30,1729441743218904028,Best Seller Tuxedo Pria 3 In 1 Paket Isi Blazer Rompi dan Celana Setelan Kantor Pakaian Sidang Skripsi Pakaian Meeting,"Marun Tua, L",11397737616,exact_product,3IN1-P-MTA-L
Tiktoksellercenter_batchedit_20260925_all_information_template_1.xlsx,31,1729441743218904028,Best Seller Tuxedo Pria 3 In 1 Paket Isi Blazer Rompi dan Celana Setelan Kantor Pakaian Sidang Skripsi Pakaian Meeting,"Marun Tua, XL",11397737616,exact_product,3IN1-P-MTA-XL
Tiktoksellercenter_batchedit_20260925_all_information_template_1.xlsx,32,1729441743218904028,Best Seller Tuxedo Pria 3 In 1 Paket Isi Blazer Rompi dan Celana Setelan Kantor Pakaian Sidang Skripsi Pakaian Meeting,"Marun Tua, XXL",11397737616,exact_product,3IN1-P-MTA-XXL
Tiktoksellercenter_batchedit_20260925_all_information_template_1.xlsx,33,1729441743218904028,Best Seller Tuxedo Pria 3 In 1 Paket Isi Blazer Rompi dan Celana Setelan Kantor Pakaian Sidang Skripsi Pakaian Meeting,"Marun Tua, XXXL",11397737616,exact_product,3IN1-P-MTA-XXXL
Tiktoksellercenter_batchedit_20260925_all_information_template_1.xlsx,34,1729441743218904028,Best Seller Tuxedo Pria 3 In 1 Paket Isi Blazer Rompi dan Celana Setelan Kantor Pakaian Sidang Skripsi Pakaian Meeting,"Biru Langit, XS",22656255576,validated_family_variant,3IN1-P-BLG-XS
Tiktoksellercenter_batchedit_20260925_all_information_template_1.xlsx,35,1729441743218904028,Best Seller Tuxedo Pria 3 In 1 Paket Isi Blazer Rompi dan Celana Setelan Kantor Pakaian Sidang Skripsi Pakaian Meeting,"Biru Langit, S",11397737616,exact_product,3IN1-P-BLG-S
Tiktoksellercenter_batchedit_20260925_all_information_template_1.xlsx,36,1729441743218904028,Best Seller Tuxedo Pria 3 In 1 Paket Isi Blazer Rompi dan Celana Setelan Kantor Pakaian Sidang Skripsi Pakaian Meeting,"Biru Langit, M",11397737616,exact_product,3IN1-P-BLG-M
Tiktoksellercenter_batchedit_20260925_all_information_template_1.xlsx,37,1729441743218904028,Best Seller Tuxedo Pria 3 In 1 Paket Isi Blazer Rompi dan Celana Setelan Kantor Pakaian Sidang Skripsi Pakaian Meeting,"Biru Langit, L",11397737616,exact_product,3IN1-P-BLG-L
Tiktoksellercenter_batchedit_20260925_all_information_template_1.xlsx,38,1729441743218904028,Best Seller Tuxedo Pria 3 In 1 Paket Isi Blazer Rompi dan Celana Setelan Kantor Pakaian Sidang Skripsi Pakaian Meeting,"Biru Langit, XL",11397737616,exact_product,3IN1-P-BLG-XL
Tiktoksellercenter_batchedit_20260925_all_information_template_1.xlsx,39,1729441743218904028,Best Seller Tuxedo Pria 3 In 1 Paket Isi Blazer Rompi dan Celana Setelan Kantor Pakaian Sidang Skripsi Pakaian Meeting,"Biru Langit, XXL",11397737616,exact_product,3IN1-P-BLG-XXL
Tiktoksellercenter_batchedit_20260925_all_information_template_1.xlsx,40,1729441743218904028,Best Seller Tuxedo Pria 3 In 1 Paket Isi Blazer Rompi dan Celana Setelan Kantor Pakaian Sidang Skripsi Pakaian Meeting,"Biru Langit, XXXL",11397737616,exact_product,3IN1-P-BLG-XXXL
Tiktoksellercenter_batchedit_20260925_all_information_template_1.xlsx,41,1729441743218904028,Best Seller Tuxedo Pria 3 In 1 Paket Isi Blazer Rompi dan Celana Setelan Kantor Pakaian Sidang Skripsi Pakaian Meeting,"Abu, XS",22656255576,validated_family_variant,3IN1-P-ABU-XS
Tiktoksellercenter_batchedit_20260925_all_information_template_1.xlsx,42,1729441743218904028,Best Seller Tuxedo Pria 3 In 1 Paket Isi Blazer Rompi dan Celana Setelan Kantor Pakaian Sidang Skripsi Pakaian Meeting,"Abu, S",11397737616,exact_product,3IN1-P-ABU-S
Tiktoksellercenter_batchedit_20260925_all_information_template_1.xlsx,43,1729441743218904028,Best Seller Tuxedo Pria 3 In 1 Paket Isi Blazer Rompi dan Celana Setelan Kantor Pakaian Sidang Skripsi Pakaian Meeting,"Abu, M",11397737616,exact_product,3IN1-P-ABU-M
Tiktoksellercenter_batchedit_20260925_all_information_template_1.xlsx,44,1729441743218904028,Best Seller Tuxedo Pria 3 In 1 Paket Isi Blazer Rompi dan Celana Setelan Kantor Pakaian Sidang Skripsi Pakaian Meeting,"Abu, L",11397737616,exact_product,3IN1-P-ABU-L
Tiktoksellercenter_batchedit_20260925_all_information_template_1.xlsx,45,1729441743218904028,Best Seller Tuxedo Pria 3 In 1 Paket Isi Blazer Rompi dan Celana Setelan Kantor Pakaian Sidang Skripsi Pakaian Meeting,"Abu, XL",11397737616,exact_product,3IN1-P-ABU-XL
Tiktoksellercenter_batchedit_20260925_all_information_template_1.xlsx,46,1729441743218904028,Best Seller Tuxedo Pria 3 In 1 Paket Isi Blazer Rompi dan Celana Setelan Kantor Pakaian Sidang Skripsi Pakaian Meeting,"Abu, XXL",11397737616,exact_product,3IN1-P-ABU-XXL
Tiktoksellercenter_batchedit_20260925_all_information_template_1.xlsx,47,1729441743218904028,Best Seller Tuxedo Pria 3 In 1 Paket Isi Blazer Rompi dan Celana Setelan Kantor Pakaian Sidang Skripsi Pakaian Meeting,"Abu, XXXL",11397737616,exact_product,3IN1-P-ABU-XXXL
Tiktoksellercenter_batchedit_20260925_all_information_template_1.xlsx,48,1729441743218904028,Best Seller Tuxedo Pria 3 In 1 Paket Isi Blazer Rompi dan Celana Setelan Kantor Pakaian Sidang Skripsi Pakaian Meeting,"Putih, XS",22656255576,validated_family_variant,3IN1-P-PTH-XS
Tiktoksellercenter_batchedit_20260925_all_information_template_1.xlsx,49,1729441743218904028,Best Seller Tuxedo Pria 3 In 1 Paket Isi Blazer Rompi dan Celana Setelan Kantor Pakaian Sidang Skripsi Pakaian Meeting,"Putih, S",11397737616,exact_product,3IN1-P-PTH-S
Tiktoksellercenter_batchedit_20260925_all_information_template_1.xlsx,50,1729441743218904028,Best Seller Tuxedo Pria 3 In 1 Paket Isi Blazer Rompi dan Celana Setelan Kantor Pakaian Sidang Skripsi Pakaian Meeting,"Putih, M",11397737616,exact_product,3IN1-P-PTH-M
Tiktoksellercenter_batchedit_20260925_all_information_template_1.xlsx,51,1729441743218904028,Best Seller Tuxedo Pria 3 In 1 Paket Isi Blazer Rompi dan Celana Setelan Kantor Pakaian Sidang Skripsi Pakaian Meeting,"Putih, L",11397737616,exact_product,3IN1-P-PTH-L
Tiktoksellercenter_batchedit_20260925_all_information_template_1.xlsx,52,1729441743218904028,Best Seller Tuxedo Pria 3 In 1 Paket Isi Blazer Rompi dan Celana Setelan Kantor Pakaian Sidang Skripsi Pakaian Meeting,"Putih, XL",11397737616,exact_product,3IN1-P-PTH-XL
Tiktoksellercenter_batchedit_20260925_all_information_template_1.xlsx,53,1729441743218904028,Best Seller Tuxedo Pria 3 In 1 Paket Isi Blazer Rompi dan Celana Setelan Kantor Pakaian Sidang Skripsi Pakaian Meeting,"Putih, XXL",11397737616,exact_product,3IN1-P-PTH-XXL
Tiktoksellercenter_batchedit_20260925_all_information_template_1.xlsx,54,1729441743218904028,Best Seller Tuxedo Pria 3 In 1 Paket Isi Blazer Rompi dan Celana Setelan Kantor Pakaian Sidang Skripsi Pakaian Meeting,"Putih, XXXL",11397737616,exact_product,3IN1-P-PTH-XXXL
Tiktoksellercenter_batchedit_20260925_all_information_template_1.xlsx,56,1729441743218904028,Best Seller Tuxedo Pria 3 In 1 Paket Isi Blazer Rompi dan Celana Setelan Kantor Pakaian Sidang Skripsi Pakaian Meeting,"Sage, S",14862182823,validated_family_variant,3in1-p-sge-s
Tiktoksellercenter_batchedit_20260925_all_information_template_1.xlsx,57,1729441743218904028,Best Seller Tuxedo Pria 3 In 1 Paket Isi Blazer Rompi dan Celana Setelan Kantor Pakaian Sidang Skripsi Pakaian Meeting,"Sage, M",14862182823,validated_family_variant,3in1-p-sge-m
Tiktoksellercenter_batchedit_20260925_all_information_template_1.xlsx,58,1729441743218904028,Best Seller Tuxedo Pria 3 In 1 Paket Isi Blazer Rompi dan Celana Setelan Kantor Pakaian Sidang Skripsi Pakaian Meeting,"Sage, L",14862182823,validated_family_variant,3in1-p-sge-l
Tiktoksellercenter_batchedit_20260925_all_information_template_1.xlsx,59,1729441743218904028,Best Seller Tuxedo Pria 3 In 1 Paket Isi Blazer Rompi dan Celana Setelan Kantor Pakaian Sidang Skripsi Pakaian Meeting,"Sage, XL",14862182823,validated_family_variant,3in1-p-sge-xl
Tiktoksellercenter_batchedit_20260925_all_information_template_1.xlsx,60,1729441743218904028,Best Seller Tuxedo Pria 3 In 1 Paket Isi Blazer Rompi dan Celana Setelan Kantor Pakaian Sidang Skripsi Pakaian Meeting,"Sage, XXL",14862182823,validated_family_variant,3in1-p-sge-xxl
Tiktoksellercenter_batchedit_20260925_all_information_template_1.xlsx,61,1729441743218904028,Best Seller Tuxedo Pria 3 In 1 Paket Isi Blazer Rompi dan Celana Setelan Kantor Pakaian Sidang Skripsi Pakaian Meeting,"Sage, XXXL",14862182823,validated_family_variant,3in1-p-sge-xxxl
Tiktoksellercenter_batchedit_20260925_all_information_template_1.xlsx,63,1729441743218904028,Best Seller Tuxedo Pria 3 In 1 Paket Isi Blazer Rompi dan Celana Setelan Kantor Pakaian Sidang Skripsi Pakaian Meeting,"Coklat Mahogani, S",14862182823,validated_family_variant,3in1-p-cmh-s
Tiktoksellercenter_batchedit_20260925_all_information_template_1.xlsx,64,1729441743218904028,Best Seller Tuxedo Pria 3 In 1 Paket Isi Blazer Rompi dan Celana Setelan Kantor Pakaian Sidang Skripsi Pakaian Meeting,"Coklat Mahogani, M",14862182823,validated_family_variant,3in1-p-cmh-m
Tiktoksellercenter_batchedit_20260925_all_information_template_1.xlsx,65,1729441743218904028,Best Seller Tuxedo Pria 3 In 1 Paket Isi Blazer Rompi dan Celana Setelan Kantor Pakaian Sidang Skripsi Pakaian Meeting,"Coklat Mahogani, L",14862182823,validated_family_variant,3in1-p-cmh-l
Tiktoksellercenter_batchedit_20260925_all_information_template_1.xlsx,66,1729441743218904028,Best Seller Tuxedo Pria 3 In 1 Paket Isi Blazer Rompi dan Celana Setelan Kantor Pakaian Sidang Skripsi Pakaian Meeting,"Coklat Mahogani, XL",14862182823,validated_family_variant,3in1-p-cmh-xl
Tiktoksellercenter_batchedit_20260925_all_information_template_1.xlsx,67,1729441743218904028,Best Seller Tuxedo Pria 3 In 1 Paket Isi Blazer Rompi dan Celana Setelan Kantor Pakaian Sidang Skripsi Pakaian Meeting,"Coklat Mahogani, XXL",14862182823,validated_family_variant,3in1-p-cmh-xxl
Tiktoksellercenter_batchedit_20260925_all_information_template_1.xlsx,68,1729441743218904028,Best Seller Tuxedo Pria 3 In 1 Paket Isi Blazer Rompi dan Celana Setelan Kantor Pakaian Sidang Skripsi Pakaian Meeting,"Coklat Mahogani, XXXL",14862182823,validated_family_variant,3in1-p-cmh-xxxl
Tiktoksellercenter_batchedit_20260925_all_information_template_1.xlsx,70,1729441743218904028,Best Seller Tuxedo Pria 3 In 1 Paket Isi Blazer Rompi dan Celana Setelan Kantor Pakaian Sidang Skripsi Pakaian Meeting,"Moka, S",14862182823,validated_family_variant,3in1-p-moka-s
Tiktoksellercenter_batchedit_20260925_all_information_template_1.xlsx,71,1729441743218904028,Best Seller Tuxedo Pria 3 In 1 Paket Isi Blazer Rompi dan Celana Setelan Kantor Pakaian Sidang Skripsi Pakaian Meeting,"Moka, M",14862182823,validated_family_variant,3in1-p-moka-m
Tiktoksellercenter_batchedit_20260925_all_information_template_1.xlsx,72,1729441743218904028,Best Seller Tuxedo Pria 3 In 1 Paket Isi Blazer Rompi dan Celana Setelan Kantor Pakaian Sidang Skripsi Pakaian Meeting,"Moka, L",14862182823,validated_family_variant,3in1-p-moka-l
Tiktoksellercenter_batchedit_20260925_all_information_template_1.xlsx,73,1729441743218904028,Best Seller Tuxedo Pria 3 In 1 Paket Isi Blazer Rompi dan Celana Setelan Kantor Pakaian Sidang Skripsi Pakaian Meeting,"Moka, XL",14862182823,validated_family_variant,3in1-p-moka-xl
Tiktoksellercenter_batchedit_20260925_all_information_template_1.xlsx,74,1729441743218904028,Best Seller Tuxedo Pria 3 In 1 Paket Isi Blazer Rompi dan Celana Setelan Kantor Pakaian Sidang Skripsi Pakaian Meeting,"Moka, XXL",14862182823,validated_family_variant,3in1-p-moka-xxl
Tiktoksellercenter_batchedit_20260925_all_information_template_1.xlsx,75,1729441743218904028,Best Seller Tuxedo Pria 3 In 1 Paket Isi Blazer Rompi dan Celana Setelan Kantor Pakaian Sidang Skripsi Pakaian Meeting,"Moka, XXXL",14862182823,validated_family_variant,3in1-p-moka-xxxl
Tiktoksellercenter_batchedit_20260925_all_information_template_1.xlsx,76,1729441757499001820,Best Seller Jas Blazer Pria Formal Premium Pakaian Kantor Outfit Wisuda Pakaian Sidang Skripsi Casual Slimfit Pengantin Hitam,"Hitam, XS",15894005218,exact_product,jas-p-htm-xs
Tiktoksellercenter_batchedit_20260925_all_information_template_1.xlsx,77,1729441757499001820,Best Seller Jas Blazer Pria Formal Premium Pakaian Kantor Outfit Wisuda Pakaian Sidang Skripsi Casual Slimfit Pengantin Hitam,"Hitam, S",15894005218,exact_product,jas-p-htm-s
Tiktoksellercenter_batchedit_20260925_all_information_template_1.xlsx,78,1729441757499001820,Best Seller Jas Blazer Pria Formal Premium Pakaian Kantor Outfit Wisuda Pakaian Sidang Skripsi Casual Slimfit Pengantin Hitam,"Hitam, M",15894005218,exact_product,jas-p-htm-m
Tiktoksellercenter_batchedit_20260925_all_information_template_1.xlsx,79,1729441757499001820,Best Seller Jas Blazer Pria Formal Premium Pakaian Kantor Outfit Wisuda Pakaian Sidang Skripsi Casual Slimfit Pengantin Hitam,"Hitam, L",15894005218,exact_product,jas-p-htm-l
Tiktoksellercenter_batchedit_20260925_all_information_template_1.xlsx,80,1729441757499001820,Best Seller Jas Blazer Pria Formal Premium Pakaian Kantor Outfit Wisuda Pakaian Sidang Skripsi Casual Slimfit Pengantin Hitam,"Hitam, XL",15894005218,exact_product,jas-p-htm-xl
Tiktoksellercenter_batchedit_20260925_all_information_template_1.xlsx,81,1729441757499001820,Best Seller Jas Blazer Pria Formal Premium Pakaian Kantor Outfit Wisuda Pakaian Sidang Skripsi Casual Slimfit Pengantin Hitam,"Hitam, XXL",15894005218,exact_product,jas-p-htm-xxl
Tiktoksellercenter_batchedit_20260925_all_information_template_1.xlsx,82,1729441757499001820,Best Seller Jas Blazer Pria Formal Premium Pakaian Kantor Outfit Wisuda Pakaian Sidang Skripsi Casual Slimfit Pengantin Hitam,"Hitam, XXXL",15894005218,exact_product,jas-p-htm-xxxl
Tiktoksellercenter_batchedit_20260925_all_information_template_1.xlsx,83,1729441757499001820,Best Seller Jas Blazer Pria Formal Premium Pakaian Kantor Outfit Wisuda Pakaian Sidang Skripsi Casual Slimfit Pengantin Hitam,"Marun Muda, XS",15894005218,exact_product,jas-p-mmd-xs
Tiktoksellercenter_batchedit_20260925_all_information_template_1.xlsx,84,1729441757499001820,Best Seller Jas Blazer Pria Formal Premium Pakaian Kantor Outfit Wisuda Pakaian Sidang Skripsi Casual Slimfit Pengantin Hitam,"Marun Muda, S",15894005218,exact_product,jas-p-mmd-s
Tiktoksellercenter_batchedit_20260925_all_information_template_1.xlsx,85,1729441757499001820,Best Seller Jas Blazer Pria Formal Premium Pakaian Kantor Outfit Wisuda Pakaian Sidang Skripsi Casual Slimfit Pengantin Hitam,"Marun Muda, M",15894005218,exact_product,jas-p-mmd-m
Tiktoksellercenter_batchedit_20260925_all_information_template_1.xlsx,86,1729441757499001820,Best Seller Jas Blazer Pria Formal Premium Pakaian Kantor Outfit Wisuda Pakaian Sidang Skripsi Casual Slimfit Pengantin Hitam,"Marun Muda, L",15894005218,exact_product,jas-p-mmd-l
Tiktoksellercenter_batchedit_20260925_all_information_template_1.xlsx,87,1729441757499001820,Best Seller Jas Blazer Pria Formal Premium Pakaian Kantor Outfit Wisuda Pakaian Sidang Skripsi Casual Slimfit Pengantin Hitam,"Marun Muda, XL",15894005218,exact_product,jas-p-mmd-xl
Tiktoksellercenter_batchedit_20260925_all_information_template_1.xlsx,88,1729441757499001820,Best Seller Jas Blazer Pria Formal Premium Pakaian Kantor Outfit Wisuda Pakaian Sidang Skripsi Casual Slimfit Pengantin Hitam,"Marun Muda, XXL",15894005218,exact_product,jas-p-mmd-xxl
Tiktoksellercenter_batchedit_20260925_all_information_template_1.xlsx,89,1729441757499001820,Best Seller Jas Blazer Pria Formal Premium Pakaian Kantor Outfit Wisuda Pakaian Sidang Skripsi Casual Slimfit Pengantin Hitam,"Marun Muda, XXXL",15894005218,exact_product,jas-p-mmd-xxxl
Tiktoksellercenter_batchedit_20260925_all_information_template_1.xlsx,90,1729441757499001820,Best Seller Jas Blazer Pria Formal Premium Pakaian Kantor Outfit Wisuda Pakaian Sidang Skripsi Casual Slimfit Pengantin Hitam,"Marun Tua, XS",15894005218,exact_product,jas-p-mta-xs
Tiktoksellercenter_batchedit_20260925_all_information_template_1.xlsx,91,1729441757499001820,Best Seller Jas Blazer Pria Formal Premium Pakaian Kantor Outfit Wisuda Pakaian Sidang Skripsi Casual Slimfit Pengantin Hitam,"Marun Tua, S",15894005218,exact_product,jas-p-mta-s
Tiktoksellercenter_batchedit_20260925_all_information_template_1.xlsx,92,1729441757499001820,Best Seller Jas Blazer Pria Formal Premium Pakaian Kantor Outfit Wisuda Pakaian Sidang Skripsi Casual Slimfit Pengantin Hitam,"Marun Tua, M",15894005218,exact_product,jas-p-mta-m
Tiktoksellercenter_batchedit_20260925_all_information_template_1.xlsx,93,1729441757499001820,Best Seller Jas Blazer Pria Formal Premium Pakaian Kantor Outfit Wisuda Pakaian Sidang Skripsi Casual Slimfit Pengantin Hitam,"Marun Tua, L",15894005218,exact_product,jas-p-mta-l
Tiktoksellercenter_batchedit_20260925_all_information_template_1.xlsx,94,1729441757499001820,Best Seller Jas Blazer Pria Formal Premium Pakaian Kantor Outfit Wisuda Pakaian Sidang Skripsi Casual Slimfit Pengantin Hitam,"Marun Tua, XL",15894005218,exact_product,jas-p-mta-xl
Tiktoksellercenter_batchedit_20260925_all_information_template_1.xlsx,95,1729441757499001820,Best Seller Jas Blazer Pria Formal Premium Pakaian Kantor Outfit Wisuda Pakaian Sidang Skripsi Casual Slimfit Pengantin Hitam,"Marun Tua, XXL",15894005218,exact_product,jas-p-mta-xxl
Tiktoksellercenter_batchedit_20260925_all_information_template_1.xlsx,96,1729441757499001820,Best Seller Jas Blazer Pria Formal Premium Pakaian Kantor Outfit Wisuda Pakaian Sidang Skripsi Casual Slimfit Pengantin Hitam,"Marun Tua, XXXL",15894005218,exact_product,jas-p-mta-xxxl
Tiktoksellercenter_batchedit_20260925_all_information_template_1.xlsx,97,1729441757499001820,Best Seller Jas Blazer Pria Formal Premium Pakaian Kantor Outfit Wisuda Pakaian Sidang Skripsi Casual Slimfit Pengantin Hitam,"Navy, XS",15894005218,exact_product,jas-p-nvy-xs
Tiktoksellercenter_batchedit_20260925_all_information_template_1.xlsx,98,1729441757499001820,Best Seller Jas Blazer Pria Formal Premium Pakaian Kantor Outfit Wisuda Pakaian Sidang Skripsi Casual Slimfit Pengantin Hitam,"Navy, S",15894005218,exact_product,jas-p-nvy-s
Tiktoksellercenter_batchedit_20260925_all_information_template_1.xlsx,99,1729441757499001820,Best Seller Jas Blazer Pria Formal Premium Pakaian Kantor Outfit Wisuda Pakaian Sidang Skripsi Casual Slimfit Pengantin Hitam,"Navy, M",15894005218,exact_product,jas-p-nvy-m
Tiktoksellercenter_batchedit_20260925_all_information_template_1.xlsx,100,1729441757499001820,Best Seller Jas Blazer Pria Formal Premium Pakaian Kantor Outfit Wisuda Pakaian Sidang Skripsi Casual Slimfit Pengantin Hitam,"Navy, L",15894005218,exact_product,jas-p-nvy-l
Tiktoksellercenter_batchedit_20260925_all_information_template_1.xlsx,101,1729441757499001820,Best Seller Jas Blazer Pria Formal Premium Pakaian Kantor Outfit Wisuda Pakaian Sidang Skripsi Casual Slimfit Pengantin Hitam,"Navy, XL",15894005218,exact_product,jas-p-nvy-xl
Tiktoksellercenter_batchedit_20260925_all_information_template_1.xlsx,102,1729441757499001820,Best Seller Jas Blazer Pria Formal Premium Pakaian Kantor Outfit Wisuda Pakaian Sidang Skripsi Casual Slimfit Pengantin Hitam,"Navy, XXL",15894005218,exact_product,jas-p-nvy-xxl
Tiktoksellercenter_batchedit_20260925_all_information_template_1.xlsx,103,1729441757499001820,Best Seller Jas Blazer Pria Formal Premium Pakaian Kantor Outfit Wisuda Pakaian Sidang Skripsi Casual Slimfit Pengantin Hitam,"Navy, XXXL",15894005218,exact_product,jas-p-nvy-xxxl
Tiktoksellercenter_batchedit_20260925_all_information_template_1.xlsx,104,1729441757499001820,Best Seller Jas Blazer Pria Formal Premium Pakaian Kantor Outfit Wisuda Pakaian Sidang Skripsi Casual Slimfit Pengantin Hitam,"Biru Langit, XS",15894005218,exact_product,jas-p-blg-xs
Tiktoksellercenter_batchedit_20260925_all_information_template_1.xlsx,105,1729441757499001820,Best Seller Jas Blazer Pria Formal Premium Pakaian Kantor Outfit Wisuda Pakaian Sidang Skripsi Casual Slimfit Pengantin Hitam,"Biru Langit, S",15894005218,exact_product,jas-p-blg-s
Tiktoksellercenter_batchedit_20260925_all_information_template_1.xlsx,106,1729441757499001820,Best Seller Jas Blazer Pria Formal Premium Pakaian Kantor Outfit Wisuda Pakaian Sidang Skripsi Casual Slimfit Pengantin Hitam,"Biru Langit, M",15894005218,exact_product,jas-p-blg-m
Tiktoksellercenter_batchedit_20260925_all_information_template_1.xlsx,107,1729441757499001820,Best Seller Jas Blazer Pria Formal Premium Pakaian Kantor Outfit Wisuda Pakaian Sidang Skripsi Casual Slimfit Pengantin Hitam,"Biru Langit, L",15894005218,exact_product,jas-p-blg-l
Tiktoksellercenter_batchedit_20260925_all_information_template_1.xlsx,108,1729441757499001820,Best Seller Jas Blazer Pria Formal Premium Pakaian Kantor Outfit Wisuda Pakaian Sidang Skripsi Casual Slimfit Pengantin Hitam,"Biru Langit, XL",15894005218,exact_product,jas-p-blg-xl
Tiktoksellercenter_batchedit_20260925_all_information_template_1.xlsx,109,1729441757499001820,Best Seller Jas Blazer Pria Formal Premium Pakaian Kantor Outfit Wisuda Pakaian Sidang Skripsi Casual Slimfit Pengantin Hitam,"Biru Langit, XXL",15894005218,exact_product,jas-p-blg-xxl
Tiktoksellercenter_batchedit_20260925_all_information_template_1.xlsx,110,1729441757499001820,Best Seller Jas Blazer Pria Formal Premium Pakaian Kantor Outfit Wisuda Pakaian Sidang Skripsi Casual Slimfit Pengantin Hitam,"Biru Langit, XXXL",15894005218,exact_product,jas-p-blg-xxxl
Tiktoksellercenter_batchedit_20260925_all_information_template_1.xlsx,111,1729441757499001820,Best Seller Jas Blazer Pria Formal Premium Pakaian Kantor Outfit Wisuda Pakaian Sidang Skripsi Casual Slimfit Pengantin Hitam,"Abu, XS",15894005218,exact_product,jas-p-abu-xs
Tiktoksellercenter_batchedit_20260925_all_information_template_1.xlsx,112,1729441757499001820,Best Seller Jas Blazer Pria Formal Premium Pakaian Kantor Outfit Wisuda Pakaian Sidang Skripsi Casual Slimfit Pengantin Hitam,"Abu, S",15894005218,exact_product,jas-p-abu-s
Tiktoksellercenter_batchedit_20260925_all_information_template_1.xlsx,113,1729441757499001820,Best Seller Jas Blazer Pria Formal Premium Pakaian Kantor Outfit Wisuda Pakaian Sidang Skripsi Casual Slimfit Pengantin Hitam,"Abu, M",15894005218,exact_product,jas-p-abu-m
Tiktoksellercenter_batchedit_20260925_all_information_template_1.xlsx,114,1729441757499001820,Best Seller Jas Blazer Pria Formal Premium Pakaian Kantor Outfit Wisuda Pakaian Sidang Skripsi Casual Slimfit Pengantin Hitam,"Abu, L",15894005218,exact_product,jas-p-abu-l
Tiktoksellercenter_batchedit_20260925_all_information_template_1.xlsx,115,1729441757499001820,Best Seller Jas Blazer Pria Formal Premium Pakaian Kantor Outfit Wisuda Pakaian Sidang Skripsi Casual Slimfit Pengantin Hitam,"Abu, XL",15894005218,exact_product,jas-p-abu-xl
Tiktoksellercenter_batchedit_20260925_all_information_template_1.xlsx,116,1729441757499001820,Best Seller Jas Blazer Pria Formal Premium Pakaian Kantor Outfit Wisuda Pakaian Sidang Skripsi Casual Slimfit Pengantin Hitam,"Abu, XXL",15894005218,exact_product,jas-p-abu-xxl
Tiktoksellercenter_batchedit_20260925_all_information_template_1.xlsx,117,1729441757499001820,Best Seller Jas Blazer Pria Formal Premium Pakaian Kantor Outfit Wisuda Pakaian Sidang Skripsi Casual Slimfit Pengantin Hitam,"Abu, XXXL",15894005218,exact_product,jas-p-abu-xxxl
Tiktoksellercenter_batchedit_20260925_all_information_template_1.xlsx,119,1729515703285615580,Best Seller Rompi Jas Pria Vest Blazer Jaket Rompi Pria Rompi Vest Blazer Jas Blazer Formal Pria Vest Formal Slim Fit,"Hitam, S",18735176975,exact_product,RMP-P-HTM-S
Tiktoksellercenter_batchedit_20260925_all_information_template_1.xlsx,120,1729515703285615580,Best Seller Rompi Jas Pria Vest Blazer Jaket Rompi Pria Rompi Vest Blazer Jas Blazer Formal Pria Vest Formal Slim Fit,"Hitam, M",18735176975,exact_product,RMP-P-HTM-M
Tiktoksellercenter_batchedit_20260925_all_information_template_1.xlsx,121,1729515703285615580,Best Seller Rompi Jas Pria Vest Blazer Jaket Rompi Pria Rompi Vest Blazer Jas Blazer Formal Pria Vest Formal Slim Fit,"Hitam, L",18735176975,exact_product,RMP-P-HTM-L
Tiktoksellercenter_batchedit_20260925_all_information_template_1.xlsx,122,1729515703285615580,Best Seller Rompi Jas Pria Vest Blazer Jaket Rompi Pria Rompi Vest Blazer Jas Blazer Formal Pria Vest Formal Slim Fit,"Hitam, XL",18735176975,exact_product,RMP-P-HTM-XL
Tiktoksellercenter_batchedit_20260925_all_information_template_1.xlsx,123,1729515703285615580,Best Seller Rompi Jas Pria Vest Blazer Jaket Rompi Pria Rompi Vest Blazer Jas Blazer Formal Pria Vest Formal Slim Fit,"Hitam, XXL",18735176975,exact_product,RMP-P-HTM-XXL
Tiktoksellercenter_batchedit_20260925_all_information_template_1.xlsx,124,1729515703285615580,Best Seller Rompi Jas Pria Vest Blazer Jaket Rompi Pria Rompi Vest Blazer Jas Blazer Formal Pria Vest Formal Slim Fit,"Hitam, XXXL",18735176975,exact_product,RMP-P-HTM-XXXL
Tiktoksellercenter_batchedit_20260925_all_information_template_1.xlsx,126,1729515703285615580,Best Seller Rompi Jas Pria Vest Blazer Jaket Rompi Pria Rompi Vest Blazer Jas Blazer Formal Pria Vest Formal Slim Fit,"Marun Muda, S",18735176975,exact_product,RMP-P-MMD-S
Tiktoksellercenter_batchedit_20260925_all_information_template_1.xlsx,127,1729515703285615580,Best Seller Rompi Jas Pria Vest Blazer Jaket Rompi Pria Rompi Vest Blazer Jas Blazer Formal Pria Vest Formal Slim Fit,"Marun Muda, M",18735176975,exact_product,RMP-P-MMD-M
Tiktoksellercenter_batchedit_20260925_all_information_template_1.xlsx,128,1729515703285615580,Best Seller Rompi Jas Pria Vest Blazer Jaket Rompi Pria Rompi Vest Blazer Jas Blazer Formal Pria Vest Formal Slim Fit,"Marun Muda, L",18735176975,exact_product,RMP-P-MMD-L
Tiktoksellercenter_batchedit_20260925_all_information_template_1.xlsx,129,1729515703285615580,Best Seller Rompi Jas Pria Vest Blazer Jaket Rompi Pria Rompi Vest Blazer Jas Blazer Formal Pria Vest Formal Slim Fit,"Marun Muda, XL",18735176975,exact_product,RMP-P-MMD-XL
Tiktoksellercenter_batchedit_20260925_all_information_template_1.xlsx,130,1729515703285615580,Best Seller Rompi Jas Pria Vest Blazer Jaket Rompi Pria Rompi Vest Blazer Jas Blazer Formal Pria Vest Formal Slim Fit,"Marun Muda, XXL",18735176975,exact_product,RMP-P-MMD-XXL
Tiktoksellercenter_batchedit_20260925_all_information_template_1.xlsx,131,1729515703285615580,Best Seller Rompi Jas Pria Vest Blazer Jaket Rompi Pria Rompi Vest Blazer Jas Blazer Formal Pria Vest Formal Slim Fit,"Marun Muda, XXXL",18735176975,exact_product,RMP-P-MMD-XXXL
Tiktoksellercenter_batchedit_20260925_all_information_template_1.xlsx,133,1729515703285615580,Best Seller Rompi Jas Pria Vest Blazer Jaket Rompi Pria Rompi Vest Blazer Jas Blazer Formal Pria Vest Formal Slim Fit,"Marun Tua, S",16123167377,validated_family_variant,rmp-p-mta-s
Tiktoksellercenter_batchedit_20260925_all_information_template_1.xlsx,134,1729515703285615580,Best Seller Rompi Jas Pria Vest Blazer Jaket Rompi Pria Rompi Vest Blazer Jas Blazer Formal Pria Vest Formal Slim Fit,"Marun Tua, M",16123167377,validated_family_variant,rmp-p-mta-m
Tiktoksellercenter_batchedit_20260925_all_information_template_1.xlsx,135,1729515703285615580,Best Seller Rompi Jas Pria Vest Blazer Jaket Rompi Pria Rompi Vest Blazer Jas Blazer Formal Pria Vest Formal Slim Fit,"Marun Tua, L",16123167377,validated_family_variant,rmp-p-mta-l
Tiktoksellercenter_batchedit_20260925_all_information_template_1.xlsx,136,1729515703285615580,Best Seller Rompi Jas Pria Vest Blazer Jaket Rompi Pria Rompi Vest Blazer Jas Blazer Formal Pria Vest Formal Slim Fit,"Marun Tua, XL",16123167377,validated_family_variant,rmp-p-mta-xl
Tiktoksellercenter_batchedit_20260925_all_information_template_1.xlsx,137,1729515703285615580,Best Seller Rompi Jas Pria Vest Blazer Jaket Rompi Pria Rompi Vest Blazer Jas Blazer Formal Pria Vest Formal Slim Fit,"Marun Tua, XXL",16123167377,validated_family_variant,rmp-p-mta-xxl
Tiktoksellercenter_batchedit_20260925_all_information_template_1.xlsx,138,1729515703285615580,Best Seller Rompi Jas Pria Vest Blazer Jaket Rompi Pria Rompi Vest Blazer Jas Blazer Formal Pria Vest Formal Slim Fit,"Marun Tua, XXXL",16123167377,validated_family_variant,rmp-p-mta-xxxl
Tiktoksellercenter_batchedit_20260925_all_information_template_1.xlsx,140,1729515703285615580,Best Seller Rompi Jas Pria Vest Blazer Jaket Rompi Pria Rompi Vest Blazer Jas Blazer Formal Pria Vest Formal Slim Fit,"Abu, S",18735176975,exact_product,RMP-P-ABU-S
Tiktoksellercenter_batchedit_20260925_all_information_template_1.xlsx,141,1729515703285615580,Best Seller Rompi Jas Pria Vest Blazer Jaket Rompi Pria Rompi Vest Blazer Jas Blazer Formal Pria Vest Formal Slim Fit,"Abu, M",18735176975,exact_product,RMP-P-ABU-M
Tiktoksellercenter_batchedit_20260925_all_information_template_1.xlsx,142,1729515703285615580,Best Seller Rompi Jas Pria Vest Blazer Jaket Rompi Pria Rompi Vest Blazer Jas Blazer Formal Pria Vest Formal Slim Fit,"Abu, L",18735176975,exact_product,RMP-P-ABU-L
Tiktoksellercenter_batchedit_20260925_all_information_template_1.xlsx,143,1729515703285615580,Best Seller Rompi Jas Pria Vest Blazer Jaket Rompi Pria Rompi Vest Blazer Jas Blazer Formal Pria Vest Formal Slim Fit,"Abu, XL",18735176975,exact_product,RMP-P-ABU-XL
Tiktoksellercenter_batchedit_20260925_all_information_template_1.xlsx,144,1729515703285615580,Best Seller Rompi Jas Pria Vest Blazer Jaket Rompi Pria Rompi Vest Blazer Jas Blazer Formal Pria Vest Formal Slim Fit,"Abu, XXL",18735176975,exact_product,RMP-P-ABU-XXL
Tiktoksellercenter_batchedit_20260925_all_information_template_1.xlsx,145,1729515703285615580,Best Seller Rompi Jas Pria Vest Blazer Jaket Rompi Pria Rompi Vest Blazer Jas Blazer Formal Pria Vest Formal Slim Fit,"Abu, XXXL",18735176975,exact_product,RMP-P-ABU-XXXL
Tiktoksellercenter_batchedit_20260925_all_information_template_1.xlsx,147,1729515703285615580,Best Seller Rompi Jas Pria Vest Blazer Jaket Rompi Pria Rompi Vest Blazer Jas Blazer Formal Pria Vest Formal Slim Fit,"Navy, S",18735176975,exact_product,RMP-P-NVY-S
Tiktoksellercenter_batchedit_20260925_all_information_template_1.xlsx,148,1729515703285615580,Best Seller Rompi Jas Pria Vest Blazer Jaket Rompi Pria Rompi Vest Blazer Jas Blazer Formal Pria Vest Formal Slim Fit,"Navy, M",18735176975,exact_product,RMP-P-NVY-M
Tiktoksellercenter_batchedit_20260925_all_information_template_1.xlsx,149,1729515703285615580,Best Seller Rompi Jas Pria Vest Blazer Jaket Rompi Pria Rompi Vest Blazer Jas Blazer Formal Pria Vest Formal Slim Fit,"Navy, L",18735176975,exact_product,RMP-P-NVY-L
Tiktoksellercenter_batchedit_20260925_all_information_template_1.xlsx,150,1729515703285615580,Best Seller Rompi Jas Pria Vest Blazer Jaket Rompi Pria Rompi Vest Blazer Jas Blazer Formal Pria Vest Formal Slim Fit,"Navy, XL",18735176975,exact_product,RMP-P-NVY-XL
Tiktoksellercenter_batchedit_20260925_all_information_template_1.xlsx,151,1729515703285615580,Best Seller Rompi Jas Pria Vest Blazer Jaket Rompi Pria Rompi Vest Blazer Jas Blazer Formal Pria Vest Formal Slim Fit,"Navy, XXL",18735176975,exact_product,RMP-P-NVY-XXL
Tiktoksellercenter_batchedit_20260925_all_information_template_1.xlsx,152,1729515703285615580,Best Seller Rompi Jas Pria Vest Blazer Jaket Rompi Pria Rompi Vest Blazer Jas Blazer Formal Pria Vest Formal Slim Fit,"Navy, XXXL",18735176975,exact_product,RMP-P-NVY-XXXL
Tiktoksellercenter_batchedit_20260925_all_information_template_1.xlsx,154,1729515703285615580,Best Seller Rompi Jas Pria Vest Blazer Jaket Rompi Pria Rompi Vest Blazer Jas Blazer Formal Pria Vest Formal Slim Fit,"Biru Langit, S",16123167377,validated_family_variant,rmp-p-blg-s
Tiktoksellercenter_batchedit_20260925_all_information_template_1.xlsx,155,1729515703285615580,Best Seller Rompi Jas Pria Vest Blazer Jaket Rompi Pria Rompi Vest Blazer Jas Blazer Formal Pria Vest Formal Slim Fit,"Biru Langit, M",16123167377,validated_family_variant,rmp-p-blg-m
Tiktoksellercenter_batchedit_20260925_all_information_template_1.xlsx,156,1729515703285615580,Best Seller Rompi Jas Pria Vest Blazer Jaket Rompi Pria Rompi Vest Blazer Jas Blazer Formal Pria Vest Formal Slim Fit,"Biru Langit, L",16123167377,validated_family_variant,rmp-p-blg-l
Tiktoksellercenter_batchedit_20260925_all_information_template_1.xlsx,157,1729515703285615580,Best Seller Rompi Jas Pria Vest Blazer Jaket Rompi Pria Rompi Vest Blazer Jas Blazer Formal Pria Vest Formal Slim Fit,"Biru Langit, XL",16123167377,validated_family_variant,rmp-p-blg-xl
Tiktoksellercenter_batchedit_20260925_all_information_template_1.xlsx,158,1729515703285615580,Best Seller Rompi Jas Pria Vest Blazer Jaket Rompi Pria Rompi Vest Blazer Jas Blazer Formal Pria Vest Formal Slim Fit,"Biru Langit, XXL",16123167377,validated_family_variant,rmp-p-blg-xxl
Tiktoksellercenter_batchedit_20260925_all_information_template_1.xlsx,159,1729515703285615580,Best Seller Rompi Jas Pria Vest Blazer Jaket Rompi Pria Rompi Vest Blazer Jas Blazer Formal Pria Vest Formal Slim Fit,"Biru Langit, XXXL",16123167377,validated_family_variant,rmp-p-blg-xxxl
Tiktoksellercenter_batchedit_20260925_all_information_template_1.xlsx,161,1729515703285615580,Best Seller Rompi Jas Pria Vest Blazer Jaket Rompi Pria Rompi Vest Blazer Jas Blazer Formal Pria Vest Formal Slim Fit,"Putih, S",16123167377,validated_family_variant,rmp-p-pth-s
Tiktoksellercenter_batchedit_20260925_all_information_template_1.xlsx,162,1729515703285615580,Best Seller Rompi Jas Pria Vest Blazer Jaket Rompi Pria Rompi Vest Blazer Jas Blazer Formal Pria Vest Formal Slim Fit,"Putih, M",16123167377,validated_family_variant,rmp-p-pth-m
Tiktoksellercenter_batchedit_20260925_all_information_template_1.xlsx,163,1729515703285615580,Best Seller Rompi Jas Pria Vest Blazer Jaket Rompi Pria Rompi Vest Blazer Jas Blazer Formal Pria Vest Formal Slim Fit,"Putih, L",16123167377,validated_family_variant,rmp-p-pth-l
Tiktoksellercenter_batchedit_20260925_all_information_template_1.xlsx,164,1729515703285615580,Best Seller Rompi Jas Pria Vest Blazer Jaket Rompi Pria Rompi Vest Blazer Jas Blazer Formal Pria Vest Formal Slim Fit,"Putih, XL",16123167377,validated_family_variant,rmp-p-pth-xl
Tiktoksellercenter_batchedit_20260925_all_information_template_1.xlsx,165,1729515703285615580,Best Seller Rompi Jas Pria Vest Blazer Jaket Rompi Pria Rompi Vest Blazer Jas Blazer Formal Pria Vest Formal Slim Fit,"Putih, XXL",16123167377,validated_family_variant,rmp-p-pth-xxl
Tiktoksellercenter_batchedit_20260925_all_information_template_1.xlsx,166,1729515703285615580,Best Seller Rompi Jas Pria Vest Blazer Jaket Rompi Pria Rompi Vest Blazer Jas Blazer Formal Pria Vest Formal Slim Fit,"Putih, XXXL",16123167377,validated_family_variant,rmp-p-pth-xxxl
Tiktoksellercenter_batchedit_20260925_all_information_template_1.xlsx,168,1729515703285615580,Best Seller Rompi Jas Pria Vest Blazer Jaket Rompi Pria Rompi Vest Blazer Jas Blazer Formal Pria Vest Formal Slim Fit,"Moka, S",16123167377,validated_family_variant,rmp-p-moka-s
Tiktoksellercenter_batchedit_20260925_all_information_template_1.xlsx,169,1729515703285615580,Best Seller Rompi Jas Pria Vest Blazer Jaket Rompi Pria Rompi Vest Blazer Jas Blazer Formal Pria Vest Formal Slim Fit,"Moka, M",16123167377,validated_family_variant,rmp-p-moka-m
Tiktoksellercenter_batchedit_20260925_all_information_template_1.xlsx,170,1729515703285615580,Best Seller Rompi Jas Pria Vest Blazer Jaket Rompi Pria Rompi Vest Blazer Jas Blazer Formal Pria Vest Formal Slim Fit,"Moka, L",16123167377,validated_family_variant,rmp-p-moka-l
Tiktoksellercenter_batchedit_20260925_all_information_template_1.xlsx,171,1729515703285615580,Best Seller Rompi Jas Pria Vest Blazer Jaket Rompi Pria Rompi Vest Blazer Jas Blazer Formal Pria Vest Formal Slim Fit,"Moka, XL",16123167377,validated_family_variant,rmp-p-moka-xl
Tiktoksellercenter_batchedit_20260925_all_information_template_1.xlsx,172,1729515703285615580,Best Seller Rompi Jas Pria Vest Blazer Jaket Rompi Pria Rompi Vest Blazer Jas Blazer Formal Pria Vest Formal Slim Fit,"Moka, XXL",16123167377,validated_family_variant,rmp-p-moka-xxl
Tiktoksellercenter_batchedit_20260925_all_information_template_1.xlsx,173,1729515703285615580,Best Seller Rompi Jas Pria Vest Blazer Jaket Rompi Pria Rompi Vest Blazer Jas Blazer Formal Pria Vest Formal Slim Fit,"Moka, XXXL",16123167377,validated_family_variant,rmp-p-moka-xxxl
Tiktoksellercenter_batchedit_20260925_all_information_template_1.xlsx,175,1729515703285615580,Best Seller Rompi Jas Pria Vest Blazer Jaket Rompi Pria Rompi Vest Blazer Jas Blazer Formal Pria Vest Formal Slim Fit,"Merah Cabe, S",16123167377,validated_family_variant,rmp-p-mcb-s
Tiktoksellercenter_batchedit_20260925_all_information_template_1.xlsx,176,1729515703285615580,Best Seller Rompi Jas Pria Vest Blazer Jaket Rompi Pria Rompi Vest Blazer Jas Blazer Formal Pria Vest Formal Slim Fit,"Merah Cabe, M",16123167377,validated_family_variant,rmp-p-mcb-m
Tiktoksellercenter_batchedit_20260925_all_information_template_1.xlsx,177,1729515703285615580,Best Seller Rompi Jas Pria Vest Blazer Jaket Rompi Pria Rompi Vest Blazer Jas Blazer Formal Pria Vest Formal Slim Fit,"Merah Cabe, L",16123167377,validated_family_variant,rmp-p-mcb-l
Tiktoksellercenter_batchedit_20260925_all_information_template_1.xlsx,178,1729515703285615580,Best Seller Rompi Jas Pria Vest Blazer Jaket Rompi Pria Rompi Vest Blazer Jas Blazer Formal Pria Vest Formal Slim Fit,"Merah Cabe, XL",16123167377,validated_family_variant,rmp-p-mcb-xl
Tiktoksellercenter_batchedit_20260925_all_information_template_1.xlsx,179,1729515703285615580,Best Seller Rompi Jas Pria Vest Blazer Jaket Rompi Pria Rompi Vest Blazer Jas Blazer Formal Pria Vest Formal Slim Fit,"Merah Cabe, XXL",16123167377,validated_family_variant,rmp-p-mcb-xxl
Tiktoksellercenter_batchedit_20260925_all_information_template_1.xlsx,180,1729515703285615580,Best Seller Rompi Jas Pria Vest Blazer Jaket Rompi Pria Rompi Vest Blazer Jas Blazer Formal Pria Vest Formal Slim Fit,"Merah Cabe, XXXL",16123167377,validated_family_variant,rmp-p-mcb-xxxl
Tiktoksellercenter_batchedit_20260925_all_information_template_1.xlsx,182,1729515703285615580,Best Seller Rompi Jas Pria Vest Blazer Jaket Rompi Pria Rompi Vest Blazer Jas Blazer Formal Pria Vest Formal Slim Fit,"Coklat Mahogani, S",16123167377,validated_family_variant,rmp-p-cmh-s
Tiktoksellercenter_batchedit_20260925_all_information_template_1.xlsx,183,1729515703285615580,Best Seller Rompi Jas Pria Vest Blazer Jaket Rompi Pria Rompi Vest Blazer Jas Blazer Formal Pria Vest Formal Slim Fit,"Coklat Mahogani, M",16123167377,validated_family_variant,rmp-p-cmh-m
Tiktoksellercenter_batchedit_20260925_all_information_template_1.xlsx,184,1729515703285615580,Best Seller Rompi Jas Pria Vest Blazer Jaket Rompi Pria Rompi Vest Blazer Jas Blazer Formal Pria Vest Formal Slim Fit,"Coklat Mahogani, L",16123167377,validated_family_variant,rmp-p-cmh-l
Tiktoksellercenter_batchedit_20260925_all_information_template_1.xlsx,185,1729515703285615580,Best Seller Rompi Jas Pria Vest Blazer Jaket Rompi Pria Rompi Vest Blazer Jas Blazer Formal Pria Vest Formal Slim Fit,"Coklat Mahogani, XL",16123167377,validated_family_variant,rmp-p-cmh-xl
Tiktoksellercenter_batchedit_20260925_all_information_template_1.xlsx,186,1729515703285615580,Best Seller Rompi Jas Pria Vest Blazer Jaket Rompi Pria Rompi Vest Blazer Jas Blazer Formal Pria Vest Formal Slim Fit,"Coklat Mahogani, XXL",16123167377,validated_family_variant,rmp-p-cmh-xxl
Tiktoksellercenter_batchedit_20260925_all_information_template_1.xlsx,187,1729515703285615580,Best Seller Rompi Jas Pria Vest Blazer Jaket Rompi Pria Rompi Vest Blazer Jas Blazer Formal Pria Vest Formal Slim Fit,"Coklat Mahogani, XXXL",16123167377,validated_family_variant,rmp-p-cmh-xxxl
Tiktoksellercenter_batchedit_20260925_all_information_template_1.xlsx,189,1729601659603553244,Best Seller Rompi Jas Pria Slimfit Bahan Premium Rompi Formal Pria Vest Pria Formal Vest Blazer Rompi Vest Pria Ves Formal,"Hitam, S",16123167377,exact_product,rmp-p-htm-s
Tiktoksellercenter_batchedit_20260925_all_information_template_1.xlsx,190,1729601659603553244,Best Seller Rompi Jas Pria Slimfit Bahan Premium Rompi Formal Pria Vest Pria Formal Vest Blazer Rompi Vest Pria Ves Formal,"Hitam, M",16123167377,exact_product,rmp-p-htm-m
Tiktoksellercenter_batchedit_20260925_all_information_template_1.xlsx,191,1729601659603553244,Best Seller Rompi Jas Pria Slimfit Bahan Premium Rompi Formal Pria Vest Pria Formal Vest Blazer Rompi Vest Pria Ves Formal,"Hitam, L",16123167377,exact_product,rmp-p-htm-l
Tiktoksellercenter_batchedit_20260925_all_information_template_1.xlsx,192,1729601659603553244,Best Seller Rompi Jas Pria Slimfit Bahan Premium Rompi Formal Pria Vest Pria Formal Vest Blazer Rompi Vest Pria Ves Formal,"Hitam, XL",16123167377,exact_product,rmp-p-htm-xl
Tiktoksellercenter_batchedit_20260925_all_information_template_1.xlsx,193,1729601659603553244,Best Seller Rompi Jas Pria Slimfit Bahan Premium Rompi Formal Pria Vest Pria Formal Vest Blazer Rompi Vest Pria Ves Formal,"Hitam, XXL",16123167377,exact_product,rmp-p-htm-xxl
Tiktoksellercenter_batchedit_20260925_all_information_template_1.xlsx,194,1729601659603553244,Best Seller Rompi Jas Pria Slimfit Bahan Premium Rompi Formal Pria Vest Pria Formal Vest Blazer Rompi Vest Pria Ves Formal,"Hitam, XXXL",16123167377,exact_product,rmp-p-htm-xxxl
Tiktoksellercenter_batchedit_20260925_all_information_template_1.xlsx,196,1729601659603553244,Best Seller Rompi Jas Pria Slimfit Bahan Premium Rompi Formal Pria Vest Pria Formal Vest Blazer Rompi Vest Pria Ves Formal,"Abu, S",16123167377,exact_product,rmp-p-abu-s
Tiktoksellercenter_batchedit_20260925_all_information_template_1.xlsx,197,1729601659603553244,Best Seller Rompi Jas Pria Slimfit Bahan Premium Rompi Formal Pria Vest Pria Formal Vest Blazer Rompi Vest Pria Ves Formal,"Abu, M",18735176975,validated_family_variant,RMP-P-ABU-M
Tiktoksellercenter_batchedit_20260925_all_information_template_1.xlsx,198,1729601659603553244,Best Seller Rompi Jas Pria Slimfit Bahan Premium Rompi Formal Pria Vest Pria Formal Vest Blazer Rompi Vest Pria Ves Formal,"Abu, L",18735176975,validated_family_variant,RMP-P-ABU-L
Tiktoksellercenter_batchedit_20260925_all_information_template_1.xlsx,199,1729601659603553244,Best Seller Rompi Jas Pria Slimfit Bahan Premium Rompi Formal Pria Vest Pria Formal Vest Blazer Rompi Vest Pria Ves Formal,"Abu, XL",18735176975,validated_family_variant,RMP-P-ABU-XL
Tiktoksellercenter_batchedit_20260925_all_information_template_1.xlsx,200,1729601659603553244,Best Seller Rompi Jas Pria Slimfit Bahan Premium Rompi Formal Pria Vest Pria Formal Vest Blazer Rompi Vest Pria Ves Formal,"Abu, XXL",18735176975,validated_family_variant,RMP-P-ABU-XXL
Tiktoksellercenter_batchedit_20260925_all_information_template_1.xlsx,201,1729601659603553244,Best Seller Rompi Jas Pria Slimfit Bahan Premium Rompi Formal Pria Vest Pria Formal Vest Blazer Rompi Vest Pria Ves Formal,"Abu, XXXL",18735176975,validated_family_variant,RMP-P-ABU-XXXL
Tiktoksellercenter_batchedit_20260925_all_information_template_1.xlsx,203,1729601659603553244,Best Seller Rompi Jas Pria Slimfit Bahan Premium Rompi Formal Pria Vest Pria Formal Vest Blazer Rompi Vest Pria Ves Formal,"Marun Tua, S",16123167377,exact_product,rmp-p-mta-s
Tiktoksellercenter_batchedit_20260925_all_information_template_1.xlsx,204,1729601659603553244,Best Seller Rompi Jas Pria Slimfit Bahan Premium Rompi Formal Pria Vest Pria Formal Vest Blazer Rompi Vest Pria Ves Formal,"Marun Tua, M",16123167377,exact_product,rmp-p-mta-m
Tiktoksellercenter_batchedit_20260925_all_information_template_1.xlsx,205,1729601659603553244,Best Seller Rompi Jas Pria Slimfit Bahan Premium Rompi Formal Pria Vest Pria Formal Vest Blazer Rompi Vest Pria Ves Formal,"Marun Tua, L",16123167377,exact_product,rmp-p-mta-l
Tiktoksellercenter_batchedit_20260925_all_information_template_1.xlsx,206,1729601659603553244,Best Seller Rompi Jas Pria Slimfit Bahan Premium Rompi Formal Pria Vest Pria Formal Vest Blazer Rompi Vest Pria Ves Formal,"Marun Tua, XL",16123167377,exact_product,rmp-p-mta-xl
Tiktoksellercenter_batchedit_20260925_all_information_template_1.xlsx,207,1729601659603553244,Best Seller Rompi Jas Pria Slimfit Bahan Premium Rompi Formal Pria Vest Pria Formal Vest Blazer Rompi Vest Pria Ves Formal,"Marun Tua, XXL",16123167377,exact_product,rmp-p-mta-xxl
Tiktoksellercenter_batchedit_20260925_all_information_template_1.xlsx,208,1729601659603553244,Best Seller Rompi Jas Pria Slimfit Bahan Premium Rompi Formal Pria Vest Pria Formal Vest Blazer Rompi Vest Pria Ves Formal,"Marun Tua, XXXL",16123167377,exact_product,rmp-p-mta-xxxl
Tiktoksellercenter_batchedit_20260925_all_information_template_1.xlsx,210,1729601659603553244,Best Seller Rompi Jas Pria Slimfit Bahan Premium Rompi Formal Pria Vest Pria Formal Vest Blazer Rompi Vest Pria Ves Formal,"Marun Muda, S",16123167377,exact_product,rmp-p-mmd-s
Tiktoksellercenter_batchedit_20260925_all_information_template_1.xlsx,211,1729601659603553244,Best Seller Rompi Jas Pria Slimfit Bahan Premium Rompi Formal Pria Vest Pria Formal Vest Blazer Rompi Vest Pria Ves Formal,"Marun Muda, M",16123167377,exact_product,rmp-p-mmd-m
Tiktoksellercenter_batchedit_20260925_all_information_template_1.xlsx,212,1729601659603553244,Best Seller Rompi Jas Pria Slimfit Bahan Premium Rompi Formal Pria Vest Pria Formal Vest Blazer Rompi Vest Pria Ves Formal,"Marun Muda, L",16123167377,exact_product,rmp-p-mmd-l
Tiktoksellercenter_batchedit_20260925_all_information_template_1.xlsx,213,1729601659603553244,Best Seller Rompi Jas Pria Slimfit Bahan Premium Rompi Formal Pria Vest Pria Formal Vest Blazer Rompi Vest Pria Ves Formal,"Marun Muda, XL",16123167377,exact_product,rmp-p-mmd-xl
Tiktoksellercenter_batchedit_20260925_all_information_template_1.xlsx,214,1729601659603553244,Best Seller Rompi Jas Pria Slimfit Bahan Premium Rompi Formal Pria Vest Pria Formal Vest Blazer Rompi Vest Pria Ves Formal,"Marun Muda, XXL",16123167377,exact_product,rmp-p-mmd-xxl
Tiktoksellercenter_batchedit_20260925_all_information_template_1.xlsx,215,1729601659603553244,Best Seller Rompi Jas Pria Slimfit Bahan Premium Rompi Formal Pria Vest Pria Formal Vest Blazer Rompi Vest Pria Ves Formal,"Marun Muda, XXXL",16123167377,exact_product,rmp-p-mmd-xxxl
Tiktoksellercenter_batchedit_20260925_all_information_template_1.xlsx,217,1729601659603553244,Best Seller Rompi Jas Pria Slimfit Bahan Premium Rompi Formal Pria Vest Pria Formal Vest Blazer Rompi Vest Pria Ves Formal,"Navy, S",16123167377,exact_product,rmp-p-nvy-s
Tiktoksellercenter_batchedit_20260925_all_information_template_1.xlsx,218,1729601659603553244,Best Seller Rompi Jas Pria Slimfit Bahan Premium Rompi Formal Pria Vest Pria Formal Vest Blazer Rompi Vest Pria Ves Formal,"Navy, M",16123167377,exact_product,rmp-p-nvy-m
Tiktoksellercenter_batchedit_20260925_all_information_template_1.xlsx,219,1729601659603553244,Best Seller Rompi Jas Pria Slimfit Bahan Premium Rompi Formal Pria Vest Pria Formal Vest Blazer Rompi Vest Pria Ves Formal,"Navy, L",16123167377,exact_product,rmp-p-nvy-l
Tiktoksellercenter_batchedit_20260925_all_information_template_1.xlsx,220,1729601659603553244,Best Seller Rompi Jas Pria Slimfit Bahan Premium Rompi Formal Pria Vest Pria Formal Vest Blazer Rompi Vest Pria Ves Formal,"Navy, XL",16123167377,exact_product,rmp-p-nvy-xl
Tiktoksellercenter_batchedit_20260925_all_information_template_1.xlsx,221,1729601659603553244,Best Seller Rompi Jas Pria Slimfit Bahan Premium Rompi Formal Pria Vest Pria Formal Vest Blazer Rompi Vest Pria Ves Formal,"Navy, XXL",16123167377,exact_product,rmp-p-nvy-xxl
Tiktoksellercenter_batchedit_20260925_all_information_template_1.xlsx,222,1729601659603553244,Best Seller Rompi Jas Pria Slimfit Bahan Premium Rompi Formal Pria Vest Pria Formal Vest Blazer Rompi Vest Pria Ves Formal,"Navy, XXXL",16123167377,exact_product,rmp-p-nvy-xxxl
Tiktoksellercenter_batchedit_20260925_all_information_template_1.xlsx,224,1729601659603553244,Best Seller Rompi Jas Pria Slimfit Bahan Premium Rompi Formal Pria Vest Pria Formal Vest Blazer Rompi Vest Pria Ves Formal,"Biru Langit, S",16123167377,exact_product,rmp-p-blg-s
Tiktoksellercenter_batchedit_20260925_all_information_template_1.xlsx,225,1729601659603553244,Best Seller Rompi Jas Pria Slimfit Bahan Premium Rompi Formal Pria Vest Pria Formal Vest Blazer Rompi Vest Pria Ves Formal,"Biru Langit, M",16123167377,exact_product,rmp-p-blg-m
Tiktoksellercenter_batchedit_20260925_all_information_template_1.xlsx,226,1729601659603553244,Best Seller Rompi Jas Pria Slimfit Bahan Premium Rompi Formal Pria Vest Pria Formal Vest Blazer Rompi Vest Pria Ves Formal,"Biru Langit, L",16123167377,exact_product,rmp-p-blg-l
Tiktoksellercenter_batchedit_20260925_all_information_template_1.xlsx,227,1729601659603553244,Best Seller Rompi Jas Pria Slimfit Bahan Premium Rompi Formal Pria Vest Pria Formal Vest Blazer Rompi Vest Pria Ves Formal,"Biru Langit, XL",16123167377,exact_product,rmp-p-blg-xl
Tiktoksellercenter_batchedit_20260925_all_information_template_1.xlsx,228,1729601659603553244,Best Seller Rompi Jas Pria Slimfit Bahan Premium Rompi Formal Pria Vest Pria Formal Vest Blazer Rompi Vest Pria Ves Formal,"Biru Langit, XXL",16123167377,exact_product,rmp-p-blg-xxl
Tiktoksellercenter_batchedit_20260925_all_information_template_1.xlsx,229,1729601659603553244,Best Seller Rompi Jas Pria Slimfit Bahan Premium Rompi Formal Pria Vest Pria Formal Vest Blazer Rompi Vest Pria Ves Formal,"Biru Langit, XXXL",16123167377,exact_product,rmp-p-blg-xxxl
Tiktoksellercenter_batchedit_20260925_all_information_template_1.xlsx,231,1729601659603553244,Best Seller Rompi Jas Pria Slimfit Bahan Premium Rompi Formal Pria Vest Pria Formal Vest Blazer Rompi Vest Pria Ves Formal,"Coklat Mahogani, S",16123167377,exact_product,rmp-p-cmh-s
Tiktoksellercenter_batchedit_20260925_all_information_template_1.xlsx,232,1729601659603553244,Best Seller Rompi Jas Pria Slimfit Bahan Premium Rompi Formal Pria Vest Pria Formal Vest Blazer Rompi Vest Pria Ves Formal,"Coklat Mahogani, M",16123167377,exact_product,rmp-p-cmh-m
Tiktoksellercenter_batchedit_20260925_all_information_template_1.xlsx,233,1729601659603553244,Best Seller Rompi Jas Pria Slimfit Bahan Premium Rompi Formal Pria Vest Pria Formal Vest Blazer Rompi Vest Pria Ves Formal,"Coklat Mahogani, L",16123167377,exact_product,rmp-p-cmh-l
Tiktoksellercenter_batchedit_20260925_all_information_template_1.xlsx,234,1729601659603553244,Best Seller Rompi Jas Pria Slimfit Bahan Premium Rompi Formal Pria Vest Pria Formal Vest Blazer Rompi Vest Pria Ves Formal,"Coklat Mahogani, XL",16123167377,exact_product,rmp-p-cmh-xl
Tiktoksellercenter_batchedit_20260925_all_information_template_1.xlsx,235,1729601659603553244,Best Seller Rompi Jas Pria Slimfit Bahan Premium Rompi Formal Pria Vest Pria Formal Vest Blazer Rompi Vest Pria Ves Formal,"Coklat Mahogani, XXL",16123167377,exact_product,rmp-p-cmh-xxl
Tiktoksellercenter_batchedit_20260925_all_information_template_1.xlsx,236,1729601659603553244,Best Seller Rompi Jas Pria Slimfit Bahan Premium Rompi Formal Pria Vest Pria Formal Vest Blazer Rompi Vest Pria Ves Formal,"Coklat Mahogani, XXXL",16123167377,exact_product,rmp-p-cmh-xxxl
Tiktoksellercenter_batchedit_20260925_all_information_template_1.xlsx,238,1729601659603553244,Best Seller Rompi Jas Pria Slimfit Bahan Premium Rompi Formal Pria Vest Pria Formal Vest Blazer Rompi Vest Pria Ves Formal,"Putih, S",16123167377,exact_product,rmp-p-pth-s
Tiktoksellercenter_batchedit_20260925_all_information_template_1.xlsx,239,1729601659603553244,Best Seller Rompi Jas Pria Slimfit Bahan Premium Rompi Formal Pria Vest Pria Formal Vest Blazer Rompi Vest Pria Ves Formal,"Putih, M",16123167377,exact_product,rmp-p-pth-m
Tiktoksellercenter_batchedit_20260925_all_information_template_1.xlsx,240,1729601659603553244,Best Seller Rompi Jas Pria Slimfit Bahan Premium Rompi Formal Pria Vest Pria Formal Vest Blazer Rompi Vest Pria Ves Formal,"Putih, L",16123167377,exact_product,rmp-p-pth-l
Tiktoksellercenter_batchedit_20260925_all_information_template_1.xlsx,241,1729601659603553244,Best Seller Rompi Jas Pria Slimfit Bahan Premium Rompi Formal Pria Vest Pria Formal Vest Blazer Rompi Vest Pria Ves Formal,"Putih, XL",16123167377,exact_product,rmp-p-pth-xl
Tiktoksellercenter_batchedit_20260925_all_information_template_1.xlsx,242,1729601659603553244,Best Seller Rompi Jas Pria Slimfit Bahan Premium Rompi Formal Pria Vest Pria Formal Vest Blazer Rompi Vest Pria Ves Formal,"Putih, XXL",16123167377,exact_product,rmp-p-pth-xxl
Tiktoksellercenter_batchedit_20260925_all_information_template_1.xlsx,243,1729601659603553244,Best Seller Rompi Jas Pria Slimfit Bahan Premium Rompi Formal Pria Vest Pria Formal Vest Blazer Rompi Vest Pria Ves Formal,"Putih, XXXL",16123167377,exact_product,rmp-p-pth-xxxl
Tiktoksellercenter_batchedit_20260925_all_information_template_1.xlsx,245,1729601659603553244,Best Seller Rompi Jas Pria Slimfit Bahan Premium Rompi Formal Pria Vest Pria Formal Vest Blazer Rompi Vest Pria Ves Formal,"Merah Cabe, S",16123167377,exact_product,rmp-p-mcb-s
Tiktoksellercenter_batchedit_20260925_all_information_template_1.xlsx,246,1729601659603553244,Best Seller Rompi Jas Pria Slimfit Bahan Premium Rompi Formal Pria Vest Pria Formal Vest Blazer Rompi Vest Pria Ves Formal,"Merah Cabe, M",16123167377,exact_product,rmp-p-mcb-m
Tiktoksellercenter_batchedit_20260925_all_information_template_1.xlsx,247,1729601659603553244,Best Seller Rompi Jas Pria Slimfit Bahan Premium Rompi Formal Pria Vest Pria Formal Vest Blazer Rompi Vest Pria Ves Formal,"Merah Cabe, L",16123167377,exact_product,rmp-p-mcb-l
Tiktoksellercenter_batchedit_20260925_all_information_template_1.xlsx,248,1729601659603553244,Best Seller Rompi Jas Pria Slimfit Bahan Premium Rompi Formal Pria Vest Pria Formal Vest Blazer Rompi Vest Pria Ves Formal,"Merah Cabe, XL",16123167377,exact_product,rmp-p-mcb-xl
Tiktoksellercenter_batchedit_20260925_all_information_template_1.xlsx,249,1729601659603553244,Best Seller Rompi Jas Pria Slimfit Bahan Premium Rompi Formal Pria Vest Pria Formal Vest Blazer Rompi Vest Pria Ves Formal,"Merah Cabe, XXL",16123167377,exact_product,rmp-p-mcb-xxl
Tiktoksellercenter_batchedit_20260925_all_information_template_1.xlsx,250,1729601659603553244,Best Seller Rompi Jas Pria Slimfit Bahan Premium Rompi Formal Pria Vest Pria Formal Vest Blazer Rompi Vest Pria Ves Formal,"Merah Cabe, XXXL",16123167377,exact_product,rmp-p-mcb-xxxl
Tiktoksellercenter_batchedit_20260925_all_information_template_1.xlsx,252,1729601659603553244,Best Seller Rompi Jas Pria Slimfit Bahan Premium Rompi Formal Pria Vest Pria Formal Vest Blazer Rompi Vest Pria Ves Formal,"Moka, S",16123167377,exact_product,rmp-p-moka-s
Tiktoksellercenter_batchedit_20260925_all_information_template_1.xlsx,253,1729601659603553244,Best Seller Rompi Jas Pria Slimfit Bahan Premium Rompi Formal Pria Vest Pria Formal Vest Blazer Rompi Vest Pria Ves Formal,"Moka, M",16123167377,exact_product,rmp-p-moka-m
Tiktoksellercenter_batchedit_20260925_all_information_template_1.xlsx,254,1729601659603553244,Best Seller Rompi Jas Pria Slimfit Bahan Premium Rompi Formal Pria Vest Pria Formal Vest Blazer Rompi Vest Pria Ves Formal,"Moka, L",16123167377,exact_product,rmp-p-moka-l
Tiktoksellercenter_batchedit_20260925_all_information_template_1.xlsx,255,1729601659603553244,Best Seller Rompi Jas Pria Slimfit Bahan Premium Rompi Formal Pria Vest Pria Formal Vest Blazer Rompi Vest Pria Ves Formal,"Moka, XL",16123167377,exact_product,rmp-p-moka-xl
Tiktoksellercenter_batchedit_20260925_all_information_template_1.xlsx,256,1729601659603553244,Best Seller Rompi Jas Pria Slimfit Bahan Premium Rompi Formal Pria Vest Pria Formal Vest Blazer Rompi Vest Pria Ves Formal,"Moka, XXL",16123167377,exact_product,rmp-p-moka-xxl
Tiktoksellercenter_batchedit_20260925_all_information_template_1.xlsx,257,1729601659603553244,Best Seller Rompi Jas Pria Slimfit Bahan Premium Rompi Formal Pria Vest Pria Formal Vest Blazer Rompi Vest Pria Ves Formal,"Moka, XXXL",16123167377,exact_product,rmp-p-moka-xxxl
Tiktoksellercenter_batchedit_20260925_all_information_template_1.xlsx,258,1729605595651213276,Kemeja Hem Pria Lengan Panjang Dalaman Jas,"Putih, XS",17696424417,exact_product,kmj-pth-xs
Tiktoksellercenter_batchedit_20260925_all_information_template_1.xlsx,259,1729605595651213276,Kemeja Hem Pria Lengan Panjang Dalaman Jas,"Putih, S",17696424417,exact_product,kmj-pth-s
Tiktoksellercenter_batchedit_20260925_all_information_template_1.xlsx,260,1729605595651213276,Kemeja Hem Pria Lengan Panjang Dalaman Jas,"Putih, M",17696424417,exact_product,kmj-pth-m
Tiktoksellercenter_batchedit_20260925_all_information_template_1.xlsx,261,1729605595651213276,Kemeja Hem Pria Lengan Panjang Dalaman Jas,"Putih, L",17696424417,exact_product,kmj-pth-l
Tiktoksellercenter_batchedit_20260925_all_information_template_1.xlsx,262,1729605595651213276,Kemeja Hem Pria Lengan Panjang Dalaman Jas,"Putih, XL",17696424417,exact_product,kmj-pth-xl
Tiktoksellercenter_batchedit_20260925_all_information_template_1.xlsx,263,1729605595651213276,Kemeja Hem Pria Lengan Panjang Dalaman Jas,"Putih, XXL",17696424417,exact_product,kmj-pth-xxl
Tiktoksellercenter_batchedit_20260925_all_information_template_1.xlsx,264,1729605595651213276,Kemeja Hem Pria Lengan Panjang Dalaman Jas,"Putih, XXXL",17696424417,exact_product,kmj-pth-xxxl
Tiktoksellercenter_batchedit_20260925_all_information_template_1.xlsx,265,1729605595651213276,Kemeja Hem Pria Lengan Panjang Dalaman Jas,"Hitam, XS",17696424417,exact_product,kmj-htm-xs
Tiktoksellercenter_batchedit_20260925_all_information_template_1.xlsx,266,1729605595651213276,Kemeja Hem Pria Lengan Panjang Dalaman Jas,"Hitam, S",17696424417,exact_product,kmj-htm-s
Tiktoksellercenter_batchedit_20260925_all_information_template_1.xlsx,267,1729605595651213276,Kemeja Hem Pria Lengan Panjang Dalaman Jas,"Hitam, M",17696424417,exact_product,kmj-htm-m
Tiktoksellercenter_batchedit_20260925_all_information_template_1.xlsx,268,1729605595651213276,Kemeja Hem Pria Lengan Panjang Dalaman Jas,"Hitam, L",17696424417,exact_product,kmj-htm-l
Tiktoksellercenter_batchedit_20260925_all_information_template_1.xlsx,269,1729605595651213276,Kemeja Hem Pria Lengan Panjang Dalaman Jas,"Hitam, XL",17696424417,exact_product,kmj-htm-xl
Tiktoksellercenter_batchedit_20260925_all_information_template_1.xlsx,270,1729605595651213276,Kemeja Hem Pria Lengan Panjang Dalaman Jas,"Hitam, XXL",17696424417,exact_product,kmj-htm-xxl
Tiktoksellercenter_batchedit_20260925_all_information_template_1.xlsx,272,1729605595651213276,Kemeja Hem Pria Lengan Panjang Dalaman Jas,"Navy, XS",17696424417,exact_product,kmj-nvy-xs
Tiktoksellercenter_batchedit_20260925_all_information_template_1.xlsx,273,1729605595651213276,Kemeja Hem Pria Lengan Panjang Dalaman Jas,"Navy, S",17696424417,exact_product,kmj-nvy-s
Tiktoksellercenter_batchedit_20260925_all_information_template_1.xlsx,274,1729605595651213276,Kemeja Hem Pria Lengan Panjang Dalaman Jas,"Navy, M",17696424417,exact_product,kmj-nvy-m
Tiktoksellercenter_batchedit_20260925_all_information_template_1.xlsx,275,1729605595651213276,Kemeja Hem Pria Lengan Panjang Dalaman Jas,"Navy, L",17696424417,exact_product,kmj-nvy-l
Tiktoksellercenter_batchedit_20260925_all_information_template_1.xlsx,276,1729605595651213276,Kemeja Hem Pria Lengan Panjang Dalaman Jas,"Navy, XL",17696424417,exact_product,kmj-nvy-xl
Tiktoksellercenter_batchedit_20260925_all_information_template_1.xlsx,277,1729605595651213276,Kemeja Hem Pria Lengan Panjang Dalaman Jas,"Navy, XXL",17696424417,exact_product,kmj-nvy-xxl
Tiktoksellercenter_batchedit_20260925_all_information_template_1.xlsx,278,1729605595651213276,Kemeja Hem Pria Lengan Panjang Dalaman Jas,"Navy, XXXL",17696424417,exact_product,kmj-nvy-xxxl
Tiktoksellercenter_batchedit_20260925_all_information_template_1.xlsx,279,1729605595651213276,Kemeja Hem Pria Lengan Panjang Dalaman Jas,"Marun, XS",17696424417,exact_product,kmj-mrn-xs
Tiktoksellercenter_batchedit_20260925_all_information_template_1.xlsx,280,1729605595651213276,Kemeja Hem Pria Lengan Panjang Dalaman Jas,"Marun, S",17696424417,exact_product,kmj-mrn-s
Tiktoksellercenter_batchedit_20260925_all_information_template_1.xlsx,281,1729605595651213276,Kemeja Hem Pria Lengan Panjang Dalaman Jas,"Marun, M",17696424417,exact_product,kmj-mrn-m
Tiktoksellercenter_batchedit_20260925_all_information_template_1.xlsx,282,1729605595651213276,Kemeja Hem Pria Lengan Panjang Dalaman Jas,"Marun, L",17696424417,exact_product,kmj-mrn-l
Tiktoksellercenter_batchedit_20260925_all_information_template_1.xlsx,283,1729605595651213276,Kemeja Hem Pria Lengan Panjang Dalaman Jas,"Marun, XL",17696424417,exact_product,kmj-mrn-xl
Tiktoksellercenter_batchedit_20260925_all_information_template_1.xlsx,284,1729605595651213276,Kemeja Hem Pria Lengan Panjang Dalaman Jas,"Marun, XXL",17696424417,exact_product,kmj-mrn-xxl
Tiktoksellercenter_batchedit_20260925_all_information_template_1.xlsx,285,1729605595651213276,Kemeja Hem Pria Lengan Panjang Dalaman Jas,"Marun, XXXL",17696424417,exact_product,kmj-mrn-xxxl
Tiktoksellercenter_batchedit_20260925_all_information_template_1.xlsx,286,1729605595651213276,Kemeja Hem Pria Lengan Panjang Dalaman Jas,"Coklat Mahogani, XS",17696424417,exact_product,kmj-mhgn-xs
Tiktoksellercenter_batchedit_20260925_all_information_template_1.xlsx,287,1729605595651213276,Kemeja Hem Pria Lengan Panjang Dalaman Jas,"Coklat Mahogani, S",17696424417,exact_product,kmj-mhgn-s
Tiktoksellercenter_batchedit_20260925_all_information_template_1.xlsx,288,1729605595651213276,Kemeja Hem Pria Lengan Panjang Dalaman Jas,"Coklat Mahogani, M",17696424417,exact_product,kmj-mhgn-m
Tiktoksellercenter_batchedit_20260925_all_information_template_1.xlsx,289,1729605595651213276,Kemeja Hem Pria Lengan Panjang Dalaman Jas,"Coklat Mahogani, L",17696424417,exact_product,kmj-mhgn-l
Tiktoksellercenter_batchedit_20260925_all_information_template_1.xlsx,290,1729605595651213276,Kemeja Hem Pria Lengan Panjang Dalaman Jas,"Coklat Mahogani, XL",17696424417,exact_product,kmj-mhgn-xl
Tiktoksellercenter_batchedit_20260925_all_information_template_1.xlsx,291,1729605595651213276,Kemeja Hem Pria Lengan Panjang Dalaman Jas,"Coklat Mahogani, XXL",17696424417,exact_product,kmj-mhgn-xxl
Tiktoksellercenter_batchedit_20260925_all_information_template_1.xlsx,292,1729605595651213276,Kemeja Hem Pria Lengan Panjang Dalaman Jas,"Coklat Mahogani, XXXL",17696424417,exact_product,kmj-mhgn-xxxl
Tiktoksellercenter_batchedit_20260925_all_information_template_1.xlsx,293,1729605595651213276,Kemeja Hem Pria Lengan Panjang Dalaman Jas,"Abu, XS",17696424417,exact_product,kmj-abu-xs
Tiktoksellercenter_batchedit_20260925_all_information_template_1.xlsx,294,1729605595651213276,Kemeja Hem Pria Lengan Panjang Dalaman Jas,"Abu, S",17696424417,exact_product,kmj-abu-s
Tiktoksellercenter_batchedit_20260925_all_information_template_1.xlsx,295,1729605595651213276,Kemeja Hem Pria Lengan Panjang Dalaman Jas,"Abu, M",17696424417,exact_product,kmj-abu-m
Tiktoksellercenter_batchedit_20260925_all_information_template_1.xlsx,296,1729605595651213276,Kemeja Hem Pria Lengan Panjang Dalaman Jas,"Abu, L",17696424417,exact_product,kmj-abu-l
Tiktoksellercenter_batchedit_20260925_all_information_template_1.xlsx,297,1729605595651213276,Kemeja Hem Pria Lengan Panjang Dalaman Jas,"Abu, XL",17696424417,exact_product,kmj-abu-xl
Tiktoksellercenter_batchedit_20260925_all_information_template_1.xlsx,298,1729605595651213276,Kemeja Hem Pria Lengan Panjang Dalaman Jas,"Abu, XXL",17696424417,exact_product,kmj-abu-xxl
Tiktoksellercenter_batchedit_20260925_all_information_template_1.xlsx,299,1729605595651213276,Kemeja Hem Pria Lengan Panjang Dalaman Jas,"Abu, XXXL",17696424417,exact_product,kmj-abu-xxxl
Tiktoksellercenter_batchedit_20260925_all_information_template_1.xlsx,300,1729605595651213276,Kemeja Hem Pria Lengan Panjang Dalaman Jas,"Biru, XS",17696424417,exact_product,kmj-biru-xs
Tiktoksellercenter_batchedit_20260925_all_information_template_1.xlsx,301,1729605595651213276,Kemeja Hem Pria Lengan Panjang Dalaman Jas,"Biru, S",17696424417,exact_product,kmj-biru-s
Tiktoksellercenter_batchedit_20260925_all_information_template_1.xlsx,302,1729605595651213276,Kemeja Hem Pria Lengan Panjang Dalaman Jas,"Biru, M",17696424417,exact_product,kmj-biru-m
Tiktoksellercenter_batchedit_20260925_all_information_template_1.xlsx,303,1729605595651213276,Kemeja Hem Pria Lengan Panjang Dalaman Jas,"Biru, L",17696424417,exact_product,kmj-biru-l
Tiktoksellercenter_batchedit_20260925_all_information_template_1.xlsx,304,1729605595651213276,Kemeja Hem Pria Lengan Panjang Dalaman Jas,"Biru, XL",17696424417,exact_product,kmj-biru-xl
Tiktoksellercenter_batchedit_20260925_all_information_template_1.xlsx,305,1729605595651213276,Kemeja Hem Pria Lengan Panjang Dalaman Jas,"Biru, XXL",17696424417,exact_product,kmj-biru-xxl
Tiktoksellercenter_batchedit_20260925_all_information_template_1.xlsx,306,1729605595651213276,Kemeja Hem Pria Lengan Panjang Dalaman Jas,"Biru, XXXL",17696424417,exact_product,kmj-biru-xxxl
Tiktoksellercenter_batchedit_20260925_all_information_template_1.xlsx,307,1729605595651213276,Kemeja Hem Pria Lengan Panjang Dalaman Jas,"Biru Muda, XS",17696424417,exact_product,kmj-brmd-xs
Tiktoksellercenter_batchedit_20260925_all_information_template_1.xlsx,308,1729605595651213276,Kemeja Hem Pria Lengan Panjang Dalaman Jas,"Biru Muda, S",17696424417,exact_product,kmj-brmd-s
Tiktoksellercenter_batchedit_20260925_all_information_template_1.xlsx,309,1729605595651213276,Kemeja Hem Pria Lengan Panjang Dalaman Jas,"Biru Muda, M",17696424417,exact_product,kmj-brmd-m
Tiktoksellercenter_batchedit_20260925_all_information_template_1.xlsx,310,1729605595651213276,Kemeja Hem Pria Lengan Panjang Dalaman Jas,"Biru Muda, L",17696424417,exact_product,kmj-brmd-l
Tiktoksellercenter_batchedit_20260925_all_information_template_1.xlsx,311,1729605595651213276,Kemeja Hem Pria Lengan Panjang Dalaman Jas,"Biru Muda, XL",17696424417,exact_product,kmj-brmd-xl
Tiktoksellercenter_batchedit_20260925_all_information_template_1.xlsx,312,1729605595651213276,Kemeja Hem Pria Lengan Panjang Dalaman Jas,"Biru Muda, XXL",17696424417,exact_product,kmj-brmd-xxl
Tiktoksellercenter_batchedit_20260925_all_information_template_1.xlsx,313,1729605595651213276,Kemeja Hem Pria Lengan Panjang Dalaman Jas,"Biru Muda, XXXL",17696424417,exact_product,kmj-brmd-xxxl
Tiktoksellercenter_batchedit_20260925_all_information_template_1.xlsx,314,1729614622983883740,Rompi Dan Celana Formal Set 2 In 1 Bahan Premium High Twist Tebal Lengan Panjang Setelan Kantor Outfit Wisudaan Pakaian Sidang Skripsi Size S M L XL XXL,"Hitam, XS",22772266116,exact_product,rc-p-htm-xs
Tiktoksellercenter_batchedit_20260925_all_information_template_1.xlsx,315,1729614622983883740,Rompi Dan Celana Formal Set 2 In 1 Bahan Premium High Twist Tebal Lengan Panjang Setelan Kantor Outfit Wisudaan Pakaian Sidang Skripsi Size S M L XL XXL,"Hitam, S",22772266116,exact_product,rc-p-htm-s
Tiktoksellercenter_batchedit_20260925_all_information_template_1.xlsx,316,1729614622983883740,Rompi Dan Celana Formal Set 2 In 1 Bahan Premium High Twist Tebal Lengan Panjang Setelan Kantor Outfit Wisudaan Pakaian Sidang Skripsi Size S M L XL XXL,"Hitam, M",22772266116,exact_product,rc-p-htm-m
Tiktoksellercenter_batchedit_20260925_all_information_template_1.xlsx,317,1729614622983883740,Rompi Dan Celana Formal Set 2 In 1 Bahan Premium High Twist Tebal Lengan Panjang Setelan Kantor Outfit Wisudaan Pakaian Sidang Skripsi Size S M L XL XXL,"Hitam, L",22772266116,exact_product,rc-p-htm-l
Tiktoksellercenter_batchedit_20260925_all_information_template_1.xlsx,318,1729614622983883740,Rompi Dan Celana Formal Set 2 In 1 Bahan Premium High Twist Tebal Lengan Panjang Setelan Kantor Outfit Wisudaan Pakaian Sidang Skripsi Size S M L XL XXL,"Hitam, XL",22772266116,exact_product,rc-p-htm-xl
Tiktoksellercenter_batchedit_20260925_all_information_template_1.xlsx,319,1729614622983883740,Rompi Dan Celana Formal Set 2 In 1 Bahan Premium High Twist Tebal Lengan Panjang Setelan Kantor Outfit Wisudaan Pakaian Sidang Skripsi Size S M L XL XXL,"Hitam, XXL",22772266116,exact_product,rc-p-htm-xxl
Tiktoksellercenter_batchedit_20260925_all_information_template_1.xlsx,320,1729614622983883740,Rompi Dan Celana Formal Set 2 In 1 Bahan Premium High Twist Tebal Lengan Panjang Setelan Kantor Outfit Wisudaan Pakaian Sidang Skripsi Size S M L XL XXL,"Hitam, XXXL",22772266116,exact_product,rc-p-htm-xxxl
Tiktoksellercenter_batchedit_20260925_all_information_template_1.xlsx,321,1729614622983883740,Rompi Dan Celana Formal Set 2 In 1 Bahan Premium High Twist Tebal Lengan Panjang Setelan Kantor Outfit Wisudaan Pakaian Sidang Skripsi Size S M L XL XXL,"Abu, XS",22772266116,exact_product,rc-p-abu-xs
Tiktoksellercenter_batchedit_20260925_all_information_template_1.xlsx,322,1729614622983883740,Rompi Dan Celana Formal Set 2 In 1 Bahan Premium High Twist Tebal Lengan Panjang Setelan Kantor Outfit Wisudaan Pakaian Sidang Skripsi Size S M L XL XXL,"Abu, S",22772266116,exact_product,rc-p-abu-s
Tiktoksellercenter_batchedit_20260925_all_information_template_1.xlsx,323,1729614622983883740,Rompi Dan Celana Formal Set 2 In 1 Bahan Premium High Twist Tebal Lengan Panjang Setelan Kantor Outfit Wisudaan Pakaian Sidang Skripsi Size S M L XL XXL,"Abu, M",22772266116,exact_product,rc-p-abu-m
Tiktoksellercenter_batchedit_20260925_all_information_template_1.xlsx,324,1729614622983883740,Rompi Dan Celana Formal Set 2 In 1 Bahan Premium High Twist Tebal Lengan Panjang Setelan Kantor Outfit Wisudaan Pakaian Sidang Skripsi Size S M L XL XXL,"Abu, L",22772266116,exact_product,rc-p-abu-l
Tiktoksellercenter_batchedit_20260925_all_information_template_1.xlsx,325,1729614622983883740,Rompi Dan Celana Formal Set 2 In 1 Bahan Premium High Twist Tebal Lengan Panjang Setelan Kantor Outfit Wisudaan Pakaian Sidang Skripsi Size S M L XL XXL,"Abu, XL",22772266116,exact_product,rc-p-abu-xl
Tiktoksellercenter_batchedit_20260925_all_information_template_1.xlsx,326,1729614622983883740,Rompi Dan Celana Formal Set 2 In 1 Bahan Premium High Twist Tebal Lengan Panjang Setelan Kantor Outfit Wisudaan Pakaian Sidang Skripsi Size S M L XL XXL,"Abu, XXL",22772266116,exact_product,rc-p-abu-xxl
Tiktoksellercenter_batchedit_20260925_all_information_template_1.xlsx,327,1729614622983883740,Rompi Dan Celana Formal Set 2 In 1 Bahan Premium High Twist Tebal Lengan Panjang Setelan Kantor Outfit Wisudaan Pakaian Sidang Skripsi Size S M L XL XXL,"Abu, XXXL",22772266116,exact_product,rc-p-abu-xxxl
Tiktoksellercenter_batchedit_20260925_all_information_template_1.xlsx,328,1729614622983883740,Rompi Dan Celana Formal Set 2 In 1 Bahan Premium High Twist Tebal Lengan Panjang Setelan Kantor Outfit Wisudaan Pakaian Sidang Skripsi Size S M L XL XXL,"Navy, XS",22772266116,exact_product,rc-p-nvy-xs
Tiktoksellercenter_batchedit_20260925_all_information_template_1.xlsx,329,1729614622983883740,Rompi Dan Celana Formal Set 2 In 1 Bahan Premium High Twist Tebal Lengan Panjang Setelan Kantor Outfit Wisudaan Pakaian Sidang Skripsi Size S M L XL XXL,"Navy, S",22772266116,exact_product,rc-p-nvy-s
Tiktoksellercenter_batchedit_20260925_all_information_template_1.xlsx,330,1729614622983883740,Rompi Dan Celana Formal Set 2 In 1 Bahan Premium High Twist Tebal Lengan Panjang Setelan Kantor Outfit Wisudaan Pakaian Sidang Skripsi Size S M L XL XXL,"Navy, M",22772266116,exact_product,rc-p-nvy-m
Tiktoksellercenter_batchedit_20260925_all_information_template_1.xlsx,331,1729614622983883740,Rompi Dan Celana Formal Set 2 In 1 Bahan Premium High Twist Tebal Lengan Panjang Setelan Kantor Outfit Wisudaan Pakaian Sidang Skripsi Size S M L XL XXL,"Navy, L",22772266116,exact_product,rc-p-nvy-l
Tiktoksellercenter_batchedit_20260925_all_information_template_1.xlsx,332,1729614622983883740,Rompi Dan Celana Formal Set 2 In 1 Bahan Premium High Twist Tebal Lengan Panjang Setelan Kantor Outfit Wisudaan Pakaian Sidang Skripsi Size S M L XL XXL,"Navy, XL",22772266116,exact_product,rc-p-nvy-xl
Tiktoksellercenter_batchedit_20260925_all_information_template_1.xlsx,333,1729614622983883740,Rompi Dan Celana Formal Set 2 In 1 Bahan Premium High Twist Tebal Lengan Panjang Setelan Kantor Outfit Wisudaan Pakaian Sidang Skripsi Size S M L XL XXL,"Navy, XXL",22772266116,exact_product,rc-p-nvy-xxl
Tiktoksellercenter_batchedit_20260925_all_information_template_1.xlsx,334,1729614622983883740,Rompi Dan Celana Formal Set 2 In 1 Bahan Premium High Twist Tebal Lengan Panjang Setelan Kantor Outfit Wisudaan Pakaian Sidang Skripsi Size S M L XL XXL,"Navy, XXXL",22772266116,exact_product,rc-p-nvy-xxxl
Tiktoksellercenter_batchedit_20260925_all_information_template_1.xlsx,335,1729614622983883740,Rompi Dan Celana Formal Set 2 In 1 Bahan Premium High Twist Tebal Lengan Panjang Setelan Kantor Outfit Wisudaan Pakaian Sidang Skripsi Size S M L XL XXL,"Marun Muda, XS",22772266116,exact_product,rc-p-mmd-xs
Tiktoksellercenter_batchedit_20260925_all_information_template_1.xlsx,336,1729614622983883740,Rompi Dan Celana Formal Set 2 In 1 Bahan Premium High Twist Tebal Lengan Panjang Setelan Kantor Outfit Wisudaan Pakaian Sidang Skripsi Size S M L XL XXL,"Marun Muda, S",22772266116,exact_product,rc-p-mmd-s
Tiktoksellercenter_batchedit_20260925_all_information_template_1.xlsx,337,1729614622983883740,Rompi Dan Celana Formal Set 2 In 1 Bahan Premium High Twist Tebal Lengan Panjang Setelan Kantor Outfit Wisudaan Pakaian Sidang Skripsi Size S M L XL XXL,"Marun Muda, M",22772266116,exact_product,rc-p-mmd-m
Tiktoksellercenter_batchedit_20260925_all_information_template_1.xlsx,338,1729614622983883740,Rompi Dan Celana Formal Set 2 In 1 Bahan Premium High Twist Tebal Lengan Panjang Setelan Kantor Outfit Wisudaan Pakaian Sidang Skripsi Size S M L XL XXL,"Marun Muda, L",22772266116,exact_product,rc-p-mmd-l
Tiktoksellercenter_batchedit_20260925_all_information_template_1.xlsx,339,1729614622983883740,Rompi Dan Celana Formal Set 2 In 1 Bahan Premium High Twist Tebal Lengan Panjang Setelan Kantor Outfit Wisudaan Pakaian Sidang Skripsi Size S M L XL XXL,"Marun Muda, XL",22772266116,exact_product,rc-p-mmd-xl
Tiktoksellercenter_batchedit_20260925_all_information_template_1.xlsx,340,1729614622983883740,Rompi Dan Celana Formal Set 2 In 1 Bahan Premium High Twist Tebal Lengan Panjang Setelan Kantor Outfit Wisudaan Pakaian Sidang Skripsi Size S M L XL XXL,"Marun Muda, XXL",22772266116,exact_product,rc-p-mmd-xxl
Tiktoksellercenter_batchedit_20260925_all_information_template_1.xlsx,341,1729614622983883740,Rompi Dan Celana Formal Set 2 In 1 Bahan Premium High Twist Tebal Lengan Panjang Setelan Kantor Outfit Wisudaan Pakaian Sidang Skripsi Size S M L XL XXL,"Marun Muda, XXXL",22772266116,exact_product,rc-p-mmd-xxxl
Tiktoksellercenter_batchedit_20260925_all_information_template_1.xlsx,342,1729614622983883740,Rompi Dan Celana Formal Set 2 In 1 Bahan Premium High Twist Tebal Lengan Panjang Setelan Kantor Outfit Wisudaan Pakaian Sidang Skripsi Size S M L XL XXL,"Marun Tua, XS",22772266116,exact_product,rc-p-mta-xs
Tiktoksellercenter_batchedit_20260925_all_information_template_1.xlsx,343,1729614622983883740,Rompi Dan Celana Formal Set 2 In 1 Bahan Premium High Twist Tebal Lengan Panjang Setelan Kantor Outfit Wisudaan Pakaian Sidang Skripsi Size S M L XL XXL,"Marun Tua, S",22772266116,exact_product,rc-p-mta-s
Tiktoksellercenter_batchedit_20260925_all_information_template_1.xlsx,344,1729614622983883740,Rompi Dan Celana Formal Set 2 In 1 Bahan Premium High Twist Tebal Lengan Panjang Setelan Kantor Outfit Wisudaan Pakaian Sidang Skripsi Size S M L XL XXL,"Marun Tua, M",22772266116,exact_product,rc-p-mta-m
Tiktoksellercenter_batchedit_20260925_all_information_template_1.xlsx,345,1729614622983883740,Rompi Dan Celana Formal Set 2 In 1 Bahan Premium High Twist Tebal Lengan Panjang Setelan Kantor Outfit Wisudaan Pakaian Sidang Skripsi Size S M L XL XXL,"Marun Tua, L",22772266116,exact_product,rc-p-mta-l
Tiktoksellercenter_batchedit_20260925_all_information_template_1.xlsx,346,1729614622983883740,Rompi Dan Celana Formal Set 2 In 1 Bahan Premium High Twist Tebal Lengan Panjang Setelan Kantor Outfit Wisudaan Pakaian Sidang Skripsi Size S M L XL XXL,"Marun Tua, XL",22772266116,exact_product,rc-p-mta-xl
Tiktoksellercenter_batchedit_20260925_all_information_template_1.xlsx,347,1729614622983883740,Rompi Dan Celana Formal Set 2 In 1 Bahan Premium High Twist Tebal Lengan Panjang Setelan Kantor Outfit Wisudaan Pakaian Sidang Skripsi Size S M L XL XXL,"Marun Tua, XXL",22772266116,exact_product,rc-p-mta-xxl
Tiktoksellercenter_batchedit_20260925_all_information_template_1.xlsx,348,1729614622983883740,Rompi Dan Celana Formal Set 2 In 1 Bahan Premium High Twist Tebal Lengan Panjang Setelan Kantor Outfit Wisudaan Pakaian Sidang Skripsi Size S M L XL XXL,"Marun Tua, XXXL",22772266116,exact_product,rc-p-mta-xxxl
Tiktoksellercenter_batchedit_20260925_all_information_template_1.xlsx,349,1729614622983883740,Rompi Dan Celana Formal Set 2 In 1 Bahan Premium High Twist Tebal Lengan Panjang Setelan Kantor Outfit Wisudaan Pakaian Sidang Skripsi Size S M L XL XXL,"Putih, XS",22772266116,exact_product,rc-p-pth-xs
Tiktoksellercenter_batchedit_20260925_all_information_template_1.xlsx,350,1729614622983883740,Rompi Dan Celana Formal Set 2 In 1 Bahan Premium High Twist Tebal Lengan Panjang Setelan Kantor Outfit Wisudaan Pakaian Sidang Skripsi Size S M L XL XXL,"Putih, S",22772266116,exact_product,rc-p-pth-s
Tiktoksellercenter_batchedit_20260925_all_information_template_1.xlsx,351,1729614622983883740,Rompi Dan Celana Formal Set 2 In 1 Bahan Premium High Twist Tebal Lengan Panjang Setelan Kantor Outfit Wisudaan Pakaian Sidang Skripsi Size S M L XL XXL,"Putih, M",22772266116,exact_product,rc-p-pth-m
Tiktoksellercenter_batchedit_20260925_all_information_template_1.xlsx,352,1729614622983883740,Rompi Dan Celana Formal Set 2 In 1 Bahan Premium High Twist Tebal Lengan Panjang Setelan Kantor Outfit Wisudaan Pakaian Sidang Skripsi Size S M L XL XXL,"Putih, L",22772266116,exact_product,rc-p-pth-l
Tiktoksellercenter_batchedit_20260925_all_information_template_1.xlsx,353,1729614622983883740,Rompi Dan Celana Formal Set 2 In 1 Bahan Premium High Twist Tebal Lengan Panjang Setelan Kantor Outfit Wisudaan Pakaian Sidang Skripsi Size S M L XL XXL,"Putih, XL",22772266116,exact_product,rc-p-pth-xl
Tiktoksellercenter_batchedit_20260925_all_information_template_1.xlsx,354,1729614622983883740,Rompi Dan Celana Formal Set 2 In 1 Bahan Premium High Twist Tebal Lengan Panjang Setelan Kantor Outfit Wisudaan Pakaian Sidang Skripsi Size S M L XL XXL,"Putih, XXL",22772266116,exact_product,rc-p-pth-xxl
Tiktoksellercenter_batchedit_20260925_all_information_template_1.xlsx,355,1729614622983883740,Rompi Dan Celana Formal Set 2 In 1 Bahan Premium High Twist Tebal Lengan Panjang Setelan Kantor Outfit Wisudaan Pakaian Sidang Skripsi Size S M L XL XXL,"Putih, XXXL",22772266116,exact_product,rc-p-pth-xxxl
Tiktoksellercenter_batchedit_20260925_all_information_template_1.xlsx,356,1729614622983883740,Rompi Dan Celana Formal Set 2 In 1 Bahan Premium High Twist Tebal Lengan Panjang Setelan Kantor Outfit Wisudaan Pakaian Sidang Skripsi Size S M L XL XXL,"Merah Cabe, XS",22772266116,exact_product,rc-p-mcb-xs
Tiktoksellercenter_batchedit_20260925_all_information_template_1.xlsx,357,1729614622983883740,Rompi Dan Celana Formal Set 2 In 1 Bahan Premium High Twist Tebal Lengan Panjang Setelan Kantor Outfit Wisudaan Pakaian Sidang Skripsi Size S M L XL XXL,"Merah Cabe, S",22772266116,exact_product,rc-p-mcb-s
Tiktoksellercenter_batchedit_20260925_all_information_template_1.xlsx,358,1729614622983883740,Rompi Dan Celana Formal Set 2 In 1 Bahan Premium High Twist Tebal Lengan Panjang Setelan Kantor Outfit Wisudaan Pakaian Sidang Skripsi Size S M L XL XXL,"Merah Cabe, M",22772266116,exact_product,rc-p-mcb-m
Tiktoksellercenter_batchedit_20260925_all_information_template_1.xlsx,359,1729614622983883740,Rompi Dan Celana Formal Set 2 In 1 Bahan Premium High Twist Tebal Lengan Panjang Setelan Kantor Outfit Wisudaan Pakaian Sidang Skripsi Size S M L XL XXL,"Merah Cabe, L",22772266116,exact_product,rc-p-mcb-l
Tiktoksellercenter_batchedit_20260925_all_information_template_1.xlsx,360,1729614622983883740,Rompi Dan Celana Formal Set 2 In 1 Bahan Premium High Twist Tebal Lengan Panjang Setelan Kantor Outfit Wisudaan Pakaian Sidang Skripsi Size S M L XL XXL,"Merah Cabe, XL",22772266116,exact_product,rc-p-mcb-xl
Tiktoksellercenter_batchedit_20260925_all_information_template_1.xlsx,361,1729614622983883740,Rompi Dan Celana Formal Set 2 In 1 Bahan Premium High Twist Tebal Lengan Panjang Setelan Kantor Outfit Wisudaan Pakaian Sidang Skripsi Size S M L XL XXL,"Merah Cabe, XXL",22772266116,exact_product,rc-p-mcb-xxl
Tiktoksellercenter_batchedit_20260925_all_information_template_1.xlsx,362,1729614622983883740,Rompi Dan Celana Formal Set 2 In 1 Bahan Premium High Twist Tebal Lengan Panjang Setelan Kantor Outfit Wisudaan Pakaian Sidang Skripsi Size S M L XL XXL,"Merah Cabe, XXXL",22772266116,exact_product,rc-p-mcb-xxxl
Tiktoksellercenter_batchedit_20260925_all_information_template_1.xlsx,363,1729614622983883740,Rompi Dan Celana Formal Set 2 In 1 Bahan Premium High Twist Tebal Lengan Panjang Setelan Kantor Outfit Wisudaan Pakaian Sidang Skripsi Size S M L XL XXL,"Biru Langit, XS",22772266116,exact_product,rc-p-blg-xs
Tiktoksellercenter_batchedit_20260925_all_information_template_1.xlsx,364,1729614622983883740,Rompi Dan Celana Formal Set 2 In 1 Bahan Premium High Twist Tebal Lengan Panjang Setelan Kantor Outfit Wisudaan Pakaian Sidang Skripsi Size S M L XL XXL,"Biru Langit, S",22772266116,exact_product,rc-p-blg-s
Tiktoksellercenter_batchedit_20260925_all_information_template_1.xlsx,365,1729614622983883740,Rompi Dan Celana Formal Set 2 In 1 Bahan Premium High Twist Tebal Lengan Panjang Setelan Kantor Outfit Wisudaan Pakaian Sidang Skripsi Size S M L XL XXL,"Biru Langit, M",22772266116,exact_product,rc-p-blg-m
Tiktoksellercenter_batchedit_20260925_all_information_template_1.xlsx,366,1729614622983883740,Rompi Dan Celana Formal Set 2 In 1 Bahan Premium High Twist Tebal Lengan Panjang Setelan Kantor Outfit Wisudaan Pakaian Sidang Skripsi Size S M L XL XXL,"Biru Langit, L",22772266116,exact_product,rc-p-blg-l
Tiktoksellercenter_batchedit_20260925_all_information_template_1.xlsx,367,1729614622983883740,Rompi Dan Celana Formal Set 2 In 1 Bahan Premium High Twist Tebal Lengan Panjang Setelan Kantor Outfit Wisudaan Pakaian Sidang Skripsi Size S M L XL XXL,"Biru Langit, XL",22772266116,exact_product,rc-p-blg-xl
Tiktoksellercenter_batchedit_20260925_all_information_template_1.xlsx,368,1729614622983883740,Rompi Dan Celana Formal Set 2 In 1 Bahan Premium High Twist Tebal Lengan Panjang Setelan Kantor Outfit Wisudaan Pakaian Sidang Skripsi Size S M L XL XXL,"Biru Langit, XXL",22772266116,exact_product,rc-p-blg-xxl
Tiktoksellercenter_batchedit_20260925_all_information_template_1.xlsx,369,1729614622983883740,Rompi Dan Celana Formal Set 2 In 1 Bahan Premium High Twist Tebal Lengan Panjang Setelan Kantor Outfit Wisudaan Pakaian Sidang Skripsi Size S M L XL XXL,"Biru Langit, XXXL",22772266116,exact_product,rc-p-blg-xxxl
Tiktoksellercenter_batchedit_20260925_all_information_template_1.xlsx,370,1729614622983883740,Rompi Dan Celana Formal Set 2 In 1 Bahan Premium High Twist Tebal Lengan Panjang Setelan Kantor Outfit Wisudaan Pakaian Sidang Skripsi Size S M L XL XXL,"Moka, XS",22772266116,exact_product,rc-p-moka-xs
Tiktoksellercenter_batchedit_20260925_all_information_template_1.xlsx,371,1729614622983883740,Rompi Dan Celana Formal Set 2 In 1 Bahan Premium High Twist Tebal Lengan Panjang Setelan Kantor Outfit Wisudaan Pakaian Sidang Skripsi Size S M L XL XXL,"Moka, S",22772266116,exact_product,rc-p-moka-s
Tiktoksellercenter_batchedit_20260925_all_information_template_1.xlsx,372,1729614622983883740,Rompi Dan Celana Formal Set 2 In 1 Bahan Premium High Twist Tebal Lengan Panjang Setelan Kantor Outfit Wisudaan Pakaian Sidang Skripsi Size S M L XL XXL,"Moka, M",22772266116,exact_product,rc-p-moka-m
Tiktoksellercenter_batchedit_20260925_all_information_template_1.xlsx,373,1729614622983883740,Rompi Dan Celana Formal Set 2 In 1 Bahan Premium High Twist Tebal Lengan Panjang Setelan Kantor Outfit Wisudaan Pakaian Sidang Skripsi Size S M L XL XXL,"Moka, L",22772266116,exact_product,rc-p-moka-l
Tiktoksellercenter_batchedit_20260925_all_information_template_1.xlsx,374,1729614622983883740,Rompi Dan Celana Formal Set 2 In 1 Bahan Premium High Twist Tebal Lengan Panjang Setelan Kantor Outfit Wisudaan Pakaian Sidang Skripsi Size S M L XL XXL,"Moka, XL",22772266116,exact_product,rc-p-moka-xl
Tiktoksellercenter_batchedit_20260925_all_information_template_1.xlsx,375,1729614622983883740,Rompi Dan Celana Formal Set 2 In 1 Bahan Premium High Twist Tebal Lengan Panjang Setelan Kantor Outfit Wisudaan Pakaian Sidang Skripsi Size S M L XL XXL,"Moka, XXL",22772266116,exact_product,rc-p-moka-xxl
Tiktoksellercenter_batchedit_20260925_all_information_template_1.xlsx,376,1729614622983883740,Rompi Dan Celana Formal Set 2 In 1 Bahan Premium High Twist Tebal Lengan Panjang Setelan Kantor Outfit Wisudaan Pakaian Sidang Skripsi Size S M L XL XXL,"Moka, XXXL",22772266116,exact_product,rc-p-moka-xxxl
Tiktoksellercenter_batchedit_20260925_all_information_template_1.xlsx,377,1729614622983883740,Rompi Dan Celana Formal Set 2 In 1 Bahan Premium High Twist Tebal Lengan Panjang Setelan Kantor Outfit Wisudaan Pakaian Sidang Skripsi Size S M L XL XXL,"Coklat, XS",22772266116,exact_product,rc-p-cmh-xs
Tiktoksellercenter_batchedit_20260925_all_information_template_1.xlsx,378,1729614622983883740,Rompi Dan Celana Formal Set 2 In 1 Bahan Premium High Twist Tebal Lengan Panjang Setelan Kantor Outfit Wisudaan Pakaian Sidang Skripsi Size S M L XL XXL,"Coklat, S",22772266116,exact_product,rc-p-cmh-s
Tiktoksellercenter_batchedit_20260925_all_information_template_1.xlsx,379,1729614622983883740,Rompi Dan Celana Formal Set 2 In 1 Bahan Premium High Twist Tebal Lengan Panjang Setelan Kantor Outfit Wisudaan Pakaian Sidang Skripsi Size S M L XL XXL,"Coklat, M",22772266116,exact_product,rc-p-cmh-m
Tiktoksellercenter_batchedit_20260925_all_information_template_1.xlsx,380,1729614622983883740,Rompi Dan Celana Formal Set 2 In 1 Bahan Premium High Twist Tebal Lengan Panjang Setelan Kantor Outfit Wisudaan Pakaian Sidang Skripsi Size S M L XL XXL,"Coklat, L",22772266116,exact_product,rc-p-cmh-l
Tiktoksellercenter_batchedit_20260925_all_information_template_1.xlsx,381,1729614622983883740,Rompi Dan Celana Formal Set 2 In 1 Bahan Premium High Twist Tebal Lengan Panjang Setelan Kantor Outfit Wisudaan Pakaian Sidang Skripsi Size S M L XL XXL,"Coklat, XL",22772266116,exact_product,rc-p-cmh-xl
Tiktoksellercenter_batchedit_20260925_all_information_template_1.xlsx,382,1729614622983883740,Rompi Dan Celana Formal Set 2 In 1 Bahan Premium High Twist Tebal Lengan Panjang Setelan Kantor Outfit Wisudaan Pakaian Sidang Skripsi Size S M L XL XXL,"Coklat, XXL",22772266116,exact_product,rc-p-cmh-xxl
Tiktoksellercenter_batchedit_20260925_all_information_template_1.xlsx,383,1729614622983883740,Rompi Dan Celana Formal Set 2 In 1 Bahan Premium High Twist Tebal Lengan Panjang Setelan Kantor Outfit Wisudaan Pakaian Sidang Skripsi Size S M L XL XXL,"Coklat, XXXL",22772266116,exact_product,rc-p-cmh-xxxl
Tiktoksellercenter_batchedit_20260925_all_information_template_1.xlsx,391,1729670441825896412,Celana Bahan Pria Formal Slimfit Style Korea Celana Jas Blazer Celana Formal Laki Laki,"Hitam, 27",14113818693,exact_product,CLN-P-HTM-27
Tiktoksellercenter_batchedit_20260925_all_information_template_1.xlsx,392,1729670441825896412,Celana Bahan Pria Formal Slimfit Style Korea Celana Jas Blazer Celana Formal Laki Laki,"Hitam, 28",14113818693,exact_product,CLN-P-HTM-28
Tiktoksellercenter_batchedit_20260925_all_information_template_1.xlsx,393,1729670441825896412,Celana Bahan Pria Formal Slimfit Style Korea Celana Jas Blazer Celana Formal Laki Laki,"Hitam, 29",14113818693,exact_product,CLN-P-HTM-29
Tiktoksellercenter_batchedit_20260925_all_information_template_1.xlsx,394,1729670441825896412,Celana Bahan Pria Formal Slimfit Style Korea Celana Jas Blazer Celana Formal Laki Laki,"Hitam, 30",14113818693,exact_product,CLN-P-HTM-30
Tiktoksellercenter_batchedit_20260925_all_information_template_1.xlsx,395,1729670441825896412,Celana Bahan Pria Formal Slimfit Style Korea Celana Jas Blazer Celana Formal Laki Laki,"Hitam, 31",14113818693,exact_product,CLN-P-HTM-31
Tiktoksellercenter_batchedit_20260925_all_information_template_1.xlsx,396,1729670441825896412,Celana Bahan Pria Formal Slimfit Style Korea Celana Jas Blazer Celana Formal Laki Laki,"Hitam, 32",14113818693,exact_product,CLN-P-HTM-32
Tiktoksellercenter_batchedit_20260925_all_information_template_1.xlsx,397,1729670441825896412,Celana Bahan Pria Formal Slimfit Style Korea Celana Jas Blazer Celana Formal Laki Laki,"Hitam, 33",14113818693,exact_product,CLN-P-HTM-33
Tiktoksellercenter_batchedit_20260925_all_information_template_1.xlsx,398,1729670441825896412,Celana Bahan Pria Formal Slimfit Style Korea Celana Jas Blazer Celana Formal Laki Laki,"Hitam, 34",14113818693,exact_product,CLN-P-HTM-34
Tiktoksellercenter_batchedit_20260925_all_information_template_1.xlsx,399,1729670441825896412,Celana Bahan Pria Formal Slimfit Style Korea Celana Jas Blazer Celana Formal Laki Laki,"Hitam, 35",14113818693,exact_product,CLN-P-HTM-35
Tiktoksellercenter_batchedit_20260925_all_information_template_1.xlsx,400,1729670441825896412,Celana Bahan Pria Formal Slimfit Style Korea Celana Jas Blazer Celana Formal Laki Laki,"Hitam, 36",14113818693,exact_product,CLN-P-HTM-36
Tiktoksellercenter_batchedit_20260925_all_information_template_1.xlsx,401,1729670441825896412,Celana Bahan Pria Formal Slimfit Style Korea Celana Jas Blazer Celana Formal Laki Laki,"Hitam, 37",14113818693,exact_product,CLN-P-HTM-37
Tiktoksellercenter_batchedit_20260925_all_information_template_1.xlsx,402,1729670441825896412,Celana Bahan Pria Formal Slimfit Style Korea Celana Jas Blazer Celana Formal Laki Laki,"Hitam, 38",14113818693,exact_product,CLN-P-HTM-38
Tiktoksellercenter_batchedit_20260925_all_information_template_1.xlsx,403,1729670441825896412,Celana Bahan Pria Formal Slimfit Style Korea Celana Jas Blazer Celana Formal Laki Laki,"Hitam, 39",14113818693,exact_product,CLN-P-HTM-39
Tiktoksellercenter_batchedit_20260925_all_information_template_1.xlsx,404,1729670441825896412,Celana Bahan Pria Formal Slimfit Style Korea Celana Jas Blazer Celana Formal Laki Laki,"Hitam, 40",14113818693,exact_product,CLN-P-HTM-40
Tiktoksellercenter_batchedit_20260925_all_information_template_1.xlsx,405,1729670441825896412,Celana Bahan Pria Formal Slimfit Style Korea Celana Jas Blazer Celana Formal Laki Laki,"Navy, 27",14113818693,exact_product,CLN-P-NVY-27
Tiktoksellercenter_batchedit_20260925_all_information_template_1.xlsx,406,1729670441825896412,Celana Bahan Pria Formal Slimfit Style Korea Celana Jas Blazer Celana Formal Laki Laki,"Navy, 28",14113818693,exact_product,CLN-P-NVY-28
Tiktoksellercenter_batchedit_20260925_all_information_template_1.xlsx,407,1729670441825896412,Celana Bahan Pria Formal Slimfit Style Korea Celana Jas Blazer Celana Formal Laki Laki,"Navy, 29",14113818693,exact_product,CLN-P-NVY-29
Tiktoksellercenter_batchedit_20260925_all_information_template_1.xlsx,408,1729670441825896412,Celana Bahan Pria Formal Slimfit Style Korea Celana Jas Blazer Celana Formal Laki Laki,"Navy, 30",14113818693,exact_product,CLN-P-NVY-30
Tiktoksellercenter_batchedit_20260925_all_information_template_1.xlsx,409,1729670441825896412,Celana Bahan Pria Formal Slimfit Style Korea Celana Jas Blazer Celana Formal Laki Laki,"Navy, 31",14113818693,exact_product,CLN-P-NVY-31
Tiktoksellercenter_batchedit_20260925_all_information_template_1.xlsx,410,1729670441825896412,Celana Bahan Pria Formal Slimfit Style Korea Celana Jas Blazer Celana Formal Laki Laki,"Navy, 32",14113818693,exact_product,CLN-P-NVY-32
Tiktoksellercenter_batchedit_20260925_all_information_template_1.xlsx,411,1729670441825896412,Celana Bahan Pria Formal Slimfit Style Korea Celana Jas Blazer Celana Formal Laki Laki,"Navy, 33",14113818693,exact_product,CLN-P-NVY-33
Tiktoksellercenter_batchedit_20260925_all_information_template_1.xlsx,412,1729670441825896412,Celana Bahan Pria Formal Slimfit Style Korea Celana Jas Blazer Celana Formal Laki Laki,"Navy, 34",14113818693,exact_product,CLN-P-NVY-34
Tiktoksellercenter_batchedit_20260925_all_information_template_1.xlsx,413,1729670441825896412,Celana Bahan Pria Formal Slimfit Style Korea Celana Jas Blazer Celana Formal Laki Laki,"Navy, 35",14113818693,exact_product,CLN-P-NVY-35
Tiktoksellercenter_batchedit_20260925_all_information_template_1.xlsx,414,1729670441825896412,Celana Bahan Pria Formal Slimfit Style Korea Celana Jas Blazer Celana Formal Laki Laki,"Navy, 36",14113818693,exact_product,CLN-P-NVY-36
Tiktoksellercenter_batchedit_20260925_all_information_template_1.xlsx,415,1729670441825896412,Celana Bahan Pria Formal Slimfit Style Korea Celana Jas Blazer Celana Formal Laki Laki,"Navy, 37",14113818693,exact_product,CLN-P-NVY-37
Tiktoksellercenter_batchedit_20260925_all_information_template_1.xlsx,416,1729670441825896412,Celana Bahan Pria Formal Slimfit Style Korea Celana Jas Blazer Celana Formal Laki Laki,"Navy, 38",14113818693,exact_product,CLN-P-NVY-38
Tiktoksellercenter_batchedit_20260925_all_information_template_1.xlsx,417,1729670441825896412,Celana Bahan Pria Formal Slimfit Style Korea Celana Jas Blazer Celana Formal Laki Laki,"Navy, 39",14113818693,exact_product,CLN-P-NVY-39
Tiktoksellercenter_batchedit_20260925_all_information_template_1.xlsx,418,1729670441825896412,Celana Bahan Pria Formal Slimfit Style Korea Celana Jas Blazer Celana Formal Laki Laki,"Navy, 40",14113818693,exact_product,CLN-P-NVY-40
Tiktoksellercenter_batchedit_20260925_all_information_template_1.xlsx,419,1729670441825896412,Celana Bahan Pria Formal Slimfit Style Korea Celana Jas Blazer Celana Formal Laki Laki,"Abu, 27",14113818693,exact_product,CLN-P-ABU-27
Tiktoksellercenter_batchedit_20260925_all_information_template_1.xlsx,420,1729670441825896412,Celana Bahan Pria Formal Slimfit Style Korea Celana Jas Blazer Celana Formal Laki Laki,"Abu, 28",14113818693,exact_product,CLN-P-ABU-28
Tiktoksellercenter_batchedit_20260925_all_information_template_1.xlsx,421,1729670441825896412,Celana Bahan Pria Formal Slimfit Style Korea Celana Jas Blazer Celana Formal Laki Laki,"Abu, 29",14113818693,exact_product,CLN-P-ABU-29
Tiktoksellercenter_batchedit_20260925_all_information_template_1.xlsx,422,1729670441825896412,Celana Bahan Pria Formal Slimfit Style Korea Celana Jas Blazer Celana Formal Laki Laki,"Abu, 30",14113818693,exact_product,CLN-P-ABU-30
Tiktoksellercenter_batchedit_20260925_all_information_template_1.xlsx,423,1729670441825896412,Celana Bahan Pria Formal Slimfit Style Korea Celana Jas Blazer Celana Formal Laki Laki,"Abu, 31",14113818693,exact_product,CLN-P-ABU-31
Tiktoksellercenter_batchedit_20260925_all_information_template_1.xlsx,424,1729670441825896412,Celana Bahan Pria Formal Slimfit Style Korea Celana Jas Blazer Celana Formal Laki Laki,"Abu, 32",14113818693,exact_product,CLN-P-ABU-32
Tiktoksellercenter_batchedit_20260925_all_information_template_1.xlsx,425,1729670441825896412,Celana Bahan Pria Formal Slimfit Style Korea Celana Jas Blazer Celana Formal Laki Laki,"Abu, 33",14113818693,exact_product,CLN-P-ABU-33
Tiktoksellercenter_batchedit_20260925_all_information_template_1.xlsx,426,1729670441825896412,Celana Bahan Pria Formal Slimfit Style Korea Celana Jas Blazer Celana Formal Laki Laki,"Abu, 34",14113818693,exact_product,CLN-P-ABU-34
Tiktoksellercenter_batchedit_20260925_all_information_template_1.xlsx,427,1729670441825896412,Celana Bahan Pria Formal Slimfit Style Korea Celana Jas Blazer Celana Formal Laki Laki,"Abu, 35",14113818693,exact_product,CLN-P-ABU-35
Tiktoksellercenter_batchedit_20260925_all_information_template_1.xlsx,428,1729670441825896412,Celana Bahan Pria Formal Slimfit Style Korea Celana Jas Blazer Celana Formal Laki Laki,"Abu, 36",14113818693,exact_product,CLN-P-ABU-36
Tiktoksellercenter_batchedit_20260925_all_information_template_1.xlsx,429,1729670441825896412,Celana Bahan Pria Formal Slimfit Style Korea Celana Jas Blazer Celana Formal Laki Laki,"Abu, 37",14113818693,exact_product,CLN-P-ABU-37
Tiktoksellercenter_batchedit_20260925_all_information_template_1.xlsx,430,1729670441825896412,Celana Bahan Pria Formal Slimfit Style Korea Celana Jas Blazer Celana Formal Laki Laki,"Abu, 38",14113818693,exact_product,CLN-P-ABU-38
Tiktoksellercenter_batchedit_20260925_all_information_template_1.xlsx,431,1729670441825896412,Celana Bahan Pria Formal Slimfit Style Korea Celana Jas Blazer Celana Formal Laki Laki,"Abu, 39",14113818693,exact_product,CLN-P-ABU-39
Tiktoksellercenter_batchedit_20260925_all_information_template_1.xlsx,432,1729670441825896412,Celana Bahan Pria Formal Slimfit Style Korea Celana Jas Blazer Celana Formal Laki Laki,"Abu, 40",14113818693,exact_product,CLN-P-ABU-40
Tiktoksellercenter_batchedit_20260925_all_information_template_1.xlsx,433,1729670441825896412,Celana Bahan Pria Formal Slimfit Style Korea Celana Jas Blazer Celana Formal Laki Laki,"Burgundy, 27",14113818693,exact_product,CLN-P-MTA-27
Tiktoksellercenter_batchedit_20260925_all_information_template_1.xlsx,434,1729670441825896412,Celana Bahan Pria Formal Slimfit Style Korea Celana Jas Blazer Celana Formal Laki Laki,"Burgundy, 28",14113818693,exact_product,CLN-P-MTA-28
Tiktoksellercenter_batchedit_20260925_all_information_template_1.xlsx,435,1729670441825896412,Celana Bahan Pria Formal Slimfit Style Korea Celana Jas Blazer Celana Formal Laki Laki,"Burgundy, 29",14113818693,exact_product,CLN-P-MTA-29
Tiktoksellercenter_batchedit_20260925_all_information_template_1.xlsx,436,1729670441825896412,Celana Bahan Pria Formal Slimfit Style Korea Celana Jas Blazer Celana Formal Laki Laki,"Burgundy, 30",14113818693,exact_product,CLN-P-MTA-30
Tiktoksellercenter_batchedit_20260925_all_information_template_1.xlsx,437,1729670441825896412,Celana Bahan Pria Formal Slimfit Style Korea Celana Jas Blazer Celana Formal Laki Laki,"Burgundy, 31",14113818693,exact_product,CLN-P-MTA-31
Tiktoksellercenter_batchedit_20260925_all_information_template_1.xlsx,438,1729670441825896412,Celana Bahan Pria Formal Slimfit Style Korea Celana Jas Blazer Celana Formal Laki Laki,"Burgundy, 32",14113818693,exact_product,CLN-P-MTA-32
Tiktoksellercenter_batchedit_20260925_all_information_template_1.xlsx,439,1729670441825896412,Celana Bahan Pria Formal Slimfit Style Korea Celana Jas Blazer Celana Formal Laki Laki,"Burgundy, 33",14113818693,exact_product,CLN-P-MTA-33
Tiktoksellercenter_batchedit_20260925_all_information_template_1.xlsx,440,1729670441825896412,Celana Bahan Pria Formal Slimfit Style Korea Celana Jas Blazer Celana Formal Laki Laki,"Burgundy, 34",14113818693,exact_product,CLN-P-MTA-34
Tiktoksellercenter_batchedit_20260925_all_information_template_1.xlsx,441,1729670441825896412,Celana Bahan Pria Formal Slimfit Style Korea Celana Jas Blazer Celana Formal Laki Laki,"Burgundy, 35",14113818693,exact_product,CLN-P-MTA-35
Tiktoksellercenter_batchedit_20260925_all_information_template_1.xlsx,442,1729670441825896412,Celana Bahan Pria Formal Slimfit Style Korea Celana Jas Blazer Celana Formal Laki Laki,"Burgundy, 36",14113818693,exact_product,CLN-P-MTA-36
Tiktoksellercenter_batchedit_20260925_all_information_template_1.xlsx,443,1729670441825896412,Celana Bahan Pria Formal Slimfit Style Korea Celana Jas Blazer Celana Formal Laki Laki,"Burgundy, 37",14113818693,exact_product,CLN-P-MTA-37
Tiktoksellercenter_batchedit_20260925_all_information_template_1.xlsx,444,1729670441825896412,Celana Bahan Pria Formal Slimfit Style Korea Celana Jas Blazer Celana Formal Laki Laki,"Burgundy, 38",14113818693,exact_product,CLN-P-MTA-38
Tiktoksellercenter_batchedit_20260925_all_information_template_1.xlsx,445,1729670441825896412,Celana Bahan Pria Formal Slimfit Style Korea Celana Jas Blazer Celana Formal Laki Laki,"Burgundy, 39",14113818693,exact_product,CLN-P-MTA-39
Tiktoksellercenter_batchedit_20260925_all_information_template_1.xlsx,446,1729670441825896412,Celana Bahan Pria Formal Slimfit Style Korea Celana Jas Blazer Celana Formal Laki Laki,"Burgundy, 40",14113818693,exact_product,CLN-P-MTA-40
Tiktoksellercenter_batchedit_20260925_all_information_template_1.xlsx,447,1729670441825896412,Celana Bahan Pria Formal Slimfit Style Korea Celana Jas Blazer Celana Formal Laki Laki,"Marun Muda, 27",14113818693,exact_product,CLN-P-MMD-27
Tiktoksellercenter_batchedit_20260925_all_information_template_1.xlsx,448,1729670441825896412,Celana Bahan Pria Formal Slimfit Style Korea Celana Jas Blazer Celana Formal Laki Laki,"Marun Muda, 28",14113818693,exact_product,CLN-P-MMD-28
Tiktoksellercenter_batchedit_20260925_all_information_template_1.xlsx,449,1729670441825896412,Celana Bahan Pria Formal Slimfit Style Korea Celana Jas Blazer Celana Formal Laki Laki,"Marun Muda, 29",14113818693,exact_product,CLN-P-MMD-29
Tiktoksellercenter_batchedit_20260925_all_information_template_1.xlsx,450,1729670441825896412,Celana Bahan Pria Formal Slimfit Style Korea Celana Jas Blazer Celana Formal Laki Laki,"Marun Muda, 30",14113818693,exact_product,CLN-P-MMD-30
Tiktoksellercenter_batchedit_20260925_all_information_template_1.xlsx,451,1729670441825896412,Celana Bahan Pria Formal Slimfit Style Korea Celana Jas Blazer Celana Formal Laki Laki,"Marun Muda, 31",14113818693,exact_product,CLN-P-MMD-31
Tiktoksellercenter_batchedit_20260925_all_information_template_1.xlsx,452,1729670441825896412,Celana Bahan Pria Formal Slimfit Style Korea Celana Jas Blazer Celana Formal Laki Laki,"Marun Muda, 32",14113818693,exact_product,CLN-P-MMD-32
Tiktoksellercenter_batchedit_20260925_all_information_template_1.xlsx,453,1729670441825896412,Celana Bahan Pria Formal Slimfit Style Korea Celana Jas Blazer Celana Formal Laki Laki,"Marun Muda, 33",14113818693,exact_product,CLN-P-MMD-33
Tiktoksellercenter_batchedit_20260925_all_information_template_1.xlsx,454,1729670441825896412,Celana Bahan Pria Formal Slimfit Style Korea Celana Jas Blazer Celana Formal Laki Laki,"Marun Muda, 34",14113818693,exact_product,CLN-P-MMD-34
Tiktoksellercenter_batchedit_20260925_all_information_template_1.xlsx,455,1729670441825896412,Celana Bahan Pria Formal Slimfit Style Korea Celana Jas Blazer Celana Formal Laki Laki,"Marun Muda, 35",14113818693,exact_product,CLN-P-MMD-35
Tiktoksellercenter_batchedit_20260925_all_information_template_1.xlsx,456,1729670441825896412,Celana Bahan Pria Formal Slimfit Style Korea Celana Jas Blazer Celana Formal Laki Laki,"Marun Muda, 36",14113818693,exact_product,CLN-P-MMD-36
Tiktoksellercenter_batchedit_20260925_all_information_template_1.xlsx,457,1729670441825896412,Celana Bahan Pria Formal Slimfit Style Korea Celana Jas Blazer Celana Formal Laki Laki,"Marun Muda, 37",14113818693,exact_product,CLN-P-MMD-37
Tiktoksellercenter_batchedit_20260925_all_information_template_1.xlsx,458,1729670441825896412,Celana Bahan Pria Formal Slimfit Style Korea Celana Jas Blazer Celana Formal Laki Laki,"Marun Muda, 38",14113818693,exact_product,CLN-P-MMD-38
Tiktoksellercenter_batchedit_20260925_all_information_template_1.xlsx,459,1729670441825896412,Celana Bahan Pria Formal Slimfit Style Korea Celana Jas Blazer Celana Formal Laki Laki,"Marun Muda, 39",14113818693,exact_product,CLN-P-MMD-39
Tiktoksellercenter_batchedit_20260925_all_information_template_1.xlsx,460,1729670441825896412,Celana Bahan Pria Formal Slimfit Style Korea Celana Jas Blazer Celana Formal Laki Laki,"Marun Muda, 40",14113818693,exact_product,CLN-P-MMD-40
Tiktoksellercenter_batchedit_20260925_all_information_template_1.xlsx,462,1729733026619755484,Jas & Blazer Formal Pria Casual Slimfit Premium Semi Woll Tebal Lembut,"Hitam, S",13276749795,exact_product,jas-p-htm-s
Tiktoksellercenter_batchedit_20260925_all_information_template_1.xlsx,463,1729733026619755484,Jas & Blazer Formal Pria Casual Slimfit Premium Semi Woll Tebal Lembut,"Hitam, L",13276749795,exact_product,jas-p-htm-l
Tiktoksellercenter_batchedit_20260925_all_information_template_1.xlsx,464,1729733026619755484,Jas & Blazer Formal Pria Casual Slimfit Premium Semi Woll Tebal Lembut,"Hitam, M",13276749795,exact_product,jas-p-htm-m
Tiktoksellercenter_batchedit_20260925_all_information_template_1.xlsx,465,1729733026619755484,Jas & Blazer Formal Pria Casual Slimfit Premium Semi Woll Tebal Lembut,"Hitam, XL",13276749795,exact_product,jas-p-htm-xl
Tiktoksellercenter_batchedit_20260925_all_information_template_1.xlsx,466,1729733026619755484,Jas & Blazer Formal Pria Casual Slimfit Premium Semi Woll Tebal Lembut,"Hitam, XXL",13276749795,exact_product,jas-p-htm-xxl
Tiktoksellercenter_batchedit_20260925_all_information_template_1.xlsx,467,1729733026619755484,Jas & Blazer Formal Pria Casual Slimfit Premium Semi Woll Tebal Lembut,"Hitam, XXXL",13276749795,exact_product,jas-p-htm-xxxl
Tiktoksellercenter_batchedit_20260925_all_information_template_1.xlsx,468,1729733026619755484,Jas & Blazer Formal Pria Casual Slimfit Premium Semi Woll Tebal Lembut,"Navy, XS",15894005218,validated_family_variant,jas-p-nvy-xs
Tiktoksellercenter_batchedit_20260925_all_information_template_1.xlsx,469,1729733026619755484,Jas & Blazer Formal Pria Casual Slimfit Premium Semi Woll Tebal Lembut,"Navy, S",13276749795,exact_product,jas-p-nvy-s
Tiktoksellercenter_batchedit_20260925_all_information_template_1.xlsx,470,1729733026619755484,Jas & Blazer Formal Pria Casual Slimfit Premium Semi Woll Tebal Lembut,"Navy, L",13276749795,exact_product,jas-p-nvy-l
Tiktoksellercenter_batchedit_20260925_all_information_template_1.xlsx,471,1729733026619755484,Jas & Blazer Formal Pria Casual Slimfit Premium Semi Woll Tebal Lembut,"Navy, M",13276749795,exact_product,jas-p-nvy-m
Tiktoksellercenter_batchedit_20260925_all_information_template_1.xlsx,472,1729733026619755484,Jas & Blazer Formal Pria Casual Slimfit Premium Semi Woll Tebal Lembut,"Navy, XL",13276749795,exact_product,jas-p-nvy-xl
Tiktoksellercenter_batchedit_20260925_all_information_template_1.xlsx,473,1729733026619755484,Jas & Blazer Formal Pria Casual Slimfit Premium Semi Woll Tebal Lembut,"Navy, XXL",13276749795,exact_product,jas-p-nvy-xxl
Tiktoksellercenter_batchedit_20260925_all_information_template_1.xlsx,474,1729733026619755484,Jas & Blazer Formal Pria Casual Slimfit Premium Semi Woll Tebal Lembut,"Navy, XXXL",13276749795,exact_product,jas-p-nvy-xxxl
Tiktoksellercenter_batchedit_20260925_all_information_template_1.xlsx,475,1729733026619755484,Jas & Blazer Formal Pria Casual Slimfit Premium Semi Woll Tebal Lembut,"Biru Langit, XS",15894005218,validated_family_variant,jas-p-blg-xs
Tiktoksellercenter_batchedit_20260925_all_information_template_1.xlsx,476,1729733026619755484,Jas & Blazer Formal Pria Casual Slimfit Premium Semi Woll Tebal Lembut,"Biru Langit, S",13276749795,exact_product,jas-p-blg-s
Tiktoksellercenter_batchedit_20260925_all_information_template_1.xlsx,477,1729733026619755484,Jas & Blazer Formal Pria Casual Slimfit Premium Semi Woll Tebal Lembut,"Biru Langit, L",13276749795,exact_product,jas-p-blg-l
Tiktoksellercenter_batchedit_20260925_all_information_template_1.xlsx,478,1729733026619755484,Jas & Blazer Formal Pria Casual Slimfit Premium Semi Woll Tebal Lembut,"Biru Langit, M",13276749795,exact_product,jas-p-blg-m
Tiktoksellercenter_batchedit_20260925_all_information_template_1.xlsx,479,1729733026619755484,Jas & Blazer Formal Pria Casual Slimfit Premium Semi Woll Tebal Lembut,"Biru Langit, XL",13276749795,exact_product,jas-p-blg-xl
Tiktoksellercenter_batchedit_20260925_all_information_template_1.xlsx,480,1729733026619755484,Jas & Blazer Formal Pria Casual Slimfit Premium Semi Woll Tebal Lembut,"Biru Langit, XXL",13276749795,exact_product,jas-p-blg-xxl
Tiktoksellercenter_batchedit_20260925_all_information_template_1.xlsx,481,1729733026619755484,Jas & Blazer Formal Pria Casual Slimfit Premium Semi Woll Tebal Lembut,"Biru Langit, XXXL",13276749795,exact_product,jas-p-blg-xxxl
Tiktoksellercenter_batchedit_20260925_all_information_template_1.xlsx,483,1729733026619755484,Jas & Blazer Formal Pria Casual Slimfit Premium Semi Woll Tebal Lembut,"Putih, S",13276749795,exact_product,jas-p-pth-s
Tiktoksellercenter_batchedit_20260925_all_information_template_1.xlsx,484,1729733026619755484,Jas & Blazer Formal Pria Casual Slimfit Premium Semi Woll Tebal Lembut,"Putih, L",13276749795,exact_product,jas-p-pth-l
Tiktoksellercenter_batchedit_20260925_all_information_template_1.xlsx,485,1729733026619755484,Jas & Blazer Formal Pria Casual Slimfit Premium Semi Woll Tebal Lembut,"Putih, M",13276749795,exact_product,jas-p-pth-m
Tiktoksellercenter_batchedit_20260925_all_information_template_1.xlsx,486,1729733026619755484,Jas & Blazer Formal Pria Casual Slimfit Premium Semi Woll Tebal Lembut,"Putih, XL",13276749795,exact_product,jas-p-pth-xl
Tiktoksellercenter_batchedit_20260925_all_information_template_1.xlsx,487,1729733026619755484,Jas & Blazer Formal Pria Casual Slimfit Premium Semi Woll Tebal Lembut,"Putih, XXL",13276749795,exact_product,jas-p-pth-xxl
Tiktoksellercenter_batchedit_20260925_all_information_template_1.xlsx,488,1729733026619755484,Jas & Blazer Formal Pria Casual Slimfit Premium Semi Woll Tebal Lembut,"Putih, XXXL",13276749795,exact_product,jas-p-pth-xxxl
Tiktoksellercenter_batchedit_20260925_all_information_template_1.xlsx,489,1729733026619755484,Jas & Blazer Formal Pria Casual Slimfit Premium Semi Woll Tebal Lembut,"Marun, XS",15894005218,validated_family_variant,jas-p-mmd-xs
Tiktoksellercenter_batchedit_20260925_all_information_template_1.xlsx,490,1729733026619755484,Jas & Blazer Formal Pria Casual Slimfit Premium Semi Woll Tebal Lembut,"Marun, S",13276749795,exact_product,jas-p-mmd-s
Tiktoksellercenter_batchedit_20260925_all_information_template_1.xlsx,491,1729733026619755484,Jas & Blazer Formal Pria Casual Slimfit Premium Semi Woll Tebal Lembut,"Marun, L",13276749795,exact_product,jas-p-mmd-l
Tiktoksellercenter_batchedit_20260925_all_information_template_1.xlsx,492,1729733026619755484,Jas & Blazer Formal Pria Casual Slimfit Premium Semi Woll Tebal Lembut,"Marun, M",13276749795,exact_product,jas-p-mmd-m
Tiktoksellercenter_batchedit_20260925_all_information_template_1.xlsx,493,1729733026619755484,Jas & Blazer Formal Pria Casual Slimfit Premium Semi Woll Tebal Lembut,"Marun, XL",13276749795,exact_product,jas-p-mmd-xl
Tiktoksellercenter_batchedit_20260925_all_information_template_1.xlsx,494,1729733026619755484,Jas & Blazer Formal Pria Casual Slimfit Premium Semi Woll Tebal Lembut,"Marun, XXL",13276749795,exact_product,jas-p-mmd-xxl
Tiktoksellercenter_batchedit_20260925_all_information_template_1.xlsx,495,1729733026619755484,Jas & Blazer Formal Pria Casual Slimfit Premium Semi Woll Tebal Lembut,"Marun, XXXL",13276749795,exact_product,jas-p-mmd-xxxl
Tiktoksellercenter_batchedit_20260925_all_information_template_1.xlsx,496,1729733026619755484,Jas & Blazer Formal Pria Casual Slimfit Premium Semi Woll Tebal Lembut,"Marun Tua, XS",15894005218,validated_family_variant,jas-p-mta-xs
Tiktoksellercenter_batchedit_20260925_all_information_template_1.xlsx,497,1729733026619755484,Jas & Blazer Formal Pria Casual Slimfit Premium Semi Woll Tebal Lembut,"Marun Tua, S",13276749795,exact_product,jas-p-mta-s
Tiktoksellercenter_batchedit_20260925_all_information_template_1.xlsx,498,1729733026619755484,Jas & Blazer Formal Pria Casual Slimfit Premium Semi Woll Tebal Lembut,"Marun Tua, L",13276749795,exact_product,jas-p-mta-l
Tiktoksellercenter_batchedit_20260925_all_information_template_1.xlsx,499,1729733026619755484,Jas & Blazer Formal Pria Casual Slimfit Premium Semi Woll Tebal Lembut,"Marun Tua, M",13276749795,exact_product,jas-p-mta-m
Tiktoksellercenter_batchedit_20260925_all_information_template_1.xlsx,500,1729733026619755484,Jas & Blazer Formal Pria Casual Slimfit Premium Semi Woll Tebal Lembut,"Marun Tua, XL",13276749795,exact_product,jas-p-mta-xl
Tiktoksellercenter_batchedit_20260925_all_information_template_1.xlsx,501,1729733026619755484,Jas & Blazer Formal Pria Casual Slimfit Premium Semi Woll Tebal Lembut,"Marun Tua, XXL",13276749795,exact_product,jas-p-mta-xxl
Tiktoksellercenter_batchedit_20260925_all_information_template_1.xlsx,502,1729733026619755484,Jas & Blazer Formal Pria Casual Slimfit Premium Semi Woll Tebal Lembut,"Marun Tua, XXXL",13276749795,exact_product,jas-p-mta-xxxl
Tiktoksellercenter_batchedit_20260925_all_information_template_1.xlsx,511,1729733026619755484,Jas & Blazer Formal Pria Casual Slimfit Premium Semi Woll Tebal Lembut,"Abu, S",13276749795,exact_product,jas-p-abu-s
Tiktoksellercenter_batchedit_20260925_all_information_template_1.xlsx,512,1729733026619755484,Jas & Blazer Formal Pria Casual Slimfit Premium Semi Woll Tebal Lembut,"Abu, L",13276749795,exact_product,jas-p-abu-l
Tiktoksellercenter_batchedit_20260925_all_information_template_1.xlsx,513,1729733026619755484,Jas & Blazer Formal Pria Casual Slimfit Premium Semi Woll Tebal Lembut,"Abu, M",13276749795,exact_product,jas-p-abu-m
Tiktoksellercenter_batchedit_20260925_all_information_template_1.xlsx,514,1729733026619755484,Jas & Blazer Formal Pria Casual Slimfit Premium Semi Woll Tebal Lembut,"Abu, XL",13276749795,exact_product,jas-p-abu-xl
Tiktoksellercenter_batchedit_20260925_all_information_template_1.xlsx,515,1729733026619755484,Jas & Blazer Formal Pria Casual Slimfit Premium Semi Woll Tebal Lembut,"Abu, XXL",13276749795,exact_product,jas-p-abu-xxl
Tiktoksellercenter_batchedit_20260925_all_information_template_1.xlsx,516,1729733026619755484,Jas & Blazer Formal Pria Casual Slimfit Premium Semi Woll Tebal Lembut,"Abu, XXXL",13276749795,exact_product,jas-p-abu-xxxl
Tiktoksellercenter_batchedit_20260925_all_information_template_1.xlsx,524,1729733033814035420,3 In 1 Set Jas Pria Tuxedo Pria Setelan Jas Pria Formal,"Hitam, XS",22656255576,exact_product,3IN1-P-HTM-XS
Tiktoksellercenter_batchedit_20260925_all_information_template_1.xlsx,525,1729733033814035420,3 In 1 Set Jas Pria Tuxedo Pria Setelan Jas Pria Formal,"Hitam, S",22656255576,exact_product,3IN1-P-HTM-S
Tiktoksellercenter_batchedit_20260925_all_information_template_1.xlsx,526,1729733033814035420,3 In 1 Set Jas Pria Tuxedo Pria Setelan Jas Pria Formal,"Hitam, M",22656255576,exact_product,3IN1-P-HTM-M
Tiktoksellercenter_batchedit_20260925_all_information_template_1.xlsx,527,1729733033814035420,3 In 1 Set Jas Pria Tuxedo Pria Setelan Jas Pria Formal,"Hitam, L",22656255576,exact_product,3IN1-P-HTM-L
Tiktoksellercenter_batchedit_20260925_all_information_template_1.xlsx,528,1729733033814035420,3 In 1 Set Jas Pria Tuxedo Pria Setelan Jas Pria Formal,"Hitam, XL",22656255576,exact_product,3IN1-P-HTM-XL
Tiktoksellercenter_batchedit_20260925_all_information_template_1.xlsx,529,1729733033814035420,3 In 1 Set Jas Pria Tuxedo Pria Setelan Jas Pria Formal,"Hitam, XXL",22656255576,exact_product,3IN1-P-HTM-XXL
Tiktoksellercenter_batchedit_20260925_all_information_template_1.xlsx,530,1729733033814035420,3 In 1 Set Jas Pria Tuxedo Pria Setelan Jas Pria Formal,"Hitam, XXXL",22656255576,exact_product,3IN1-P-HTM-XXXL
Tiktoksellercenter_batchedit_20260925_all_information_template_1.xlsx,531,1729733033814035420,3 In 1 Set Jas Pria Tuxedo Pria Setelan Jas Pria Formal,"Navy, XS",22656255576,exact_product,3IN1-P-NVY-XS
Tiktoksellercenter_batchedit_20260925_all_information_template_1.xlsx,532,1729733033814035420,3 In 1 Set Jas Pria Tuxedo Pria Setelan Jas Pria Formal,"Navy, S",22656255576,exact_product,3IN1-P-NVY-S
Tiktoksellercenter_batchedit_20260925_all_information_template_1.xlsx,533,1729733033814035420,3 In 1 Set Jas Pria Tuxedo Pria Setelan Jas Pria Formal,"Navy, M",22656255576,exact_product,3IN1-P-NVY-M
Tiktoksellercenter_batchedit_20260925_all_information_template_1.xlsx,534,1729733033814035420,3 In 1 Set Jas Pria Tuxedo Pria Setelan Jas Pria Formal,"Navy, L",22656255576,exact_product,3IN1-P-NVY-L
Tiktoksellercenter_batchedit_20260925_all_information_template_1.xlsx,535,1729733033814035420,3 In 1 Set Jas Pria Tuxedo Pria Setelan Jas Pria Formal,"Navy, XL",22656255576,exact_product,3IN1-P-NVY-XL
Tiktoksellercenter_batchedit_20260925_all_information_template_1.xlsx,536,1729733033814035420,3 In 1 Set Jas Pria Tuxedo Pria Setelan Jas Pria Formal,"Navy, XXL",22656255576,exact_product,3IN1-P-NVY-XXL
Tiktoksellercenter_batchedit_20260925_all_information_template_1.xlsx,537,1729733033814035420,3 In 1 Set Jas Pria Tuxedo Pria Setelan Jas Pria Formal,"Navy, XXXL",22656255576,exact_product,3IN1-P-NVY-XXXL
Tiktoksellercenter_batchedit_20260925_all_information_template_1.xlsx,545,1729733033814035420,3 In 1 Set Jas Pria Tuxedo Pria Setelan Jas Pria Formal,"Marun Tua, XS",22656255576,exact_product,3IN1-P-MTA-XS
Tiktoksellercenter_batchedit_20260925_all_information_template_1.xlsx,546,1729733033814035420,3 In 1 Set Jas Pria Tuxedo Pria Setelan Jas Pria Formal,"Marun Tua, S",22656255576,exact_product,3IN1-P-MTA-S
Tiktoksellercenter_batchedit_20260925_all_information_template_1.xlsx,547,1729733033814035420,3 In 1 Set Jas Pria Tuxedo Pria Setelan Jas Pria Formal,"Marun Tua, M",22656255576,exact_product,3IN1-P-MTA-M
Tiktoksellercenter_batchedit_20260925_all_information_template_1.xlsx,548,1729733033814035420,3 In 1 Set Jas Pria Tuxedo Pria Setelan Jas Pria Formal,"Marun Tua, L",22656255576,exact_product,3IN1-P-MTA-L
Tiktoksellercenter_batchedit_20260925_all_information_template_1.xlsx,549,1729733033814035420,3 In 1 Set Jas Pria Tuxedo Pria Setelan Jas Pria Formal,"Marun Tua, XL",22656255576,exact_product,3IN1-P-MTA-XL
Tiktoksellercenter_batchedit_20260925_all_information_template_1.xlsx,550,1729733033814035420,3 In 1 Set Jas Pria Tuxedo Pria Setelan Jas Pria Formal,"Marun Tua, XXL",22656255576,exact_product,3IN1-P-MTA-XXL
Tiktoksellercenter_batchedit_20260925_all_information_template_1.xlsx,551,1729733033814035420,3 In 1 Set Jas Pria Tuxedo Pria Setelan Jas Pria Formal,"Marun Tua, XXXL",22656255576,exact_product,3IN1-P-MTA-XXXL
Tiktoksellercenter_batchedit_20260925_all_information_template_1.xlsx,560,1729733033814035420,3 In 1 Set Jas Pria Tuxedo Pria Setelan Jas Pria Formal,"Sage, S",14862182823,validated_family_variant,3in1-p-sge-s
Tiktoksellercenter_batchedit_20260925_all_information_template_1.xlsx,561,1729733033814035420,3 In 1 Set Jas Pria Tuxedo Pria Setelan Jas Pria Formal,"Sage, M",14862182823,validated_family_variant,3in1-p-sge-m
Tiktoksellercenter_batchedit_20260925_all_information_template_1.xlsx,562,1729733033814035420,3 In 1 Set Jas Pria Tuxedo Pria Setelan Jas Pria Formal,"Sage, L",14862182823,validated_family_variant,3in1-p-sge-l
Tiktoksellercenter_batchedit_20260925_all_information_template_1.xlsx,563,1729733033814035420,3 In 1 Set Jas Pria Tuxedo Pria Setelan Jas Pria Formal,"Sage, XL",14862182823,validated_family_variant,3in1-p-sge-xl
Tiktoksellercenter_batchedit_20260925_all_information_template_1.xlsx,564,1729733033814035420,3 In 1 Set Jas Pria Tuxedo Pria Setelan Jas Pria Formal,"Sage, XXL",14862182823,validated_family_variant,3in1-p-sge-xxl
Tiktoksellercenter_batchedit_20260925_all_information_template_1.xlsx,565,1729733033814035420,3 In 1 Set Jas Pria Tuxedo Pria Setelan Jas Pria Formal,"Sage, XXXL",14862182823,validated_family_variant,3in1-p-sge-xxxl
Tiktoksellercenter_batchedit_20260925_all_information_template_1.xlsx,567,1729733033814035420,3 In 1 Set Jas Pria Tuxedo Pria Setelan Jas Pria Formal,"Coklat Mahogani, S",14862182823,validated_family_variant,3in1-p-cmh-s
Tiktoksellercenter_batchedit_20260925_all_information_template_1.xlsx,568,1729733033814035420,3 In 1 Set Jas Pria Tuxedo Pria Setelan Jas Pria Formal,"Coklat Mahogani, M",14862182823,validated_family_variant,3in1-p-cmh-m
Tiktoksellercenter_batchedit_20260925_all_information_template_1.xlsx,569,1729733033814035420,3 In 1 Set Jas Pria Tuxedo Pria Setelan Jas Pria Formal,"Coklat Mahogani, L",14862182823,validated_family_variant,3in1-p-cmh-l
Tiktoksellercenter_batchedit_20260925_all_information_template_1.xlsx,570,1729733033814035420,3 In 1 Set Jas Pria Tuxedo Pria Setelan Jas Pria Formal,"Coklat Mahogani, XL",14862182823,validated_family_variant,3in1-p-cmh-xl
Tiktoksellercenter_batchedit_20260925_all_information_template_1.xlsx,571,1729733033814035420,3 In 1 Set Jas Pria Tuxedo Pria Setelan Jas Pria Formal,"Coklat Mahogani, XXL",14862182823,validated_family_variant,3in1-p-cmh-xxl
Tiktoksellercenter_batchedit_20260925_all_information_template_1.xlsx,572,1729733033814035420,3 In 1 Set Jas Pria Tuxedo Pria Setelan Jas Pria Formal,"Coklat Mahogani, XXXL",14862182823,validated_family_variant,3in1-p-cmh-xxxl
Tiktoksellercenter_batchedit_20260925_all_information_template_1.xlsx,573,1729733033814035420,3 In 1 Set Jas Pria Tuxedo Pria Setelan Jas Pria Formal,"Biru Langit, XS",22656255576,exact_product,3IN1-P-BLG-XS
Tiktoksellercenter_batchedit_20260925_all_information_template_1.xlsx,574,1729733033814035420,3 In 1 Set Jas Pria Tuxedo Pria Setelan Jas Pria Formal,"Biru Langit, S",22656255576,exact_product,3IN1-P-BLG-S
Tiktoksellercenter_batchedit_20260925_all_information_template_1.xlsx,575,1729733033814035420,3 In 1 Set Jas Pria Tuxedo Pria Setelan Jas Pria Formal,"Biru Langit, M",22656255576,exact_product,3IN1-P-BLG-M
Tiktoksellercenter_batchedit_20260925_all_information_template_1.xlsx,576,1729733033814035420,3 In 1 Set Jas Pria Tuxedo Pria Setelan Jas Pria Formal,"Biru Langit, L",22656255576,exact_product,3IN1-P-BLG-L
Tiktoksellercenter_batchedit_20260925_all_information_template_1.xlsx,577,1729733033814035420,3 In 1 Set Jas Pria Tuxedo Pria Setelan Jas Pria Formal,"Biru Langit, XL",22656255576,exact_product,3IN1-P-BLG-XL
Tiktoksellercenter_batchedit_20260925_all_information_template_1.xlsx,578,1729733033814035420,3 In 1 Set Jas Pria Tuxedo Pria Setelan Jas Pria Formal,"Biru Langit, XXL",22656255576,exact_product,3IN1-P-BLG-XXL
Tiktoksellercenter_batchedit_20260925_all_information_template_1.xlsx,579,1729733033814035420,3 In 1 Set Jas Pria Tuxedo Pria Setelan Jas Pria Formal,"Biru Langit, XXXL",22656255576,exact_product,3IN1-P-BLG-XXXL
Tiktoksellercenter_batchedit_20260925_all_information_template_1.xlsx,580,1729733033814035420,3 In 1 Set Jas Pria Tuxedo Pria Setelan Jas Pria Formal,"Merah Cabe, XS",22656255576,exact_product,3IN1-P-MCB-XS
Tiktoksellercenter_batchedit_20260925_all_information_template_1.xlsx,581,1729733033814035420,3 In 1 Set Jas Pria Tuxedo Pria Setelan Jas Pria Formal,"Merah Cabe, S",22656255576,exact_product,3IN1-P-MCB-S
Tiktoksellercenter_batchedit_20260925_all_information_template_1.xlsx,582,1729733033814035420,3 In 1 Set Jas Pria Tuxedo Pria Setelan Jas Pria Formal,"Merah Cabe, M",22656255576,exact_product,3IN1-P-MCB-M
Tiktoksellercenter_batchedit_20260925_all_information_template_1.xlsx,583,1729733033814035420,3 In 1 Set Jas Pria Tuxedo Pria Setelan Jas Pria Formal,"Merah Cabe, L",22656255576,exact_product,3IN1-P-MCB-L
Tiktoksellercenter_batchedit_20260925_all_information_template_1.xlsx,584,1729733033814035420,3 In 1 Set Jas Pria Tuxedo Pria Setelan Jas Pria Formal,"Merah Cabe, XL",22656255576,exact_product,3IN1-P-MCB-XL
Tiktoksellercenter_batchedit_20260925_all_information_template_1.xlsx,585,1729733033814035420,3 In 1 Set Jas Pria Tuxedo Pria Setelan Jas Pria Formal,"Merah Cabe, XXL",22656255576,exact_product,3IN1-P-MCB-XXL
Tiktoksellercenter_batchedit_20260925_all_information_template_1.xlsx,586,1729733033814035420,3 In 1 Set Jas Pria Tuxedo Pria Setelan Jas Pria Formal,"Merah Cabe, XXXL",22656255576,exact_product,3IN1-P-MCB-XXXL
Tiktoksellercenter_batchedit_20260925_all_information_template_1.xlsx,587,1729733049820154844,Jas Blazer 3 in 1 Warna Hitam Polos Setelan Jas Pria Rompi Tuxedo dan Celana Laki Laki,XS,22656255576,exact_product,3IN1-P-HTM-XS
Tiktoksellercenter_batchedit_20260925_all_information_template_1.xlsx,588,1729733049820154844,Jas Blazer 3 in 1 Warna Hitam Polos Setelan Jas Pria Rompi Tuxedo dan Celana Laki Laki,S,22656255576,exact_product,3IN1-P-HTM-S
Tiktoksellercenter_batchedit_20260925_all_information_template_1.xlsx,589,1729733049820154844,Jas Blazer 3 in 1 Warna Hitam Polos Setelan Jas Pria Rompi Tuxedo dan Celana Laki Laki,M,22656255576,exact_product,3IN1-P-HTM-M
Tiktoksellercenter_batchedit_20260925_all_information_template_1.xlsx,590,1729733049820154844,Jas Blazer 3 in 1 Warna Hitam Polos Setelan Jas Pria Rompi Tuxedo dan Celana Laki Laki,L,22656255576,exact_product,3IN1-P-HTM-L
Tiktoksellercenter_batchedit_20260925_all_information_template_1.xlsx,591,1729733049820154844,Jas Blazer 3 in 1 Warna Hitam Polos Setelan Jas Pria Rompi Tuxedo dan Celana Laki Laki,XL,22656255576,exact_product,3IN1-P-HTM-XL
Tiktoksellercenter_batchedit_20260925_all_information_template_1.xlsx,592,1729733049820154844,Jas Blazer 3 in 1 Warna Hitam Polos Setelan Jas Pria Rompi Tuxedo dan Celana Laki Laki,XXL,22656255576,exact_product,3IN1-P-HTM-XXL
Tiktoksellercenter_batchedit_20260925_all_information_template_1.xlsx,593,1729733049820154844,Jas Blazer 3 in 1 Warna Hitam Polos Setelan Jas Pria Rompi Tuxedo dan Celana Laki Laki,3XL,22656255576,exact_product,3IN1-P-HTM-XXXL
Tiktoksellercenter_batchedit_20260925_all_information_template_1.xlsx,594,1729733072589065180,Best Seller Tuxedo Pria 3 In 1 Paket Berisi Blazer Rompi Dan Celana Bonus Dasi Pakaian Kantor Jas Nikah Pakaian Sidang Skripsi Outfit Meeting Tuskedo Pria Setelan Slim Fit Casual Formal,"Hitam, XS",22656255576,validated_family_variant,3IN1-P-HTM-XS
Tiktoksellercenter_batchedit_20260925_all_information_template_1.xlsx,595,1729733072589065180,Best Seller Tuxedo Pria 3 In 1 Paket Berisi Blazer Rompi Dan Celana Bonus Dasi Pakaian Kantor Jas Nikah Pakaian Sidang Skripsi Outfit Meeting Tuskedo Pria Setelan Slim Fit Casual Formal,"Hitam, S",11397737616,exact_product,3IN1-P-HTM-S
Tiktoksellercenter_batchedit_20260925_all_information_template_1.xlsx,596,1729733072589065180,Best Seller Tuxedo Pria 3 In 1 Paket Berisi Blazer Rompi Dan Celana Bonus Dasi Pakaian Kantor Jas Nikah Pakaian Sidang Skripsi Outfit Meeting Tuskedo Pria Setelan Slim Fit Casual Formal,"Hitam, M",11397737616,exact_product,3IN1-P-HTM-M
Tiktoksellercenter_batchedit_20260925_all_information_template_1.xlsx,597,1729733072589065180,Best Seller Tuxedo Pria 3 In 1 Paket Berisi Blazer Rompi Dan Celana Bonus Dasi Pakaian Kantor Jas Nikah Pakaian Sidang Skripsi Outfit Meeting Tuskedo Pria Setelan Slim Fit Casual Formal,"Hitam, L",11397737616,exact_product,3IN1-P-HTM-L
Tiktoksellercenter_batchedit_20260925_all_information_template_1.xlsx,598,1729733072589065180,Best Seller Tuxedo Pria 3 In 1 Paket Berisi Blazer Rompi Dan Celana Bonus Dasi Pakaian Kantor Jas Nikah Pakaian Sidang Skripsi Outfit Meeting Tuskedo Pria Setelan Slim Fit Casual Formal,"Hitam, XL",11397737616,exact_product,3IN1-P-HTM-XL
Tiktoksellercenter_batchedit_20260925_all_information_template_1.xlsx,599,1729733072589065180,Best Seller Tuxedo Pria 3 In 1 Paket Berisi Blazer Rompi Dan Celana Bonus Dasi Pakaian Kantor Jas Nikah Pakaian Sidang Skripsi Outfit Meeting Tuskedo Pria Setelan Slim Fit Casual Formal,"Hitam, XXL",11397737616,exact_product,3IN1-P-HTM-XXL
Tiktoksellercenter_batchedit_20260925_all_information_template_1.xlsx,600,1729733072589065180,Best Seller Tuxedo Pria 3 In 1 Paket Berisi Blazer Rompi Dan Celana Bonus Dasi Pakaian Kantor Jas Nikah Pakaian Sidang Skripsi Outfit Meeting Tuskedo Pria Setelan Slim Fit Casual Formal,"Hitam, XXXL",11397737616,exact_product,3IN1-P-HTM-XXXL
Tiktoksellercenter_batchedit_20260925_all_information_template_1.xlsx,601,1729733072589065180,Best Seller Tuxedo Pria 3 In 1 Paket Berisi Blazer Rompi Dan Celana Bonus Dasi Pakaian Kantor Jas Nikah Pakaian Sidang Skripsi Outfit Meeting Tuskedo Pria Setelan Slim Fit Casual Formal,"Navy, XS",22656255576,validated_family_variant,3IN1-P-NVY-XS
Tiktoksellercenter_batchedit_20260925_all_information_template_1.xlsx,602,1729733072589065180,Best Seller Tuxedo Pria 3 In 1 Paket Berisi Blazer Rompi Dan Celana Bonus Dasi Pakaian Kantor Jas Nikah Pakaian Sidang Skripsi Outfit Meeting Tuskedo Pria Setelan Slim Fit Casual Formal,"Navy, S",11397737616,exact_product,3IN1-P-NVY-S
Tiktoksellercenter_batchedit_20260925_all_information_template_1.xlsx,603,1729733072589065180,Best Seller Tuxedo Pria 3 In 1 Paket Berisi Blazer Rompi Dan Celana Bonus Dasi Pakaian Kantor Jas Nikah Pakaian Sidang Skripsi Outfit Meeting Tuskedo Pria Setelan Slim Fit Casual Formal,"Navy, M",11397737616,exact_product,3IN1-P-NVY-M
Tiktoksellercenter_batchedit_20260925_all_information_template_1.xlsx,604,1729733072589065180,Best Seller Tuxedo Pria 3 In 1 Paket Berisi Blazer Rompi Dan Celana Bonus Dasi Pakaian Kantor Jas Nikah Pakaian Sidang Skripsi Outfit Meeting Tuskedo Pria Setelan Slim Fit Casual Formal,"Navy, L",11397737616,exact_product,3IN1-P-NVY-L
Tiktoksellercenter_batchedit_20260925_all_information_template_1.xlsx,605,1729733072589065180,Best Seller Tuxedo Pria 3 In 1 Paket Berisi Blazer Rompi Dan Celana Bonus Dasi Pakaian Kantor Jas Nikah Pakaian Sidang Skripsi Outfit Meeting Tuskedo Pria Setelan Slim Fit Casual Formal,"Navy, XL",11397737616,exact_product,3IN1-P-NVY-XL
Tiktoksellercenter_batchedit_20260925_all_information_template_1.xlsx,606,1729733072589065180,Best Seller Tuxedo Pria 3 In 1 Paket Berisi Blazer Rompi Dan Celana Bonus Dasi Pakaian Kantor Jas Nikah Pakaian Sidang Skripsi Outfit Meeting Tuskedo Pria Setelan Slim Fit Casual Formal,"Navy, XXL",11397737616,exact_product,3IN1-P-NVY-XXL
Tiktoksellercenter_batchedit_20260925_all_information_template_1.xlsx,607,1729733072589065180,Best Seller Tuxedo Pria 3 In 1 Paket Berisi Blazer Rompi Dan Celana Bonus Dasi Pakaian Kantor Jas Nikah Pakaian Sidang Skripsi Outfit Meeting Tuskedo Pria Setelan Slim Fit Casual Formal,"Navy, XXXL",11397737616,exact_product,3IN1-P-NVY-XXXL
Tiktoksellercenter_batchedit_20260925_all_information_template_1.xlsx,608,1729733072589065180,Best Seller Tuxedo Pria 3 In 1 Paket Berisi Blazer Rompi Dan Celana Bonus Dasi Pakaian Kantor Jas Nikah Pakaian Sidang Skripsi Outfit Meeting Tuskedo Pria Setelan Slim Fit Casual Formal,"Marun Tua, XS",22656255576,validated_family_variant,3IN1-P-MTA-XS
Tiktoksellercenter_batchedit_20260925_all_information_template_1.xlsx,609,1729733072589065180,Best Seller Tuxedo Pria 3 In 1 Paket Berisi Blazer Rompi Dan Celana Bonus Dasi Pakaian Kantor Jas Nikah Pakaian Sidang Skripsi Outfit Meeting Tuskedo Pria Setelan Slim Fit Casual Formal,"Marun Tua, S",11397737616,exact_product,3IN1-P-MTA-S
Tiktoksellercenter_batchedit_20260925_all_information_template_1.xlsx,610,1729733072589065180,Best Seller Tuxedo Pria 3 In 1 Paket Berisi Blazer Rompi Dan Celana Bonus Dasi Pakaian Kantor Jas Nikah Pakaian Sidang Skripsi Outfit Meeting Tuskedo Pria Setelan Slim Fit Casual Formal,"Marun Tua, M",11397737616,exact_product,3IN1-P-MTA-M
Tiktoksellercenter_batchedit_20260925_all_information_template_1.xlsx,611,1729733072589065180,Best Seller Tuxedo Pria 3 In 1 Paket Berisi Blazer Rompi Dan Celana Bonus Dasi Pakaian Kantor Jas Nikah Pakaian Sidang Skripsi Outfit Meeting Tuskedo Pria Setelan Slim Fit Casual Formal,"Marun Tua, L",11397737616,exact_product,3IN1-P-MTA-L
Tiktoksellercenter_batchedit_20260925_all_information_template_1.xlsx,612,1729733072589065180,Best Seller Tuxedo Pria 3 In 1 Paket Berisi Blazer Rompi Dan Celana Bonus Dasi Pakaian Kantor Jas Nikah Pakaian Sidang Skripsi Outfit Meeting Tuskedo Pria Setelan Slim Fit Casual Formal,"Marun Tua, XL",11397737616,exact_product,3IN1-P-MTA-XL
Tiktoksellercenter_batchedit_20260925_all_information_template_1.xlsx,613,1729733072589065180,Best Seller Tuxedo Pria 3 In 1 Paket Berisi Blazer Rompi Dan Celana Bonus Dasi Pakaian Kantor Jas Nikah Pakaian Sidang Skripsi Outfit Meeting Tuskedo Pria Setelan Slim Fit Casual Formal,"Marun Tua, XXL",11397737616,exact_product,3IN1-P-MTA-XXL
Tiktoksellercenter_batchedit_20260925_all_information_template_1.xlsx,614,1729733072589065180,Best Seller Tuxedo Pria 3 In 1 Paket Berisi Blazer Rompi Dan Celana Bonus Dasi Pakaian Kantor Jas Nikah Pakaian Sidang Skripsi Outfit Meeting Tuskedo Pria Setelan Slim Fit Casual Formal,"Marun Tua, XXXL",11397737616,exact_product,3IN1-P-MTA-XXXL
Tiktoksellercenter_batchedit_20260925_all_information_template_1.xlsx,615,1729733072589065180,Best Seller Tuxedo Pria 3 In 1 Paket Berisi Blazer Rompi Dan Celana Bonus Dasi Pakaian Kantor Jas Nikah Pakaian Sidang Skripsi Outfit Meeting Tuskedo Pria Setelan Slim Fit Casual Formal,"Biru Langit, XS",22656255576,validated_family_variant,3IN1-P-BLG-XS
Tiktoksellercenter_batchedit_20260925_all_information_template_1.xlsx,616,1729733072589065180,Best Seller Tuxedo Pria 3 In 1 Paket Berisi Blazer Rompi Dan Celana Bonus Dasi Pakaian Kantor Jas Nikah Pakaian Sidang Skripsi Outfit Meeting Tuskedo Pria Setelan Slim Fit Casual Formal,"Biru Langit, S",11397737616,exact_product,3IN1-P-BLG-S
Tiktoksellercenter_batchedit_20260925_all_information_template_1.xlsx,617,1729733072589065180,Best Seller Tuxedo Pria 3 In 1 Paket Berisi Blazer Rompi Dan Celana Bonus Dasi Pakaian Kantor Jas Nikah Pakaian Sidang Skripsi Outfit Meeting Tuskedo Pria Setelan Slim Fit Casual Formal,"Biru Langit, M",11397737616,exact_product,3IN1-P-BLG-M
Tiktoksellercenter_batchedit_20260925_all_information_template_1.xlsx,618,1729733072589065180,Best Seller Tuxedo Pria 3 In 1 Paket Berisi Blazer Rompi Dan Celana Bonus Dasi Pakaian Kantor Jas Nikah Pakaian Sidang Skripsi Outfit Meeting Tuskedo Pria Setelan Slim Fit Casual Formal,"Biru Langit, L",11397737616,exact_product,3IN1-P-BLG-L
Tiktoksellercenter_batchedit_20260925_all_information_template_1.xlsx,619,1729733072589065180,Best Seller Tuxedo Pria 3 In 1 Paket Berisi Blazer Rompi Dan Celana Bonus Dasi Pakaian Kantor Jas Nikah Pakaian Sidang Skripsi Outfit Meeting Tuskedo Pria Setelan Slim Fit Casual Formal,"Biru Langit, XL",11397737616,exact_product,3IN1-P-BLG-XL
Tiktoksellercenter_batchedit_20260925_all_information_template_1.xlsx,620,1729733072589065180,Best Seller Tuxedo Pria 3 In 1 Paket Berisi Blazer Rompi Dan Celana Bonus Dasi Pakaian Kantor Jas Nikah Pakaian Sidang Skripsi Outfit Meeting Tuskedo Pria Setelan Slim Fit Casual Formal,"Biru Langit, XXL",11397737616,exact_product,3IN1-P-BLG-XXL
Tiktoksellercenter_batchedit_20260925_all_information_template_1.xlsx,621,1729733072589065180,Best Seller Tuxedo Pria 3 In 1 Paket Berisi Blazer Rompi Dan Celana Bonus Dasi Pakaian Kantor Jas Nikah Pakaian Sidang Skripsi Outfit Meeting Tuskedo Pria Setelan Slim Fit Casual Formal,"Biru Langit, XXXL",11397737616,exact_product,3IN1-P-BLG-XXXL
Tiktoksellercenter_batchedit_20260925_all_information_template_1.xlsx,622,1729733072589065180,Best Seller Tuxedo Pria 3 In 1 Paket Berisi Blazer Rompi Dan Celana Bonus Dasi Pakaian Kantor Jas Nikah Pakaian Sidang Skripsi Outfit Meeting Tuskedo Pria Setelan Slim Fit Casual Formal,"Abu, XS",22656255576,validated_family_variant,3IN1-P-ABU-XS
Tiktoksellercenter_batchedit_20260925_all_information_template_1.xlsx,623,1729733072589065180,Best Seller Tuxedo Pria 3 In 1 Paket Berisi Blazer Rompi Dan Celana Bonus Dasi Pakaian Kantor Jas Nikah Pakaian Sidang Skripsi Outfit Meeting Tuskedo Pria Setelan Slim Fit Casual Formal,"Abu, S",11397737616,exact_product,3IN1-P-ABU-S
Tiktoksellercenter_batchedit_20260925_all_information_template_1.xlsx,624,1729733072589065180,Best Seller Tuxedo Pria 3 In 1 Paket Berisi Blazer Rompi Dan Celana Bonus Dasi Pakaian Kantor Jas Nikah Pakaian Sidang Skripsi Outfit Meeting Tuskedo Pria Setelan Slim Fit Casual Formal,"Abu, M",11397737616,exact_product,3IN1-P-ABU-M
Tiktoksellercenter_batchedit_20260925_all_information_template_1.xlsx,625,1729733072589065180,Best Seller Tuxedo Pria 3 In 1 Paket Berisi Blazer Rompi Dan Celana Bonus Dasi Pakaian Kantor Jas Nikah Pakaian Sidang Skripsi Outfit Meeting Tuskedo Pria Setelan Slim Fit Casual Formal,"Abu, L",11397737616,exact_product,3IN1-P-ABU-L
Tiktoksellercenter_batchedit_20260925_all_information_template_1.xlsx,626,1729733072589065180,Best Seller Tuxedo Pria 3 In 1 Paket Berisi Blazer Rompi Dan Celana Bonus Dasi Pakaian Kantor Jas Nikah Pakaian Sidang Skripsi Outfit Meeting Tuskedo Pria Setelan Slim Fit Casual Formal,"Abu, XL",11397737616,exact_product,3IN1-P-ABU-XL
Tiktoksellercenter_batchedit_20260925_all_information_template_1.xlsx,627,1729733072589065180,Best Seller Tuxedo Pria 3 In 1 Paket Berisi Blazer Rompi Dan Celana Bonus Dasi Pakaian Kantor Jas Nikah Pakaian Sidang Skripsi Outfit Meeting Tuskedo Pria Setelan Slim Fit Casual Formal,"Abu, XXL",11397737616,exact_product,3IN1-P-ABU-XXL
Tiktoksellercenter_batchedit_20260925_all_information_template_1.xlsx,628,1729733072589065180,Best Seller Tuxedo Pria 3 In 1 Paket Berisi Blazer Rompi Dan Celana Bonus Dasi Pakaian Kantor Jas Nikah Pakaian Sidang Skripsi Outfit Meeting Tuskedo Pria Setelan Slim Fit Casual Formal,"Abu, XXXL",11397737616,exact_product,3IN1-P-ABU-XXXL
Tiktoksellercenter_batchedit_20260925_all_information_template_1.xlsx,629,1729733072589065180,Best Seller Tuxedo Pria 3 In 1 Paket Berisi Blazer Rompi Dan Celana Bonus Dasi Pakaian Kantor Jas Nikah Pakaian Sidang Skripsi Outfit Meeting Tuskedo Pria Setelan Slim Fit Casual Formal,"Putih, XS",22656255576,validated_family_variant,3IN1-P-PTH-XS
Tiktoksellercenter_batchedit_20260925_all_information_template_1.xlsx,630,1729733072589065180,Best Seller Tuxedo Pria 3 In 1 Paket Berisi Blazer Rompi Dan Celana Bonus Dasi Pakaian Kantor Jas Nikah Pakaian Sidang Skripsi Outfit Meeting Tuskedo Pria Setelan Slim Fit Casual Formal,"Putih, S",11397737616,exact_product,3IN1-P-PTH-S
Tiktoksellercenter_batchedit_20260925_all_information_template_1.xlsx,631,1729733072589065180,Best Seller Tuxedo Pria 3 In 1 Paket Berisi Blazer Rompi Dan Celana Bonus Dasi Pakaian Kantor Jas Nikah Pakaian Sidang Skripsi Outfit Meeting Tuskedo Pria Setelan Slim Fit Casual Formal,"Putih, M",11397737616,exact_product,3IN1-P-PTH-M
Tiktoksellercenter_batchedit_20260925_all_information_template_1.xlsx,632,1729733072589065180,Best Seller Tuxedo Pria 3 In 1 Paket Berisi Blazer Rompi Dan Celana Bonus Dasi Pakaian Kantor Jas Nikah Pakaian Sidang Skripsi Outfit Meeting Tuskedo Pria Setelan Slim Fit Casual Formal,"Putih, L",11397737616,exact_product,3IN1-P-PTH-L
Tiktoksellercenter_batchedit_20260925_all_information_template_1.xlsx,633,1729733072589065180,Best Seller Tuxedo Pria 3 In 1 Paket Berisi Blazer Rompi Dan Celana Bonus Dasi Pakaian Kantor Jas Nikah Pakaian Sidang Skripsi Outfit Meeting Tuskedo Pria Setelan Slim Fit Casual Formal,"Putih, XL",11397737616,exact_product,3IN1-P-PTH-XL
Tiktoksellercenter_batchedit_20260925_all_information_template_1.xlsx,634,1729733072589065180,Best Seller Tuxedo Pria 3 In 1 Paket Berisi Blazer Rompi Dan Celana Bonus Dasi Pakaian Kantor Jas Nikah Pakaian Sidang Skripsi Outfit Meeting Tuskedo Pria Setelan Slim Fit Casual Formal,"Putih, XXL",11397737616,exact_product,3IN1-P-PTH-XXL
Tiktoksellercenter_batchedit_20260925_all_information_template_1.xlsx,635,1729733072589065180,Best Seller Tuxedo Pria 3 In 1 Paket Berisi Blazer Rompi Dan Celana Bonus Dasi Pakaian Kantor Jas Nikah Pakaian Sidang Skripsi Outfit Meeting Tuskedo Pria Setelan Slim Fit Casual Formal,"Putih, XXXL",11397737616,exact_product,3IN1-P-PTH-XXXL
Tiktoksellercenter_batchedit_20260925_all_information_template_1.xlsx,636,1729733072589065180,Best Seller Tuxedo Pria 3 In 1 Paket Berisi Blazer Rompi Dan Celana Bonus Dasi Pakaian Kantor Jas Nikah Pakaian Sidang Skripsi Outfit Meeting Tuskedo Pria Setelan Slim Fit Casual Formal,"Merah Cabe, XS",22656255576,validated_family_variant,3IN1-P-MCB-XS
Tiktoksellercenter_batchedit_20260925_all_information_template_1.xlsx,637,1729733072589065180,Best Seller Tuxedo Pria 3 In 1 Paket Berisi Blazer Rompi Dan Celana Bonus Dasi Pakaian Kantor Jas Nikah Pakaian Sidang Skripsi Outfit Meeting Tuskedo Pria Setelan Slim Fit Casual Formal,"Merah Cabe, S",11397737616,exact_product,3IN1-P-MCB-S
Tiktoksellercenter_batchedit_20260925_all_information_template_1.xlsx,638,1729733072589065180,Best Seller Tuxedo Pria 3 In 1 Paket Berisi Blazer Rompi Dan Celana Bonus Dasi Pakaian Kantor Jas Nikah Pakaian Sidang Skripsi Outfit Meeting Tuskedo Pria Setelan Slim Fit Casual Formal,"Merah Cabe, M",11397737616,exact_product,3IN1-P-MCB-M
Tiktoksellercenter_batchedit_20260925_all_information_template_1.xlsx,639,1729733072589065180,Best Seller Tuxedo Pria 3 In 1 Paket Berisi Blazer Rompi Dan Celana Bonus Dasi Pakaian Kantor Jas Nikah Pakaian Sidang Skripsi Outfit Meeting Tuskedo Pria Setelan Slim Fit Casual Formal,"Merah Cabe, L",11397737616,exact_product,3IN1-P-MCB-L
Tiktoksellercenter_batchedit_20260925_all_information_template_1.xlsx,640,1729733072589065180,Best Seller Tuxedo Pria 3 In 1 Paket Berisi Blazer Rompi Dan Celana Bonus Dasi Pakaian Kantor Jas Nikah Pakaian Sidang Skripsi Outfit Meeting Tuskedo Pria Setelan Slim Fit Casual Formal,"Merah Cabe, XL",11397737616,exact_product,3IN1-P-MCB-XL
Tiktoksellercenter_batchedit_20260925_all_information_template_1.xlsx,641,1729733072589065180,Best Seller Tuxedo Pria 3 In 1 Paket Berisi Blazer Rompi Dan Celana Bonus Dasi Pakaian Kantor Jas Nikah Pakaian Sidang Skripsi Outfit Meeting Tuskedo Pria Setelan Slim Fit Casual Formal,"Merah Cabe, XXL",11397737616,exact_product,3IN1-P-MCB-XXL
Tiktoksellercenter_batchedit_20260925_all_information_template_1.xlsx,642,1729733072589065180,Best Seller Tuxedo Pria 3 In 1 Paket Berisi Blazer Rompi Dan Celana Bonus Dasi Pakaian Kantor Jas Nikah Pakaian Sidang Skripsi Outfit Meeting Tuskedo Pria Setelan Slim Fit Casual Formal,"Merah Cabe, XXXL",11397737616,exact_product,3IN1-P-MCB-XXXL
Tiktoksellercenter_batchedit_20260925_all_information_template_1.xlsx,644,1729733072589065180,Best Seller Tuxedo Pria 3 In 1 Paket Berisi Blazer Rompi Dan Celana Bonus Dasi Pakaian Kantor Jas Nikah Pakaian Sidang Skripsi Outfit Meeting Tuskedo Pria Setelan Slim Fit Casual Formal,"Marun Muda, S",11397737616,exact_product,3IN1-P-MMD-S
Tiktoksellercenter_batchedit_20260925_all_information_template_1.xlsx,645,1729733072589065180,Best Seller Tuxedo Pria 3 In 1 Paket Berisi Blazer Rompi Dan Celana Bonus Dasi Pakaian Kantor Jas Nikah Pakaian Sidang Skripsi Outfit Meeting Tuskedo Pria Setelan Slim Fit Casual Formal,"Marun Muda, M",11397737616,exact_product,3IN1-P-MMD-M
Tiktoksellercenter_batchedit_20260925_all_information_template_1.xlsx,646,1729733072589065180,Best Seller Tuxedo Pria 3 In 1 Paket Berisi Blazer Rompi Dan Celana Bonus Dasi Pakaian Kantor Jas Nikah Pakaian Sidang Skripsi Outfit Meeting Tuskedo Pria Setelan Slim Fit Casual Formal,"Marun Muda, L",11397737616,exact_product,3IN1-P-MMD-L
Tiktoksellercenter_batchedit_20260925_all_information_template_1.xlsx,647,1729733072589065180,Best Seller Tuxedo Pria 3 In 1 Paket Berisi Blazer Rompi Dan Celana Bonus Dasi Pakaian Kantor Jas Nikah Pakaian Sidang Skripsi Outfit Meeting Tuskedo Pria Setelan Slim Fit Casual Formal,"Marun Muda, XL",11397737616,exact_product,3IN1-P-MMD-XL
Tiktoksellercenter_batchedit_20260925_all_information_template_1.xlsx,648,1729733072589065180,Best Seller Tuxedo Pria 3 In 1 Paket Berisi Blazer Rompi Dan Celana Bonus Dasi Pakaian Kantor Jas Nikah Pakaian Sidang Skripsi Outfit Meeting Tuskedo Pria Setelan Slim Fit Casual Formal,"Marun Muda, XXL",11397737616,exact_product,3IN1-P-MMD-XXL
Tiktoksellercenter_batchedit_20260925_all_information_template_1.xlsx,649,1729733072589065180,Best Seller Tuxedo Pria 3 In 1 Paket Berisi Blazer Rompi Dan Celana Bonus Dasi Pakaian Kantor Jas Nikah Pakaian Sidang Skripsi Outfit Meeting Tuskedo Pria Setelan Slim Fit Casual Formal,"Marun Muda, XXXL",11397737616,exact_product,3IN1-P-MMD-XXXL
Tiktoksellercenter_batchedit_20260925_all_information_template_1.xlsx,651,1729733072589065180,Best Seller Tuxedo Pria 3 In 1 Paket Berisi Blazer Rompi Dan Celana Bonus Dasi Pakaian Kantor Jas Nikah Pakaian Sidang Skripsi Outfit Meeting Tuskedo Pria Setelan Slim Fit Casual Formal,"Coklat Mahogani, S",14862182823,validated_family_variant,3in1-p-cmh-s
Tiktoksellercenter_batchedit_20260925_all_information_template_1.xlsx,652,1729733072589065180,Best Seller Tuxedo Pria 3 In 1 Paket Berisi Blazer Rompi Dan Celana Bonus Dasi Pakaian Kantor Jas Nikah Pakaian Sidang Skripsi Outfit Meeting Tuskedo Pria Setelan Slim Fit Casual Formal,"Coklat Mahogani, M",14862182823,validated_family_variant,3in1-p-cmh-m
Tiktoksellercenter_batchedit_20260925_all_information_template_1.xlsx,653,1729733072589065180,Best Seller Tuxedo Pria 3 In 1 Paket Berisi Blazer Rompi Dan Celana Bonus Dasi Pakaian Kantor Jas Nikah Pakaian Sidang Skripsi Outfit Meeting Tuskedo Pria Setelan Slim Fit Casual Formal,"Coklat Mahogani, L",14862182823,validated_family_variant,3in1-p-cmh-l
Tiktoksellercenter_batchedit_20260925_all_information_template_1.xlsx,654,1729733072589065180,Best Seller Tuxedo Pria 3 In 1 Paket Berisi Blazer Rompi Dan Celana Bonus Dasi Pakaian Kantor Jas Nikah Pakaian Sidang Skripsi Outfit Meeting Tuskedo Pria Setelan Slim Fit Casual Formal,"Coklat Mahogani, XL",14862182823,validated_family_variant,3in1-p-cmh-xl
Tiktoksellercenter_batchedit_20260925_all_information_template_1.xlsx,655,1729733072589065180,Best Seller Tuxedo Pria 3 In 1 Paket Berisi Blazer Rompi Dan Celana Bonus Dasi Pakaian Kantor Jas Nikah Pakaian Sidang Skripsi Outfit Meeting Tuskedo Pria Setelan Slim Fit Casual Formal,"Coklat Mahogani, XXL",14862182823,validated_family_variant,3in1-p-cmh-xxl
Tiktoksellercenter_batchedit_20260925_all_information_template_1.xlsx,656,1729733072589065180,Best Seller Tuxedo Pria 3 In 1 Paket Berisi Blazer Rompi Dan Celana Bonus Dasi Pakaian Kantor Jas Nikah Pakaian Sidang Skripsi Outfit Meeting Tuskedo Pria Setelan Slim Fit Casual Formal,"Coklat Mahogani, XXXL",14862182823,validated_family_variant,3in1-p-cmh-xxxl
Tiktoksellercenter_batchedit_20260925_all_information_template_1.xlsx,658,1729733072589065180,Best Seller Tuxedo Pria 3 In 1 Paket Berisi Blazer Rompi Dan Celana Bonus Dasi Pakaian Kantor Jas Nikah Pakaian Sidang Skripsi Outfit Meeting Tuskedo Pria Setelan Slim Fit Casual Formal,"Sage, S",14862182823,validated_family_variant,3in1-p-sge-s
Tiktoksellercenter_batchedit_20260925_all_information_template_1.xlsx,659,1729733072589065180,Best Seller Tuxedo Pria 3 In 1 Paket Berisi Blazer Rompi Dan Celana Bonus Dasi Pakaian Kantor Jas Nikah Pakaian Sidang Skripsi Outfit Meeting Tuskedo Pria Setelan Slim Fit Casual Formal,"Sage, M",14862182823,validated_family_variant,3in1-p-sge-m
Tiktoksellercenter_batchedit_20260925_all_information_template_1.xlsx,660,1729733072589065180,Best Seller Tuxedo Pria 3 In 1 Paket Berisi Blazer Rompi Dan Celana Bonus Dasi Pakaian Kantor Jas Nikah Pakaian Sidang Skripsi Outfit Meeting Tuskedo Pria Setelan Slim Fit Casual Formal,"Sage, L",14862182823,validated_family_variant,3in1-p-sge-l
Tiktoksellercenter_batchedit_20260925_all_information_template_1.xlsx,661,1729733072589065180,Best Seller Tuxedo Pria 3 In 1 Paket Berisi Blazer Rompi Dan Celana Bonus Dasi Pakaian Kantor Jas Nikah Pakaian Sidang Skripsi Outfit Meeting Tuskedo Pria Setelan Slim Fit Casual Formal,"Sage, XL",14862182823,validated_family_variant,3in1-p-sge-xl
Tiktoksellercenter_batchedit_20260925_all_information_template_1.xlsx,662,1729733072589065180,Best Seller Tuxedo Pria 3 In 1 Paket Berisi Blazer Rompi Dan Celana Bonus Dasi Pakaian Kantor Jas Nikah Pakaian Sidang Skripsi Outfit Meeting Tuskedo Pria Setelan Slim Fit Casual Formal,"Sage, XXL",14862182823,validated_family_variant,3in1-p-sge-xxl
Tiktoksellercenter_batchedit_20260925_all_information_template_1.xlsx,663,1729733072589065180,Best Seller Tuxedo Pria 3 In 1 Paket Berisi Blazer Rompi Dan Celana Bonus Dasi Pakaian Kantor Jas Nikah Pakaian Sidang Skripsi Outfit Meeting Tuskedo Pria Setelan Slim Fit Casual Formal,"Sage, XXXL",14862182823,validated_family_variant,3in1-p-sge-xxxl
Tiktoksellercenter_batchedit_20260925_all_information_template_1.xlsx,665,1729733072589065180,Best Seller Tuxedo Pria 3 In 1 Paket Berisi Blazer Rompi Dan Celana Bonus Dasi Pakaian Kantor Jas Nikah Pakaian Sidang Skripsi Outfit Meeting Tuskedo Pria Setelan Slim Fit Casual Formal,"Moka, S",14862182823,validated_family_variant,3in1-p-moka-s
Tiktoksellercenter_batchedit_20260925_all_information_template_1.xlsx,666,1729733072589065180,Best Seller Tuxedo Pria 3 In 1 Paket Berisi Blazer Rompi Dan Celana Bonus Dasi Pakaian Kantor Jas Nikah Pakaian Sidang Skripsi Outfit Meeting Tuskedo Pria Setelan Slim Fit Casual Formal,"Moka, M",14862182823,validated_family_variant,3in1-p-moka-m
Tiktoksellercenter_batchedit_20260925_all_information_template_1.xlsx,667,1729733072589065180,Best Seller Tuxedo Pria 3 In 1 Paket Berisi Blazer Rompi Dan Celana Bonus Dasi Pakaian Kantor Jas Nikah Pakaian Sidang Skripsi Outfit Meeting Tuskedo Pria Setelan Slim Fit Casual Formal,"Moka, L",14862182823,validated_family_variant,3in1-p-moka-l
Tiktoksellercenter_batchedit_20260925_all_information_template_1.xlsx,668,1729733072589065180,Best Seller Tuxedo Pria 3 In 1 Paket Berisi Blazer Rompi Dan Celana Bonus Dasi Pakaian Kantor Jas Nikah Pakaian Sidang Skripsi Outfit Meeting Tuskedo Pria Setelan Slim Fit Casual Formal,"Moka, XL",14862182823,validated_family_variant,3in1-p-moka-xl
Tiktoksellercenter_batchedit_20260925_all_information_template_1.xlsx,669,1729733072589065180,Best Seller Tuxedo Pria 3 In 1 Paket Berisi Blazer Rompi Dan Celana Bonus Dasi Pakaian Kantor Jas Nikah Pakaian Sidang Skripsi Outfit Meeting Tuskedo Pria Setelan Slim Fit Casual Formal,"Moka, XXL",14862182823,validated_family_variant,3in1-p-moka-xxl
Tiktoksellercenter_batchedit_20260925_all_information_template_1.xlsx,670,1729733072589065180,Best Seller Tuxedo Pria 3 In 1 Paket Berisi Blazer Rompi Dan Celana Bonus Dasi Pakaian Kantor Jas Nikah Pakaian Sidang Skripsi Outfit Meeting Tuskedo Pria Setelan Slim Fit Casual Formal,"Moka, XXXL",14862182823,validated_family_variant,3in1-p-moka-xxxl
Tiktoksellercenter_batchedit_20260925_all_information_template_1.xlsx,671,1729733090698234844,Tuxedo 3 In 1 Set Jas Pria Tuxedo Pria Setelan Jas Pria Formal,"Hitam, XS",22656255576,exact_product,3IN1-P-HTM-XS
Tiktoksellercenter_batchedit_20260925_all_information_template_1.xlsx,672,1729733090698234844,Tuxedo 3 In 1 Set Jas Pria Tuxedo Pria Setelan Jas Pria Formal,"Hitam, S",22656255576,exact_product,3IN1-P-HTM-S
Tiktoksellercenter_batchedit_20260925_all_information_template_1.xlsx,673,1729733090698234844,Tuxedo 3 In 1 Set Jas Pria Tuxedo Pria Setelan Jas Pria Formal,"Hitam, M",22656255576,exact_product,3IN1-P-HTM-M
Tiktoksellercenter_batchedit_20260925_all_information_template_1.xlsx,674,1729733090698234844,Tuxedo 3 In 1 Set Jas Pria Tuxedo Pria Setelan Jas Pria Formal,"Hitam, L",22656255576,exact_product,3IN1-P-HTM-L
Tiktoksellercenter_batchedit_20260925_all_information_template_1.xlsx,675,1729733090698234844,Tuxedo 3 In 1 Set Jas Pria Tuxedo Pria Setelan Jas Pria Formal,"Hitam, XL",22656255576,exact_product,3IN1-P-HTM-XL
Tiktoksellercenter_batchedit_20260925_all_information_template_1.xlsx,676,1729733090698234844,Tuxedo 3 In 1 Set Jas Pria Tuxedo Pria Setelan Jas Pria Formal,"Hitam, XXL",22656255576,exact_product,3IN1-P-HTM-XXL
Tiktoksellercenter_batchedit_20260925_all_information_template_1.xlsx,677,1729733090698234844,Tuxedo 3 In 1 Set Jas Pria Tuxedo Pria Setelan Jas Pria Formal,"Hitam, XXXL",22656255576,exact_product,3IN1-P-HTM-XXXL
Tiktoksellercenter_batchedit_20260925_all_information_template_1.xlsx,678,1729733090698234844,Tuxedo 3 In 1 Set Jas Pria Tuxedo Pria Setelan Jas Pria Formal,"Navy, XS",22656255576,exact_product,3IN1-P-NVY-XS
Tiktoksellercenter_batchedit_20260925_all_information_template_1.xlsx,679,1729733090698234844,Tuxedo 3 In 1 Set Jas Pria Tuxedo Pria Setelan Jas Pria Formal,"Navy, S",22656255576,exact_product,3IN1-P-NVY-S
Tiktoksellercenter_batchedit_20260925_all_information_template_1.xlsx,680,1729733090698234844,Tuxedo 3 In 1 Set Jas Pria Tuxedo Pria Setelan Jas Pria Formal,"Navy, M",22656255576,exact_product,3IN1-P-NVY-M
Tiktoksellercenter_batchedit_20260925_all_information_template_1.xlsx,681,1729733090698234844,Tuxedo 3 In 1 Set Jas Pria Tuxedo Pria Setelan Jas Pria Formal,"Navy, L",22656255576,exact_product,3IN1-P-NVY-L
Tiktoksellercenter_batchedit_20260925_all_information_template_1.xlsx,682,1729733090698234844,Tuxedo 3 In 1 Set Jas Pria Tuxedo Pria Setelan Jas Pria Formal,"Navy, XL",22656255576,exact_product,3IN1-P-NVY-XL
Tiktoksellercenter_batchedit_20260925_all_information_template_1.xlsx,683,1729733090698234844,Tuxedo 3 In 1 Set Jas Pria Tuxedo Pria Setelan Jas Pria Formal,"Navy, XXL",22656255576,exact_product,3IN1-P-NVY-XXL
Tiktoksellercenter_batchedit_20260925_all_information_template_1.xlsx,684,1729733090698234844,Tuxedo 3 In 1 Set Jas Pria Tuxedo Pria Setelan Jas Pria Formal,"Navy, XXXL",22656255576,exact_product,3IN1-P-NVY-XXXL
Tiktoksellercenter_batchedit_20260925_all_information_template_1.xlsx,685,1729733090698234844,Tuxedo 3 In 1 Set Jas Pria Tuxedo Pria Setelan Jas Pria Formal,"Abu, XS",22656255576,exact_product,3IN1-P-ABU-XS
Tiktoksellercenter_batchedit_20260925_all_information_template_1.xlsx,686,1729733090698234844,Tuxedo 3 In 1 Set Jas Pria Tuxedo Pria Setelan Jas Pria Formal,"Abu, S",22656255576,exact_product,3IN1-P-ABU-S
Tiktoksellercenter_batchedit_20260925_all_information_template_1.xlsx,687,1729733090698234844,Tuxedo 3 In 1 Set Jas Pria Tuxedo Pria Setelan Jas Pria Formal,"Abu, M",22656255576,exact_product,3IN1-P-ABU-M
Tiktoksellercenter_batchedit_20260925_all_information_template_1.xlsx,688,1729733090698234844,Tuxedo 3 In 1 Set Jas Pria Tuxedo Pria Setelan Jas Pria Formal,"Abu, L",22656255576,exact_product,3IN1-P-ABU-L
Tiktoksellercenter_batchedit_20260925_all_information_template_1.xlsx,689,1729733090698234844,Tuxedo 3 In 1 Set Jas Pria Tuxedo Pria Setelan Jas Pria Formal,"Abu, XL",22656255576,exact_product,3IN1-P-ABU-XL
Tiktoksellercenter_batchedit_20260925_all_information_template_1.xlsx,690,1729733090698234844,Tuxedo 3 In 1 Set Jas Pria Tuxedo Pria Setelan Jas Pria Formal,"Abu, XXL",22656255576,exact_product,3IN1-P-ABU-XXL
Tiktoksellercenter_batchedit_20260925_all_information_template_1.xlsx,691,1729733090698234844,Tuxedo 3 In 1 Set Jas Pria Tuxedo Pria Setelan Jas Pria Formal,"Abu, XXXL",22656255576,exact_product,3IN1-P-ABU-XXXL
Tiktoksellercenter_batchedit_20260925_all_information_template_1.xlsx,692,1729733090698234844,Tuxedo 3 In 1 Set Jas Pria Tuxedo Pria Setelan Jas Pria Formal,"Merah Cabe, XS",22656255576,exact_product,3IN1-P-MCB-XS
Tiktoksellercenter_batchedit_20260925_all_information_template_1.xlsx,693,1729733090698234844,Tuxedo 3 In 1 Set Jas Pria Tuxedo Pria Setelan Jas Pria Formal,"Merah Cabe, S",22656255576,exact_product,3IN1-P-MCB-S
Tiktoksellercenter_batchedit_20260925_all_information_template_1.xlsx,694,1729733090698234844,Tuxedo 3 In 1 Set Jas Pria Tuxedo Pria Setelan Jas Pria Formal,"Merah Cabe, M",22656255576,exact_product,3IN1-P-MCB-M
Tiktoksellercenter_batchedit_20260925_all_information_template_1.xlsx,695,1729733090698234844,Tuxedo 3 In 1 Set Jas Pria Tuxedo Pria Setelan Jas Pria Formal,"Merah Cabe, L",22656255576,exact_product,3IN1-P-MCB-L
Tiktoksellercenter_batchedit_20260925_all_information_template_1.xlsx,696,1729733090698234844,Tuxedo 3 In 1 Set Jas Pria Tuxedo Pria Setelan Jas Pria Formal,"Merah Cabe, XL",22656255576,exact_product,3IN1-P-MCB-XL
Tiktoksellercenter_batchedit_20260925_all_information_template_1.xlsx,697,1729733090698234844,Tuxedo 3 In 1 Set Jas Pria Tuxedo Pria Setelan Jas Pria Formal,"Merah Cabe, XXL",22656255576,exact_product,3IN1-P-MCB-XXL
Tiktoksellercenter_batchedit_20260925_all_information_template_1.xlsx,698,1729733090698234844,Tuxedo 3 In 1 Set Jas Pria Tuxedo Pria Setelan Jas Pria Formal,"Merah Cabe, XXXL",22656255576,exact_product,3IN1-P-MCB-XXXL
Tiktoksellercenter_batchedit_20260925_all_information_template_1.xlsx,699,1729733090698234844,Tuxedo 3 In 1 Set Jas Pria Tuxedo Pria Setelan Jas Pria Formal,"Biru Langit, XS",22656255576,exact_product,3IN1-P-BLG-XS
Tiktoksellercenter_batchedit_20260925_all_information_template_1.xlsx,700,1729733090698234844,Tuxedo 3 In 1 Set Jas Pria Tuxedo Pria Setelan Jas Pria Formal,"Biru Langit, S",22656255576,exact_product,3IN1-P-BLG-S
Tiktoksellercenter_batchedit_20260925_all_information_template_1.xlsx,701,1729733090698234844,Tuxedo 3 In 1 Set Jas Pria Tuxedo Pria Setelan Jas Pria Formal,"Biru Langit, M",22656255576,exact_product,3IN1-P-BLG-M
Tiktoksellercenter_batchedit_20260925_all_information_template_1.xlsx,702,1729733090698234844,Tuxedo 3 In 1 Set Jas Pria Tuxedo Pria Setelan Jas Pria Formal,"Biru Langit, L",22656255576,exact_product,3IN1-P-BLG-L
Tiktoksellercenter_batchedit_20260925_all_information_template_1.xlsx,703,1729733090698234844,Tuxedo 3 In 1 Set Jas Pria Tuxedo Pria Setelan Jas Pria Formal,"Biru Langit, XL",22656255576,exact_product,3IN1-P-BLG-XL
Tiktoksellercenter_batchedit_20260925_all_information_template_1.xlsx,704,1729733090698234844,Tuxedo 3 In 1 Set Jas Pria Tuxedo Pria Setelan Jas Pria Formal,"Biru Langit, XXL",22656255576,exact_product,3IN1-P-BLG-XXL
Tiktoksellercenter_batchedit_20260925_all_information_template_1.xlsx,705,1729733090698234844,Tuxedo 3 In 1 Set Jas Pria Tuxedo Pria Setelan Jas Pria Formal,"Biru Langit, XXXL",22656255576,exact_product,3IN1-P-BLG-XXXL
Tiktoksellercenter_batchedit_20260925_all_information_template_1.xlsx,706,1729733090698234844,Tuxedo 3 In 1 Set Jas Pria Tuxedo Pria Setelan Jas Pria Formal,"Putih, XS",22656255576,exact_product,3IN1-P-PTH-XS
Tiktoksellercenter_batchedit_20260925_all_information_template_1.xlsx,707,1729733090698234844,Tuxedo 3 In 1 Set Jas Pria Tuxedo Pria Setelan Jas Pria Formal,"Putih, S",22656255576,exact_product,3IN1-P-PTH-S
Tiktoksellercenter_batchedit_20260925_all_information_template_1.xlsx,708,1729733090698234844,Tuxedo 3 In 1 Set Jas Pria Tuxedo Pria Setelan Jas Pria Formal,"Putih, M",22656255576,exact_product,3IN1-P-PTH-M
Tiktoksellercenter_batchedit_20260925_all_information_template_1.xlsx,709,1729733090698234844,Tuxedo 3 In 1 Set Jas Pria Tuxedo Pria Setelan Jas Pria Formal,"Putih, L",22656255576,exact_product,3IN1-P-PTH-L
Tiktoksellercenter_batchedit_20260925_all_information_template_1.xlsx,710,1729733090698234844,Tuxedo 3 In 1 Set Jas Pria Tuxedo Pria Setelan Jas Pria Formal,"Putih, XL",22656255576,exact_product,3IN1-P-PTH-XL
Tiktoksellercenter_batchedit_20260925_all_information_template_1.xlsx,711,1729733090698234844,Tuxedo 3 In 1 Set Jas Pria Tuxedo Pria Setelan Jas Pria Formal,"Putih, XXL",22656255576,exact_product,3IN1-P-PTH-XXL
Tiktoksellercenter_batchedit_20260925_all_information_template_1.xlsx,712,1729733090698234844,Tuxedo 3 In 1 Set Jas Pria Tuxedo Pria Setelan Jas Pria Formal,"Putih, XXXL",22656255576,exact_product,3IN1-P-PTH-XXXL
Tiktoksellercenter_batchedit_20260925_all_information_template_1.xlsx,713,1729733090698234844,Tuxedo 3 In 1 Set Jas Pria Tuxedo Pria Setelan Jas Pria Formal,"Marun Tua, XS",22656255576,exact_product,3IN1-P-MTA-XS
Tiktoksellercenter_batchedit_20260925_all_information_template_1.xlsx,714,1729733090698234844,Tuxedo 3 In 1 Set Jas Pria Tuxedo Pria Setelan Jas Pria Formal,"Marun Tua, S",22656255576,exact_product,3IN1-P-MTA-S
Tiktoksellercenter_batchedit_20260925_all_information_template_1.xlsx,715,1729733090698234844,Tuxedo 3 In 1 Set Jas Pria Tuxedo Pria Setelan Jas Pria Formal,"Marun Tua, M",22656255576,exact_product,3IN1-P-MTA-M
Tiktoksellercenter_batchedit_20260925_all_information_template_1.xlsx,716,1729733090698234844,Tuxedo 3 In 1 Set Jas Pria Tuxedo Pria Setelan Jas Pria Formal,"Marun Tua, L",22656255576,exact_product,3IN1-P-MTA-L
Tiktoksellercenter_batchedit_20260925_all_information_template_1.xlsx,717,1729733090698234844,Tuxedo 3 In 1 Set Jas Pria Tuxedo Pria Setelan Jas Pria Formal,"Marun Tua, XL",22656255576,exact_product,3IN1-P-MTA-XL
Tiktoksellercenter_batchedit_20260925_all_information_template_1.xlsx,718,1729733090698234844,Tuxedo 3 In 1 Set Jas Pria Tuxedo Pria Setelan Jas Pria Formal,"Marun Tua, XXL",22656255576,exact_product,3IN1-P-MTA-XXL
Tiktoksellercenter_batchedit_20260925_all_information_template_1.xlsx,719,1729733090698234844,Tuxedo 3 In 1 Set Jas Pria Tuxedo Pria Setelan Jas Pria Formal,"Marun Tua, XXXL",22656255576,exact_product,3IN1-P-MTA-XXXL
Tiktoksellercenter_batchedit_20260925_all_information_template_1.xlsx,728,1729733090698234844,Tuxedo 3 In 1 Set Jas Pria Tuxedo Pria Setelan Jas Pria Formal,"Sage, S",14862182823,validated_family_variant,3in1-p-sge-s
Tiktoksellercenter_batchedit_20260925_all_information_template_1.xlsx,729,1729733090698234844,Tuxedo 3 In 1 Set Jas Pria Tuxedo Pria Setelan Jas Pria Formal,"Sage, M",14862182823,validated_family_variant,3in1-p-sge-m
Tiktoksellercenter_batchedit_20260925_all_information_template_1.xlsx,730,1729733090698234844,Tuxedo 3 In 1 Set Jas Pria Tuxedo Pria Setelan Jas Pria Formal,"Sage, L",14862182823,validated_family_variant,3in1-p-sge-l
Tiktoksellercenter_batchedit_20260925_all_information_template_1.xlsx,731,1729733090698234844,Tuxedo 3 In 1 Set Jas Pria Tuxedo Pria Setelan Jas Pria Formal,"Sage, XL",14862182823,validated_family_variant,3in1-p-sge-xl
Tiktoksellercenter_batchedit_20260925_all_information_template_1.xlsx,732,1729733090698234844,Tuxedo 3 In 1 Set Jas Pria Tuxedo Pria Setelan Jas Pria Formal,"Sage, XXL",14862182823,validated_family_variant,3in1-p-sge-xxl
Tiktoksellercenter_batchedit_20260925_all_information_template_1.xlsx,733,1729733090698234844,Tuxedo 3 In 1 Set Jas Pria Tuxedo Pria Setelan Jas Pria Formal,"Sage, XXXL",14862182823,validated_family_variant,3in1-p-sge-xxxl
Tiktoksellercenter_batchedit_20260925_all_information_template_1.xlsx,735,1729733090698234844,Tuxedo 3 In 1 Set Jas Pria Tuxedo Pria Setelan Jas Pria Formal,"Coklat Mahogani, S",14862182823,validated_family_variant,3in1-p-cmh-s
Tiktoksellercenter_batchedit_20260925_all_information_template_1.xlsx,736,1729733090698234844,Tuxedo 3 In 1 Set Jas Pria Tuxedo Pria Setelan Jas Pria Formal,"Coklat Mahogani, M",14862182823,validated_family_variant,3in1-p-cmh-m
Tiktoksellercenter_batchedit_20260925_all_information_template_1.xlsx,737,1729733090698234844,Tuxedo 3 In 1 Set Jas Pria Tuxedo Pria Setelan Jas Pria Formal,"Coklat Mahogani, L",14862182823,validated_family_variant,3in1-p-cmh-l
Tiktoksellercenter_batchedit_20260925_all_information_template_1.xlsx,738,1729733090698234844,Tuxedo 3 In 1 Set Jas Pria Tuxedo Pria Setelan Jas Pria Formal,"Coklat Mahogani, XL",14862182823,validated_family_variant,3in1-p-cmh-xl
Tiktoksellercenter_batchedit_20260925_all_information_template_1.xlsx,739,1729733090698234844,Tuxedo 3 In 1 Set Jas Pria Tuxedo Pria Setelan Jas Pria Formal,"Coklat Mahogani, XXL",14862182823,validated_family_variant,3in1-p-cmh-xxl
Tiktoksellercenter_batchedit_20260925_all_information_template_1.xlsx,740,1729733090698234844,Tuxedo 3 In 1 Set Jas Pria Tuxedo Pria Setelan Jas Pria Formal,"Coklat Mahogani, XXXL",14862182823,validated_family_variant,3in1-p-cmh-xxxl
Tiktoksellercenter_batchedit_20260925_all_information_template_3.xlsx,6,1729589401601869788,Dasi Kupu Kupu aksesoris jas dan blazer,Default,47160852979,exact_product,dsi-kpkp
Tiktoksellercenter_batchedit_20260925_all_information_template_3.xlsx,7,1729617524176488412,Dasi long Tie Accessories Jas Blazer,Default,20054716390,exact_product,dsi-pnjng
Tiktoksellercenter_batchedit_20260925_all_information_template_4.xlsx,6,1729733061894835164,3 In 1 Set Jas Anak Blazer Rompi Tuxedo dan Celana Setelan Jas Anak Formal,"Hitam, 2-3 T",24030445594,exact_product,3in1-a-htm-2-3th
Tiktoksellercenter_batchedit_20260925_all_information_template_4.xlsx,7,1729733061894835164,3 In 1 Set Jas Anak Blazer Rompi Tuxedo dan Celana Setelan Jas Anak Formal,"Hitam, 4-5 T",24030445594,exact_product,3in1-a-htm-4-5th
Tiktoksellercenter_batchedit_20260925_all_information_template_4.xlsx,8,1729733061894835164,3 In 1 Set Jas Anak Blazer Rompi Tuxedo dan Celana Setelan Jas Anak Formal,"Hitam, 6-7 T",24030445594,exact_product,3in1-a-htm-6-7th
Tiktoksellercenter_batchedit_20260925_all_information_template_4.xlsx,9,1729733061894835164,3 In 1 Set Jas Anak Blazer Rompi Tuxedo dan Celana Setelan Jas Anak Formal,"Hitam, 8-9 T",24030445594,exact_product,3in1-a-htm-8-9th
Tiktoksellercenter_batchedit_20260925_all_information_template_4.xlsx,10,1729733061894835164,3 In 1 Set Jas Anak Blazer Rompi Tuxedo dan Celana Setelan Jas Anak Formal,"Hitam, 10-11 T",24030445594,exact_product,3in1-a-htm-10-11th
Tiktoksellercenter_batchedit_20260925_all_information_template_4.xlsx,11,1729733061894835164,3 In 1 Set Jas Anak Blazer Rompi Tuxedo dan Celana Setelan Jas Anak Formal,"Hitam, 12-13 T",24030445594,exact_product,3in1-a-htm-12-13th
Tiktoksellercenter_batchedit_20260925_all_information_template_4.xlsx,12,1729733061894835164,3 In 1 Set Jas Anak Blazer Rompi Tuxedo dan Celana Setelan Jas Anak Formal,"Navy, 2-3 T",24030445594,exact_product,3in1-a-nvy-2-3th
Tiktoksellercenter_batchedit_20260925_all_information_template_4.xlsx,13,1729733061894835164,3 In 1 Set Jas Anak Blazer Rompi Tuxedo dan Celana Setelan Jas Anak Formal,"Navy, 4-5 T",24030445594,exact_product,3in1-a-nvy-4-5th
Tiktoksellercenter_batchedit_20260925_all_information_template_4.xlsx,14,1729733061894835164,3 In 1 Set Jas Anak Blazer Rompi Tuxedo dan Celana Setelan Jas Anak Formal,"Navy, 6-7 T",24030445594,exact_product,3in1-a-nvy-6-7th
Tiktoksellercenter_batchedit_20260925_all_information_template_4.xlsx,15,1729733061894835164,3 In 1 Set Jas Anak Blazer Rompi Tuxedo dan Celana Setelan Jas Anak Formal,"Navy, 8-9 T",24030445594,exact_product,3in1-a-nvy-8-9th
Tiktoksellercenter_batchedit_20260925_all_information_template_4.xlsx,16,1729733061894835164,3 In 1 Set Jas Anak Blazer Rompi Tuxedo dan Celana Setelan Jas Anak Formal,"Navy, 10-11 T",24030445594,exact_product,3in1-a-nvy-10-11th
Tiktoksellercenter_batchedit_20260925_all_information_template_4.xlsx,17,1729733061894835164,3 In 1 Set Jas Anak Blazer Rompi Tuxedo dan Celana Setelan Jas Anak Formal,"Navy, 12-13 T",24030445594,exact_product,3in1-a-nvy-12-13th
Tiktoksellercenter_batchedit_20260925_all_information_template_4.xlsx,24,1729733061894835164,3 In 1 Set Jas Anak Blazer Rompi Tuxedo dan Celana Setelan Jas Anak Formal,"Marun Muda, 2-3 T",24030445594,exact_product,3in1-a-mmd-2-3th
Tiktoksellercenter_batchedit_20260925_all_information_template_4.xlsx,25,1729733061894835164,3 In 1 Set Jas Anak Blazer Rompi Tuxedo dan Celana Setelan Jas Anak Formal,"Marun Muda, 4-5 T",24030445594,exact_product,3in1-a-mmd-4-5th
Tiktoksellercenter_batchedit_20260925_all_information_template_4.xlsx,26,1729733061894835164,3 In 1 Set Jas Anak Blazer Rompi Tuxedo dan Celana Setelan Jas Anak Formal,"Marun Muda, 6-7 T",24030445594,exact_product,3in1-a-mmd-6-7th
Tiktoksellercenter_batchedit_20260925_all_information_template_4.xlsx,27,1729733061894835164,3 In 1 Set Jas Anak Blazer Rompi Tuxedo dan Celana Setelan Jas Anak Formal,"Marun Muda, 8-9 T",24030445594,exact_product,3in1-a-mmd-8-9th
Tiktoksellercenter_batchedit_20260925_all_information_template_4.xlsx,28,1729733061894835164,3 In 1 Set Jas Anak Blazer Rompi Tuxedo dan Celana Setelan Jas Anak Formal,"Marun Muda, 10-11 T",24030445594,exact_product,3in1-a-mmd-10-11th
Tiktoksellercenter_batchedit_20260925_all_information_template_4.xlsx,29,1729733061894835164,3 In 1 Set Jas Anak Blazer Rompi Tuxedo dan Celana Setelan Jas Anak Formal,"Marun Muda, 12-13 T",24030445594,exact_product,3in1-a-mmd-12-13th
Tiktoksellercenter_batchedit_20260925_all_information_template_4.xlsx,30,1729733061894835164,3 In 1 Set Jas Anak Blazer Rompi Tuxedo dan Celana Setelan Jas Anak Formal,"Marun Tua, 2-3 T",24030445594,exact_product,3in1-a-mta-2-3th
Tiktoksellercenter_batchedit_20260925_all_information_template_4.xlsx,31,1729733061894835164,3 In 1 Set Jas Anak Blazer Rompi Tuxedo dan Celana Setelan Jas Anak Formal,"Marun Tua, 4-5 T",24030445594,exact_product,3in1-a-mta-4-5th
Tiktoksellercenter_batchedit_20260925_all_information_template_4.xlsx,32,1729733061894835164,3 In 1 Set Jas Anak Blazer Rompi Tuxedo dan Celana Setelan Jas Anak Formal,"Marun Tua, 6-7 T",24030445594,exact_product,3in1-a-mta-6-7th
Tiktoksellercenter_batchedit_20260925_all_information_template_4.xlsx,33,1729733061894835164,3 In 1 Set Jas Anak Blazer Rompi Tuxedo dan Celana Setelan Jas Anak Formal,"Marun Tua, 8-9 T",24030445594,exact_product,3in1-a-mta-8-9th
Tiktoksellercenter_batchedit_20260925_all_information_template_4.xlsx,34,1729733061894835164,3 In 1 Set Jas Anak Blazer Rompi Tuxedo dan Celana Setelan Jas Anak Formal,"Marun Tua, 10-11 T",24030445594,exact_product,3in1-a-mta-10-11th
Tiktoksellercenter_batchedit_20260925_all_information_template_4.xlsx,35,1729733061894835164,3 In 1 Set Jas Anak Blazer Rompi Tuxedo dan Celana Setelan Jas Anak Formal,"Marun Tua, 12-13 T",24030445594,exact_product,3in1-a-mta-12-13th
Tiktoksellercenter_batchedit_20260925_all_information_template_4.xlsx,36,1729733061894835164,3 In 1 Set Jas Anak Blazer Rompi Tuxedo dan Celana Setelan Jas Anak Formal,"Coklat Mahogani, 2-3 T",24030445594,exact_product,3in1-a-cmh-2-3th
Tiktoksellercenter_batchedit_20260925_all_information_template_4.xlsx,37,1729733061894835164,3 In 1 Set Jas Anak Blazer Rompi Tuxedo dan Celana Setelan Jas Anak Formal,"Coklat Mahogani, 4-5 T",24030445594,exact_product,3in1-a-cmh-4-5th
Tiktoksellercenter_batchedit_20260925_all_information_template_4.xlsx,38,1729733061894835164,3 In 1 Set Jas Anak Blazer Rompi Tuxedo dan Celana Setelan Jas Anak Formal,"Coklat Mahogani, 6-7 T",24030445594,exact_product,3in1-a-cmh-6-7th
Tiktoksellercenter_batchedit_20260925_all_information_template_4.xlsx,39,1729733061894835164,3 In 1 Set Jas Anak Blazer Rompi Tuxedo dan Celana Setelan Jas Anak Formal,"Coklat Mahogani, 8-9 T",24030445594,exact_product,3in1-a-cmh-8-9th
Tiktoksellercenter_batchedit_20260925_all_information_template_4.xlsx,40,1729733061894835164,3 In 1 Set Jas Anak Blazer Rompi Tuxedo dan Celana Setelan Jas Anak Formal,"Coklat Mahogani, 10-11 T",24030445594,exact_product,3in1-a-cmh-10-11th
Tiktoksellercenter_batchedit_20260925_all_information_template_4.xlsx,41,1729733061894835164,3 In 1 Set Jas Anak Blazer Rompi Tuxedo dan Celana Setelan Jas Anak Formal,"Coklat Mahogani, 12-13 T",24030445594,exact_product,3in1-a-cmh-12-13th
Tiktoksellercenter_batchedit_20260925_all_information_template_5.xlsx,6,1729441747251923932,Best Seller Blazer Wanita Korean Style Bahan Premium Style Formal Maupun Casual Pakaian Kantor Outfit Sidang Skripsi,"Hitam, XS",18437126015,exact_product,jas-w-htm-xs
Tiktoksellercenter_batchedit_20260925_all_information_template_5.xlsx,7,1729441747251923932,Best Seller Blazer Wanita Korean Style Bahan Premium Style Formal Maupun Casual Pakaian Kantor Outfit Sidang Skripsi,"Hitam, S",18437126015,exact_product,jas-w-htm-s
Tiktoksellercenter_batchedit_20260925_all_information_template_5.xlsx,8,1729441747251923932,Best Seller Blazer Wanita Korean Style Bahan Premium Style Formal Maupun Casual Pakaian Kantor Outfit Sidang Skripsi,"Hitam, M",18437126015,exact_product,jas-w-htm-m
Tiktoksellercenter_batchedit_20260925_all_information_template_5.xlsx,9,1729441747251923932,Best Seller Blazer Wanita Korean Style Bahan Premium Style Formal Maupun Casual Pakaian Kantor Outfit Sidang Skripsi,"Hitam, L",18437126015,exact_product,jas-w-htm-l
Tiktoksellercenter_batchedit_20260925_all_information_template_5.xlsx,10,1729441747251923932,Best Seller Blazer Wanita Korean Style Bahan Premium Style Formal Maupun Casual Pakaian Kantor Outfit Sidang Skripsi,"Hitam, XL",18437126015,exact_product,jas-w-htm-xl
Tiktoksellercenter_batchedit_20260925_all_information_template_5.xlsx,11,1729441747251923932,Best Seller Blazer Wanita Korean Style Bahan Premium Style Formal Maupun Casual Pakaian Kantor Outfit Sidang Skripsi,"Hitam, XXL",18437126015,exact_product,jas-w-htm-xxl
Tiktoksellercenter_batchedit_20260925_all_information_template_5.xlsx,12,1729441747251923932,Best Seller Blazer Wanita Korean Style Bahan Premium Style Formal Maupun Casual Pakaian Kantor Outfit Sidang Skripsi,"Hitam, XXXL",18437126015,exact_product,jas-w-htm-xxxl
Tiktoksellercenter_batchedit_20260925_all_information_template_5.xlsx,13,1729441747251923932,Best Seller Blazer Wanita Korean Style Bahan Premium Style Formal Maupun Casual Pakaian Kantor Outfit Sidang Skripsi,"Putih, XS",18437126015,exact_product,jas-w-pth-xs
Tiktoksellercenter_batchedit_20260925_all_information_template_5.xlsx,14,1729441747251923932,Best Seller Blazer Wanita Korean Style Bahan Premium Style Formal Maupun Casual Pakaian Kantor Outfit Sidang Skripsi,"Putih, S",18437126015,exact_product,jas-w-pth-s
Tiktoksellercenter_batchedit_20260925_all_information_template_5.xlsx,15,1729441747251923932,Best Seller Blazer Wanita Korean Style Bahan Premium Style Formal Maupun Casual Pakaian Kantor Outfit Sidang Skripsi,"Putih, M",18437126015,exact_product,jas-w-pth-m
Tiktoksellercenter_batchedit_20260925_all_information_template_5.xlsx,16,1729441747251923932,Best Seller Blazer Wanita Korean Style Bahan Premium Style Formal Maupun Casual Pakaian Kantor Outfit Sidang Skripsi,"Putih, L",18437126015,exact_product,jas-w-pth-l
Tiktoksellercenter_batchedit_20260925_all_information_template_5.xlsx,17,1729441747251923932,Best Seller Blazer Wanita Korean Style Bahan Premium Style Formal Maupun Casual Pakaian Kantor Outfit Sidang Skripsi,"Putih, XL",18437126015,exact_product,jas-w-pth-xl
Tiktoksellercenter_batchedit_20260925_all_information_template_5.xlsx,18,1729441747251923932,Best Seller Blazer Wanita Korean Style Bahan Premium Style Formal Maupun Casual Pakaian Kantor Outfit Sidang Skripsi,"Putih, XXL",18437126015,exact_product,jas-w-pth-xxl
Tiktoksellercenter_batchedit_20260925_all_information_template_5.xlsx,19,1729441747251923932,Best Seller Blazer Wanita Korean Style Bahan Premium Style Formal Maupun Casual Pakaian Kantor Outfit Sidang Skripsi,"Putih, XXXL",18437126015,exact_product,jas-w-pth-xxxl
Tiktoksellercenter_batchedit_20260925_all_information_template_5.xlsx,20,1729441747251923932,Best Seller Blazer Wanita Korean Style Bahan Premium Style Formal Maupun Casual Pakaian Kantor Outfit Sidang Skripsi,"Marun Muda, XS",18437126015,exact_product,jas-w-mmd-xs
Tiktoksellercenter_batchedit_20260925_all_information_template_5.xlsx,21,1729441747251923932,Best Seller Blazer Wanita Korean Style Bahan Premium Style Formal Maupun Casual Pakaian Kantor Outfit Sidang Skripsi,"Marun Muda, S",18437126015,exact_product,jas-w-mmd-s
Tiktoksellercenter_batchedit_20260925_all_information_template_5.xlsx,22,1729441747251923932,Best Seller Blazer Wanita Korean Style Bahan Premium Style Formal Maupun Casual Pakaian Kantor Outfit Sidang Skripsi,"Marun Muda, M",18437126015,exact_product,jas-w-mmd-m
Tiktoksellercenter_batchedit_20260925_all_information_template_5.xlsx,23,1729441747251923932,Best Seller Blazer Wanita Korean Style Bahan Premium Style Formal Maupun Casual Pakaian Kantor Outfit Sidang Skripsi,"Marun Muda, L",18437126015,exact_product,jas-w-mmd-l
Tiktoksellercenter_batchedit_20260925_all_information_template_5.xlsx,24,1729441747251923932,Best Seller Blazer Wanita Korean Style Bahan Premium Style Formal Maupun Casual Pakaian Kantor Outfit Sidang Skripsi,"Marun Muda, XL",18437126015,exact_product,jas-w-mmd-xl
Tiktoksellercenter_batchedit_20260925_all_information_template_5.xlsx,25,1729441747251923932,Best Seller Blazer Wanita Korean Style Bahan Premium Style Formal Maupun Casual Pakaian Kantor Outfit Sidang Skripsi,"Marun Muda, XXL",18437126015,exact_product,jas-w-mmd-xxl
Tiktoksellercenter_batchedit_20260925_all_information_template_5.xlsx,26,1729441747251923932,Best Seller Blazer Wanita Korean Style Bahan Premium Style Formal Maupun Casual Pakaian Kantor Outfit Sidang Skripsi,"Marun Muda, XXXL",18437126015,exact_product,jas-w-mmd-xxxl
Tiktoksellercenter_batchedit_20260925_all_information_template_5.xlsx,27,1729441747251923932,Best Seller Blazer Wanita Korean Style Bahan Premium Style Formal Maupun Casual Pakaian Kantor Outfit Sidang Skripsi,"Biru Langit, XS",18437126015,exact_product,jas-w-blg-xs
Tiktoksellercenter_batchedit_20260925_all_information_template_5.xlsx,28,1729441747251923932,Best Seller Blazer Wanita Korean Style Bahan Premium Style Formal Maupun Casual Pakaian Kantor Outfit Sidang Skripsi,"Biru Langit, S",18437126015,exact_product,jas-w-blg-s
Tiktoksellercenter_batchedit_20260925_all_information_template_5.xlsx,29,1729441747251923932,Best Seller Blazer Wanita Korean Style Bahan Premium Style Formal Maupun Casual Pakaian Kantor Outfit Sidang Skripsi,"Biru Langit, M",18437126015,exact_product,jas-w-blg-m
Tiktoksellercenter_batchedit_20260925_all_information_template_5.xlsx,30,1729441747251923932,Best Seller Blazer Wanita Korean Style Bahan Premium Style Formal Maupun Casual Pakaian Kantor Outfit Sidang Skripsi,"Biru Langit, L",18437126015,exact_product,jas-w-blg-l
Tiktoksellercenter_batchedit_20260925_all_information_template_5.xlsx,31,1729441747251923932,Best Seller Blazer Wanita Korean Style Bahan Premium Style Formal Maupun Casual Pakaian Kantor Outfit Sidang Skripsi,"Biru Langit, XL",18437126015,exact_product,jas-w-blg-xl
Tiktoksellercenter_batchedit_20260925_all_information_template_5.xlsx,32,1729441747251923932,Best Seller Blazer Wanita Korean Style Bahan Premium Style Formal Maupun Casual Pakaian Kantor Outfit Sidang Skripsi,"Biru Langit, XXL",18437126015,exact_product,jas-w-blg-xxl
Tiktoksellercenter_batchedit_20260925_all_information_template_5.xlsx,33,1729441747251923932,Best Seller Blazer Wanita Korean Style Bahan Premium Style Formal Maupun Casual Pakaian Kantor Outfit Sidang Skripsi,"Biru Langit, XXXL",18437126015,exact_product,jas-w-blg-xxxl
Tiktoksellercenter_batchedit_20260925_all_information_template_5.xlsx,34,1729441747251923932,Best Seller Blazer Wanita Korean Style Bahan Premium Style Formal Maupun Casual Pakaian Kantor Outfit Sidang Skripsi,"Baby Pink, XS",18437126015,exact_product,jas-w-bpk-xs
Tiktoksellercenter_batchedit_20260925_all_information_template_5.xlsx,35,1729441747251923932,Best Seller Blazer Wanita Korean Style Bahan Premium Style Formal Maupun Casual Pakaian Kantor Outfit Sidang Skripsi,"Baby Pink, S",18437126015,exact_product,jas-w-bpk-s
Tiktoksellercenter_batchedit_20260925_all_information_template_5.xlsx,36,1729441747251923932,Best Seller Blazer Wanita Korean Style Bahan Premium Style Formal Maupun Casual Pakaian Kantor Outfit Sidang Skripsi,"Baby Pink, M",18437126015,exact_product,jas-w-bpk-m
Tiktoksellercenter_batchedit_20260925_all_information_template_5.xlsx,37,1729441747251923932,Best Seller Blazer Wanita Korean Style Bahan Premium Style Formal Maupun Casual Pakaian Kantor Outfit Sidang Skripsi,"Baby Pink, L",18437126015,exact_product,jas-w-bpk-l
Tiktoksellercenter_batchedit_20260925_all_information_template_5.xlsx,38,1729441747251923932,Best Seller Blazer Wanita Korean Style Bahan Premium Style Formal Maupun Casual Pakaian Kantor Outfit Sidang Skripsi,"Baby Pink, XL",18437126015,exact_product,jas-w-bpk-xl
Tiktoksellercenter_batchedit_20260925_all_information_template_5.xlsx,39,1729441747251923932,Best Seller Blazer Wanita Korean Style Bahan Premium Style Formal Maupun Casual Pakaian Kantor Outfit Sidang Skripsi,"Baby Pink, XXL",18437126015,exact_product,jas-w-bpk-xxl
Tiktoksellercenter_batchedit_20260925_all_information_template_5.xlsx,40,1729441747251923932,Best Seller Blazer Wanita Korean Style Bahan Premium Style Formal Maupun Casual Pakaian Kantor Outfit Sidang Skripsi,"Baby Pink, XXXL",18437126015,exact_product,jas-w-bpk-xxxl
Tiktoksellercenter_batchedit_20260925_all_information_template_5.xlsx,41,1729441747251923932,Best Seller Blazer Wanita Korean Style Bahan Premium Style Formal Maupun Casual Pakaian Kantor Outfit Sidang Skripsi,"Navy, XS",18437126015,exact_product,jas-w-nvy-xs
Tiktoksellercenter_batchedit_20260925_all_information_template_5.xlsx,42,1729441747251923932,Best Seller Blazer Wanita Korean Style Bahan Premium Style Formal Maupun Casual Pakaian Kantor Outfit Sidang Skripsi,"Navy, S",18437126015,exact_product,jas-w-nvy-s
Tiktoksellercenter_batchedit_20260925_all_information_template_5.xlsx,43,1729441747251923932,Best Seller Blazer Wanita Korean Style Bahan Premium Style Formal Maupun Casual Pakaian Kantor Outfit Sidang Skripsi,"Navy, M",18437126015,exact_product,jas-w-nvy-m
Tiktoksellercenter_batchedit_20260925_all_information_template_5.xlsx,44,1729441747251923932,Best Seller Blazer Wanita Korean Style Bahan Premium Style Formal Maupun Casual Pakaian Kantor Outfit Sidang Skripsi,"Navy, L",18437126015,exact_product,jas-w-nvy-l
Tiktoksellercenter_batchedit_20260925_all_information_template_5.xlsx,45,1729441747251923932,Best Seller Blazer Wanita Korean Style Bahan Premium Style Formal Maupun Casual Pakaian Kantor Outfit Sidang Skripsi,"Navy, XL",18437126015,exact_product,jas-w-nvy-xl
Tiktoksellercenter_batchedit_20260925_all_information_template_5.xlsx,46,1729441747251923932,Best Seller Blazer Wanita Korean Style Bahan Premium Style Formal Maupun Casual Pakaian Kantor Outfit Sidang Skripsi,"Navy, XXL",18437126015,exact_product,jas-w-nvy-xxl
Tiktoksellercenter_batchedit_20260925_all_information_template_5.xlsx,47,1729441747251923932,Best Seller Blazer Wanita Korean Style Bahan Premium Style Formal Maupun Casual Pakaian Kantor Outfit Sidang Skripsi,"Navy, XXXL",18437126015,exact_product,jas-w-nvy-xxxl
Tiktoksellercenter_batchedit_20260925_all_information_template_5.xlsx,48,1729441747251923932,Best Seller Blazer Wanita Korean Style Bahan Premium Style Formal Maupun Casual Pakaian Kantor Outfit Sidang Skripsi,"Abu, XS",18437126015,exact_product,jas-w-abu-xs
Tiktoksellercenter_batchedit_20260925_all_information_template_5.xlsx,49,1729441747251923932,Best Seller Blazer Wanita Korean Style Bahan Premium Style Formal Maupun Casual Pakaian Kantor Outfit Sidang Skripsi,"Abu, S",18437126015,exact_product,jas-w-abu-s
Tiktoksellercenter_batchedit_20260925_all_information_template_5.xlsx,50,1729441747251923932,Best Seller Blazer Wanita Korean Style Bahan Premium Style Formal Maupun Casual Pakaian Kantor Outfit Sidang Skripsi,"Abu, M",18437126015,exact_product,jas-w-abu-m
Tiktoksellercenter_batchedit_20260925_all_information_template_5.xlsx,51,1729441747251923932,Best Seller Blazer Wanita Korean Style Bahan Premium Style Formal Maupun Casual Pakaian Kantor Outfit Sidang Skripsi,"Abu, L",18437126015,exact_product,jas-w-abu-l
Tiktoksellercenter_batchedit_20260925_all_information_template_5.xlsx,52,1729441747251923932,Best Seller Blazer Wanita Korean Style Bahan Premium Style Formal Maupun Casual Pakaian Kantor Outfit Sidang Skripsi,"Abu, XL",18437126015,exact_product,jas-w-abu-xl
Tiktoksellercenter_batchedit_20260925_all_information_template_5.xlsx,53,1729441747251923932,Best Seller Blazer Wanita Korean Style Bahan Premium Style Formal Maupun Casual Pakaian Kantor Outfit Sidang Skripsi,"Abu, XXL",18437126015,exact_product,jas-w-abu-xxl
Tiktoksellercenter_batchedit_20260925_all_information_template_5.xlsx,54,1729441747251923932,Best Seller Blazer Wanita Korean Style Bahan Premium Style Formal Maupun Casual Pakaian Kantor Outfit Sidang Skripsi,"Abu, XXXL",18437126015,exact_product,jas-w-abu-xxxl
Tiktoksellercenter_batchedit_20260925_all_information_template_5.xlsx,56,1729441747251923932,Best Seller Blazer Wanita Korean Style Bahan Premium Style Formal Maupun Casual Pakaian Kantor Outfit Sidang Skripsi,"Krem, S",18653316238,validated_family_variant,JAS-W-KRM-S
Tiktoksellercenter_batchedit_20260925_all_information_template_5.xlsx,57,1729441747251923932,Best Seller Blazer Wanita Korean Style Bahan Premium Style Formal Maupun Casual Pakaian Kantor Outfit Sidang Skripsi,"Krem, M",18653316238,validated_family_variant,JAS-W-KRM-M
Tiktoksellercenter_batchedit_20260925_all_information_template_5.xlsx,58,1729441747251923932,Best Seller Blazer Wanita Korean Style Bahan Premium Style Formal Maupun Casual Pakaian Kantor Outfit Sidang Skripsi,"Krem, L",18653316238,validated_family_variant,JAS-W-KRM-L
Tiktoksellercenter_batchedit_20260925_all_information_template_5.xlsx,59,1729441747251923932,Best Seller Blazer Wanita Korean Style Bahan Premium Style Formal Maupun Casual Pakaian Kantor Outfit Sidang Skripsi,"Krem, XL",18653316238,validated_family_variant,JAS-W-KRM-XL
Tiktoksellercenter_batchedit_20260925_all_information_template_5.xlsx,60,1729441747251923932,Best Seller Blazer Wanita Korean Style Bahan Premium Style Formal Maupun Casual Pakaian Kantor Outfit Sidang Skripsi,"Krem, XXL",18653316238,validated_family_variant,JAS-W-KRM-XXL
Tiktoksellercenter_batchedit_20260925_all_information_template_5.xlsx,62,1729441747251923932,Best Seller Blazer Wanita Korean Style Bahan Premium Style Formal Maupun Casual Pakaian Kantor Outfit Sidang Skripsi,"Marun Tua, XS",18437126015,exact_product,jas-w-mta-xs
Tiktoksellercenter_batchedit_20260925_all_information_template_5.xlsx,63,1729441747251923932,Best Seller Blazer Wanita Korean Style Bahan Premium Style Formal Maupun Casual Pakaian Kantor Outfit Sidang Skripsi,"Marun Tua, S",18437126015,exact_product,jas-w-mta-s
Tiktoksellercenter_batchedit_20260925_all_information_template_5.xlsx,64,1729441747251923932,Best Seller Blazer Wanita Korean Style Bahan Premium Style Formal Maupun Casual Pakaian Kantor Outfit Sidang Skripsi,"Marun Tua, M",18437126015,exact_product,jas-w-mta-m
Tiktoksellercenter_batchedit_20260925_all_information_template_5.xlsx,65,1729441747251923932,Best Seller Blazer Wanita Korean Style Bahan Premium Style Formal Maupun Casual Pakaian Kantor Outfit Sidang Skripsi,"Marun Tua, L",18437126015,exact_product,jas-w-mta-l
Tiktoksellercenter_batchedit_20260925_all_information_template_5.xlsx,66,1729441747251923932,Best Seller Blazer Wanita Korean Style Bahan Premium Style Formal Maupun Casual Pakaian Kantor Outfit Sidang Skripsi,"Marun Tua, XL",18437126015,exact_product,jas-w-mta-xl
Tiktoksellercenter_batchedit_20260925_all_information_template_5.xlsx,67,1729441747251923932,Best Seller Blazer Wanita Korean Style Bahan Premium Style Formal Maupun Casual Pakaian Kantor Outfit Sidang Skripsi,"Marun Tua, XXL",18437126015,exact_product,jas-w-mta-xxl
Tiktoksellercenter_batchedit_20260925_all_information_template_5.xlsx,68,1729441747251923932,Best Seller Blazer Wanita Korean Style Bahan Premium Style Formal Maupun Casual Pakaian Kantor Outfit Sidang Skripsi,"Marun Tua, XXXL",18437126015,exact_product,jas-w-mta-xxxl
Tiktoksellercenter_batchedit_20260925_all_information_template_5.xlsx,69,1729441747251923932,Best Seller Blazer Wanita Korean Style Bahan Premium Style Formal Maupun Casual Pakaian Kantor Outfit Sidang Skripsi,"Merah Cabe, XS",18437126015,exact_product,jas-w-mcb-xs
Tiktoksellercenter_batchedit_20260925_all_information_template_5.xlsx,70,1729441747251923932,Best Seller Blazer Wanita Korean Style Bahan Premium Style Formal Maupun Casual Pakaian Kantor Outfit Sidang Skripsi,"Merah Cabe, S",18437126015,exact_product,jas-w-mcb-s
Tiktoksellercenter_batchedit_20260925_all_information_template_5.xlsx,71,1729441747251923932,Best Seller Blazer Wanita Korean Style Bahan Premium Style Formal Maupun Casual Pakaian Kantor Outfit Sidang Skripsi,"Merah Cabe, M",18437126015,exact_product,jas-w-mcb-m
Tiktoksellercenter_batchedit_20260925_all_information_template_5.xlsx,72,1729441747251923932,Best Seller Blazer Wanita Korean Style Bahan Premium Style Formal Maupun Casual Pakaian Kantor Outfit Sidang Skripsi,"Merah Cabe, L",18437126015,exact_product,jas-w-mcb-l
Tiktoksellercenter_batchedit_20260925_all_information_template_5.xlsx,73,1729441747251923932,Best Seller Blazer Wanita Korean Style Bahan Premium Style Formal Maupun Casual Pakaian Kantor Outfit Sidang Skripsi,"Merah Cabe, XL",18437126015,exact_product,jas-w-mcb-xl
Tiktoksellercenter_batchedit_20260925_all_information_template_5.xlsx,74,1729441747251923932,Best Seller Blazer Wanita Korean Style Bahan Premium Style Formal Maupun Casual Pakaian Kantor Outfit Sidang Skripsi,"Merah Cabe, XXL",18437126015,exact_product,jas-w-mcb-xxl
Tiktoksellercenter_batchedit_20260925_all_information_template_5.xlsx,75,1729441747251923932,Best Seller Blazer Wanita Korean Style Bahan Premium Style Formal Maupun Casual Pakaian Kantor Outfit Sidang Skripsi,"Merah Cabe, XXXL",18437126015,exact_product,jas-w-mcb-xxxl
Tiktoksellercenter_batchedit_20260925_all_information_template_5.xlsx,76,1729441747251923932,Best Seller Blazer Wanita Korean Style Bahan Premium Style Formal Maupun Casual Pakaian Kantor Outfit Sidang Skripsi,"Terracota, XS",18437126015,exact_product,jas-w-trc-xs
Tiktoksellercenter_batchedit_20260925_all_information_template_5.xlsx,77,1729441747251923932,Best Seller Blazer Wanita Korean Style Bahan Premium Style Formal Maupun Casual Pakaian Kantor Outfit Sidang Skripsi,"Terracota, S",18437126015,exact_product,jas-w-trc-s
Tiktoksellercenter_batchedit_20260925_all_information_template_5.xlsx,78,1729441747251923932,Best Seller Blazer Wanita Korean Style Bahan Premium Style Formal Maupun Casual Pakaian Kantor Outfit Sidang Skripsi,"Terracota, M",18437126015,exact_product,jas-w-trc-m
Tiktoksellercenter_batchedit_20260925_all_information_template_5.xlsx,79,1729441747251923932,Best Seller Blazer Wanita Korean Style Bahan Premium Style Formal Maupun Casual Pakaian Kantor Outfit Sidang Skripsi,"Terracota, L",18437126015,exact_product,jas-w-trc-l
Tiktoksellercenter_batchedit_20260925_all_information_template_5.xlsx,80,1729441747251923932,Best Seller Blazer Wanita Korean Style Bahan Premium Style Formal Maupun Casual Pakaian Kantor Outfit Sidang Skripsi,"Terracota, XL",18437126015,exact_product,jas-w-trc-xl
Tiktoksellercenter_batchedit_20260925_all_information_template_5.xlsx,81,1729441747251923932,Best Seller Blazer Wanita Korean Style Bahan Premium Style Formal Maupun Casual Pakaian Kantor Outfit Sidang Skripsi,"Terracota, XXL",18437126015,exact_product,jas-w-trc-xxl
Tiktoksellercenter_batchedit_20260925_all_information_template_5.xlsx,82,1729441747251923932,Best Seller Blazer Wanita Korean Style Bahan Premium Style Formal Maupun Casual Pakaian Kantor Outfit Sidang Skripsi,"Terracota, XXXL",18437126015,exact_product,jas-w-trc-xxxl
Tiktoksellercenter_batchedit_20260925_all_information_template_5.xlsx,83,1729441747251923932,Best Seller Blazer Wanita Korean Style Bahan Premium Style Formal Maupun Casual Pakaian Kantor Outfit Sidang Skripsi,"Pink Fanta, XS",18437126015,exact_product,jas-w-pfn-xs
Tiktoksellercenter_batchedit_20260925_all_information_template_5.xlsx,84,1729441747251923932,Best Seller Blazer Wanita Korean Style Bahan Premium Style Formal Maupun Casual Pakaian Kantor Outfit Sidang Skripsi,"Pink Fanta, S",18437126015,exact_product,jas-w-pfn-s
Tiktoksellercenter_batchedit_20260925_all_information_template_5.xlsx,85,1729441747251923932,Best Seller Blazer Wanita Korean Style Bahan Premium Style Formal Maupun Casual Pakaian Kantor Outfit Sidang Skripsi,"Pink Fanta, M",18437126015,exact_product,jas-w-pfn-m
Tiktoksellercenter_batchedit_20260925_all_information_template_5.xlsx,86,1729441747251923932,Best Seller Blazer Wanita Korean Style Bahan Premium Style Formal Maupun Casual Pakaian Kantor Outfit Sidang Skripsi,"Pink Fanta, L",18437126015,exact_product,jas-w-pfn-l
Tiktoksellercenter_batchedit_20260925_all_information_template_5.xlsx,87,1729441747251923932,Best Seller Blazer Wanita Korean Style Bahan Premium Style Formal Maupun Casual Pakaian Kantor Outfit Sidang Skripsi,"Pink Fanta, XL",18437126015,exact_product,jas-w-pfn-xl
Tiktoksellercenter_batchedit_20260925_all_information_template_5.xlsx,88,1729441747251923932,Best Seller Blazer Wanita Korean Style Bahan Premium Style Formal Maupun Casual Pakaian Kantor Outfit Sidang Skripsi,"Pink Fanta, XXL",18437126015,exact_product,jas-w-pfn-xxl
Tiktoksellercenter_batchedit_20260925_all_information_template_5.xlsx,89,1729441747251923932,Best Seller Blazer Wanita Korean Style Bahan Premium Style Formal Maupun Casual Pakaian Kantor Outfit Sidang Skripsi,"Pink Fanta, XXXL",18437126015,exact_product,jas-w-pfn-xxxl
Tiktoksellercenter_batchedit_20260925_all_information_template_5.xlsx,90,1729441747251923932,Best Seller Blazer Wanita Korean Style Bahan Premium Style Formal Maupun Casual Pakaian Kantor Outfit Sidang Skripsi,"Biru, XS",18437126015,exact_product,jas-w-bbc-xs
Tiktoksellercenter_batchedit_20260925_all_information_template_5.xlsx,91,1729441747251923932,Best Seller Blazer Wanita Korean Style Bahan Premium Style Formal Maupun Casual Pakaian Kantor Outfit Sidang Skripsi,"Biru, S",18437126015,exact_product,jas-w-bbc-s
Tiktoksellercenter_batchedit_20260925_all_information_template_5.xlsx,92,1729441747251923932,Best Seller Blazer Wanita Korean Style Bahan Premium Style Formal Maupun Casual Pakaian Kantor Outfit Sidang Skripsi,"Biru, M",18437126015,exact_product,jas-w-bbc-m
Tiktoksellercenter_batchedit_20260925_all_information_template_5.xlsx,93,1729441747251923932,Best Seller Blazer Wanita Korean Style Bahan Premium Style Formal Maupun Casual Pakaian Kantor Outfit Sidang Skripsi,"Biru, L",18437126015,exact_product,jas-w-bbc-l
Tiktoksellercenter_batchedit_20260925_all_information_template_5.xlsx,94,1729441747251923932,Best Seller Blazer Wanita Korean Style Bahan Premium Style Formal Maupun Casual Pakaian Kantor Outfit Sidang Skripsi,"Biru, XL",18437126015,exact_product,jas-w-bbc-xl
Tiktoksellercenter_batchedit_20260925_all_information_template_5.xlsx,95,1729441747251923932,Best Seller Blazer Wanita Korean Style Bahan Premium Style Formal Maupun Casual Pakaian Kantor Outfit Sidang Skripsi,"Biru, XXL",18437126015,exact_product,jas-w-bbc-xxl
Tiktoksellercenter_batchedit_20260925_all_information_template_5.xlsx,96,1729441747251923932,Best Seller Blazer Wanita Korean Style Bahan Premium Style Formal Maupun Casual Pakaian Kantor Outfit Sidang Skripsi,"Biru, XXXL",18437126015,exact_product,jas-w-bbc-xxxl
Tiktoksellercenter_batchedit_20260925_all_information_template_5.xlsx,97,1729515705665948636,Best Seller Jas Kantor Wanita Style Korean Formal Maupun Casual Pakaian Sidang Skripsi Outfit Wisuda Blazer Kerja Tangan Panjang Tebal,"Hitam, S",18437126015,exact_product,jas-w-htm-s
Tiktoksellercenter_batchedit_20260925_all_information_template_5.xlsx,98,1729515705665948636,Best Seller Jas Kantor Wanita Style Korean Formal Maupun Casual Pakaian Sidang Skripsi Outfit Wisuda Blazer Kerja Tangan Panjang Tebal,"Hitam, M",18437126015,exact_product,jas-w-htm-m
Tiktoksellercenter_batchedit_20260925_all_information_template_5.xlsx,99,1729515705665948636,Best Seller Jas Kantor Wanita Style Korean Formal Maupun Casual Pakaian Sidang Skripsi Outfit Wisuda Blazer Kerja Tangan Panjang Tebal,"Hitam, L",18437126015,exact_product,jas-w-htm-l
Tiktoksellercenter_batchedit_20260925_all_information_template_5.xlsx,100,1729515705665948636,Best Seller Jas Kantor Wanita Style Korean Formal Maupun Casual Pakaian Sidang Skripsi Outfit Wisuda Blazer Kerja Tangan Panjang Tebal,"Hitam, XL",18437126015,exact_product,jas-w-htm-xl
Tiktoksellercenter_batchedit_20260925_all_information_template_5.xlsx,101,1729515705665948636,Best Seller Jas Kantor Wanita Style Korean Formal Maupun Casual Pakaian Sidang Skripsi Outfit Wisuda Blazer Kerja Tangan Panjang Tebal,"Hitam, XXL",18437126015,exact_product,jas-w-htm-xxl
Tiktoksellercenter_batchedit_20260925_all_information_template_5.xlsx,102,1729515705665948636,Best Seller Jas Kantor Wanita Style Korean Formal Maupun Casual Pakaian Sidang Skripsi Outfit Wisuda Blazer Kerja Tangan Panjang Tebal,"Hitam, XXXL",18437126015,exact_product,jas-w-htm-xxxl
Tiktoksellercenter_batchedit_20260925_all_information_template_5.xlsx,103,1729515705665948636,Best Seller Jas Kantor Wanita Style Korean Formal Maupun Casual Pakaian Sidang Skripsi Outfit Wisuda Blazer Kerja Tangan Panjang Tebal,"Putih, S",18437126015,exact_product,jas-w-pth-s
Tiktoksellercenter_batchedit_20260925_all_information_template_5.xlsx,104,1729515705665948636,Best Seller Jas Kantor Wanita Style Korean Formal Maupun Casual Pakaian Sidang Skripsi Outfit Wisuda Blazer Kerja Tangan Panjang Tebal,"Putih, M",18437126015,exact_product,jas-w-pth-m
Tiktoksellercenter_batchedit_20260925_all_information_template_5.xlsx,105,1729515705665948636,Best Seller Jas Kantor Wanita Style Korean Formal Maupun Casual Pakaian Sidang Skripsi Outfit Wisuda Blazer Kerja Tangan Panjang Tebal,"Putih, L",18437126015,exact_product,jas-w-pth-l
Tiktoksellercenter_batchedit_20260925_all_information_template_5.xlsx,106,1729515705665948636,Best Seller Jas Kantor Wanita Style Korean Formal Maupun Casual Pakaian Sidang Skripsi Outfit Wisuda Blazer Kerja Tangan Panjang Tebal,"Putih, XL",18437126015,exact_product,jas-w-pth-xl
Tiktoksellercenter_batchedit_20260925_all_information_template_5.xlsx,107,1729515705665948636,Best Seller Jas Kantor Wanita Style Korean Formal Maupun Casual Pakaian Sidang Skripsi Outfit Wisuda Blazer Kerja Tangan Panjang Tebal,"Putih, XXL",18437126015,exact_product,jas-w-pth-xxl
Tiktoksellercenter_batchedit_20260925_all_information_template_5.xlsx,108,1729515705665948636,Best Seller Jas Kantor Wanita Style Korean Formal Maupun Casual Pakaian Sidang Skripsi Outfit Wisuda Blazer Kerja Tangan Panjang Tebal,"Putih, XXXL",18437126015,exact_product,jas-w-pth-xxxl
Tiktoksellercenter_batchedit_20260925_all_information_template_5.xlsx,109,1729515705665948636,Best Seller Jas Kantor Wanita Style Korean Formal Maupun Casual Pakaian Sidang Skripsi Outfit Wisuda Blazer Kerja Tangan Panjang Tebal,"Marun Muda, S",18437126015,exact_product,jas-w-mmd-s
Tiktoksellercenter_batchedit_20260925_all_information_template_5.xlsx,110,1729515705665948636,Best Seller Jas Kantor Wanita Style Korean Formal Maupun Casual Pakaian Sidang Skripsi Outfit Wisuda Blazer Kerja Tangan Panjang Tebal,"Marun Muda, M",18437126015,exact_product,jas-w-mmd-m
Tiktoksellercenter_batchedit_20260925_all_information_template_5.xlsx,111,1729515705665948636,Best Seller Jas Kantor Wanita Style Korean Formal Maupun Casual Pakaian Sidang Skripsi Outfit Wisuda Blazer Kerja Tangan Panjang Tebal,"Marun Muda, L",18437126015,exact_product,jas-w-mmd-l
Tiktoksellercenter_batchedit_20260925_all_information_template_5.xlsx,112,1729515705665948636,Best Seller Jas Kantor Wanita Style Korean Formal Maupun Casual Pakaian Sidang Skripsi Outfit Wisuda Blazer Kerja Tangan Panjang Tebal,"Marun Muda, XL",18437126015,exact_product,jas-w-mmd-xl
Tiktoksellercenter_batchedit_20260925_all_information_template_5.xlsx,113,1729515705665948636,Best Seller Jas Kantor Wanita Style Korean Formal Maupun Casual Pakaian Sidang Skripsi Outfit Wisuda Blazer Kerja Tangan Panjang Tebal,"Marun Muda, XXL",18437126015,exact_product,jas-w-mmd-xxl
Tiktoksellercenter_batchedit_20260925_all_information_template_5.xlsx,114,1729515705665948636,Best Seller Jas Kantor Wanita Style Korean Formal Maupun Casual Pakaian Sidang Skripsi Outfit Wisuda Blazer Kerja Tangan Panjang Tebal,"Marun Muda, XXXL",18437126015,exact_product,jas-w-mmd-xxxl
Tiktoksellercenter_batchedit_20260925_all_information_template_5.xlsx,115,1729515705665948636,Best Seller Jas Kantor Wanita Style Korean Formal Maupun Casual Pakaian Sidang Skripsi Outfit Wisuda Blazer Kerja Tangan Panjang Tebal,"Abu, S",18437126015,exact_product,jas-w-abu-s
Tiktoksellercenter_batchedit_20260925_all_information_template_5.xlsx,116,1729515705665948636,Best Seller Jas Kantor Wanita Style Korean Formal Maupun Casual Pakaian Sidang Skripsi Outfit Wisuda Blazer Kerja Tangan Panjang Tebal,"Abu, M",18437126015,exact_product,jas-w-abu-m
Tiktoksellercenter_batchedit_20260925_all_information_template_5.xlsx,117,1729515705665948636,Best Seller Jas Kantor Wanita Style Korean Formal Maupun Casual Pakaian Sidang Skripsi Outfit Wisuda Blazer Kerja Tangan Panjang Tebal,"Abu, L",18437126015,exact_product,jas-w-abu-l
Tiktoksellercenter_batchedit_20260925_all_information_template_5.xlsx,118,1729515705665948636,Best Seller Jas Kantor Wanita Style Korean Formal Maupun Casual Pakaian Sidang Skripsi Outfit Wisuda Blazer Kerja Tangan Panjang Tebal,"Abu, XL",18437126015,exact_product,jas-w-abu-xl
Tiktoksellercenter_batchedit_20260925_all_information_template_5.xlsx,119,1729515705665948636,Best Seller Jas Kantor Wanita Style Korean Formal Maupun Casual Pakaian Sidang Skripsi Outfit Wisuda Blazer Kerja Tangan Panjang Tebal,"Abu, XXL",18437126015,exact_product,jas-w-abu-xxl
Tiktoksellercenter_batchedit_20260925_all_information_template_5.xlsx,120,1729515705665948636,Best Seller Jas Kantor Wanita Style Korean Formal Maupun Casual Pakaian Sidang Skripsi Outfit Wisuda Blazer Kerja Tangan Panjang Tebal,"Abu, XXXL",18437126015,exact_product,jas-w-abu-xxxl
Tiktoksellercenter_batchedit_20260925_all_information_template_5.xlsx,121,1729515705665948636,Best Seller Jas Kantor Wanita Style Korean Formal Maupun Casual Pakaian Sidang Skripsi Outfit Wisuda Blazer Kerja Tangan Panjang Tebal,"Navy, S",18437126015,exact_product,jas-w-nvy-s
Tiktoksellercenter_batchedit_20260925_all_information_template_5.xlsx,122,1729515705665948636,Best Seller Jas Kantor Wanita Style Korean Formal Maupun Casual Pakaian Sidang Skripsi Outfit Wisuda Blazer Kerja Tangan Panjang Tebal,"Navy, M",18437126015,exact_product,jas-w-nvy-m
Tiktoksellercenter_batchedit_20260925_all_information_template_5.xlsx,123,1729515705665948636,Best Seller Jas Kantor Wanita Style Korean Formal Maupun Casual Pakaian Sidang Skripsi Outfit Wisuda Blazer Kerja Tangan Panjang Tebal,"Navy, L",18437126015,exact_product,jas-w-nvy-l
Tiktoksellercenter_batchedit_20260925_all_information_template_5.xlsx,124,1729515705665948636,Best Seller Jas Kantor Wanita Style Korean Formal Maupun Casual Pakaian Sidang Skripsi Outfit Wisuda Blazer Kerja Tangan Panjang Tebal,"Navy, XL",18437126015,exact_product,jas-w-nvy-xl
Tiktoksellercenter_batchedit_20260925_all_information_template_5.xlsx,125,1729515705665948636,Best Seller Jas Kantor Wanita Style Korean Formal Maupun Casual Pakaian Sidang Skripsi Outfit Wisuda Blazer Kerja Tangan Panjang Tebal,"Navy, XXL",18437126015,exact_product,jas-w-nvy-xxl
Tiktoksellercenter_batchedit_20260925_all_information_template_5.xlsx,126,1729515705665948636,Best Seller Jas Kantor Wanita Style Korean Formal Maupun Casual Pakaian Sidang Skripsi Outfit Wisuda Blazer Kerja Tangan Panjang Tebal,"Navy, XXXL",18437126015,exact_product,jas-w-nvy-xxxl
Tiktoksellercenter_batchedit_20260925_all_information_template_5.xlsx,127,1729515705665948636,Best Seller Jas Kantor Wanita Style Korean Formal Maupun Casual Pakaian Sidang Skripsi Outfit Wisuda Blazer Kerja Tangan Panjang Tebal,"Baby Pink, S",18437126015,exact_product,jas-w-bpk-s
Tiktoksellercenter_batchedit_20260925_all_information_template_5.xlsx,128,1729515705665948636,Best Seller Jas Kantor Wanita Style Korean Formal Maupun Casual Pakaian Sidang Skripsi Outfit Wisuda Blazer Kerja Tangan Panjang Tebal,"Baby Pink, M",18437126015,exact_product,jas-w-bpk-m
Tiktoksellercenter_batchedit_20260925_all_information_template_5.xlsx,129,1729515705665948636,Best Seller Jas Kantor Wanita Style Korean Formal Maupun Casual Pakaian Sidang Skripsi Outfit Wisuda Blazer Kerja Tangan Panjang Tebal,"Baby Pink, L",18437126015,exact_product,jas-w-bpk-l
Tiktoksellercenter_batchedit_20260925_all_information_template_5.xlsx,130,1729515705665948636,Best Seller Jas Kantor Wanita Style Korean Formal Maupun Casual Pakaian Sidang Skripsi Outfit Wisuda Blazer Kerja Tangan Panjang Tebal,"Baby Pink, XL",18437126015,exact_product,jas-w-bpk-xl
Tiktoksellercenter_batchedit_20260925_all_information_template_5.xlsx,131,1729515705665948636,Best Seller Jas Kantor Wanita Style Korean Formal Maupun Casual Pakaian Sidang Skripsi Outfit Wisuda Blazer Kerja Tangan Panjang Tebal,"Baby Pink, XXL",18437126015,exact_product,jas-w-bpk-xxl
Tiktoksellercenter_batchedit_20260925_all_information_template_5.xlsx,132,1729515705665948636,Best Seller Jas Kantor Wanita Style Korean Formal Maupun Casual Pakaian Sidang Skripsi Outfit Wisuda Blazer Kerja Tangan Panjang Tebal,"Baby Pink, XXXL",18437126015,exact_product,jas-w-bpk-xxxl
Tiktoksellercenter_batchedit_20260925_all_information_template_5.xlsx,133,1729515705665948636,Best Seller Jas Kantor Wanita Style Korean Formal Maupun Casual Pakaian Sidang Skripsi Outfit Wisuda Blazer Kerja Tangan Panjang Tebal,"Iced Blue, S",18437126015,exact_product,jas-w-blg-s
Tiktoksellercenter_batchedit_20260925_all_information_template_5.xlsx,134,1729515705665948636,Best Seller Jas Kantor Wanita Style Korean Formal Maupun Casual Pakaian Sidang Skripsi Outfit Wisuda Blazer Kerja Tangan Panjang Tebal,"Iced Blue, M",18437126015,exact_product,jas-w-blg-m
Tiktoksellercenter_batchedit_20260925_all_information_template_5.xlsx,135,1729515705665948636,Best Seller Jas Kantor Wanita Style Korean Formal Maupun Casual Pakaian Sidang Skripsi Outfit Wisuda Blazer Kerja Tangan Panjang Tebal,"Iced Blue, L",18437126015,exact_product,jas-w-blg-l
Tiktoksellercenter_batchedit_20260925_all_information_template_5.xlsx,136,1729515705665948636,Best Seller Jas Kantor Wanita Style Korean Formal Maupun Casual Pakaian Sidang Skripsi Outfit Wisuda Blazer Kerja Tangan Panjang Tebal,"Iced Blue, XL",18437126015,exact_product,jas-w-blg-xl
Tiktoksellercenter_batchedit_20260925_all_information_template_5.xlsx,137,1729515705665948636,Best Seller Jas Kantor Wanita Style Korean Formal Maupun Casual Pakaian Sidang Skripsi Outfit Wisuda Blazer Kerja Tangan Panjang Tebal,"Iced Blue, XXL",18437126015,exact_product,jas-w-blg-xxl
Tiktoksellercenter_batchedit_20260925_all_information_template_5.xlsx,138,1729515705665948636,Best Seller Jas Kantor Wanita Style Korean Formal Maupun Casual Pakaian Sidang Skripsi Outfit Wisuda Blazer Kerja Tangan Panjang Tebal,"Iced Blue, XXXL",18437126015,exact_product,jas-w-blg-xxxl
Tiktoksellercenter_batchedit_20260925_all_information_template_5.xlsx,139,1729515705665948636,Best Seller Jas Kantor Wanita Style Korean Formal Maupun Casual Pakaian Sidang Skripsi Outfit Wisuda Blazer Kerja Tangan Panjang Tebal,"Biru, S",18437126015,exact_product,jas-w-bbc-s
Tiktoksellercenter_batchedit_20260925_all_information_template_5.xlsx,140,1729515705665948636,Best Seller Jas Kantor Wanita Style Korean Formal Maupun Casual Pakaian Sidang Skripsi Outfit Wisuda Blazer Kerja Tangan Panjang Tebal,"Biru, M",18437126015,exact_product,jas-w-bbc-m
Tiktoksellercenter_batchedit_20260925_all_information_template_5.xlsx,141,1729515705665948636,Best Seller Jas Kantor Wanita Style Korean Formal Maupun Casual Pakaian Sidang Skripsi Outfit Wisuda Blazer Kerja Tangan Panjang Tebal,"Biru, L",18437126015,exact_product,jas-w-bbc-l
Tiktoksellercenter_batchedit_20260925_all_information_template_5.xlsx,142,1729515705665948636,Best Seller Jas Kantor Wanita Style Korean Formal Maupun Casual Pakaian Sidang Skripsi Outfit Wisuda Blazer Kerja Tangan Panjang Tebal,"Biru, XL",18437126015,exact_product,jas-w-bbc-xl
Tiktoksellercenter_batchedit_20260925_all_information_template_5.xlsx,143,1729515705665948636,Best Seller Jas Kantor Wanita Style Korean Formal Maupun Casual Pakaian Sidang Skripsi Outfit Wisuda Blazer Kerja Tangan Panjang Tebal,"Biru, XXL",18437126015,exact_product,jas-w-bbc-xxl
Tiktoksellercenter_batchedit_20260925_all_information_template_5.xlsx,144,1729515705665948636,Best Seller Jas Kantor Wanita Style Korean Formal Maupun Casual Pakaian Sidang Skripsi Outfit Wisuda Blazer Kerja Tangan Panjang Tebal,"Biru, XXXL",18437126015,exact_product,jas-w-bbc-xxxl
Tiktoksellercenter_batchedit_20260925_all_information_template_5.xlsx,145,1729515705665948636,Best Seller Jas Kantor Wanita Style Korean Formal Maupun Casual Pakaian Sidang Skripsi Outfit Wisuda Blazer Kerja Tangan Panjang Tebal,"Krem, S",18653316238,validated_family_variant,JAS-W-KRM-S
Tiktoksellercenter_batchedit_20260925_all_information_template_5.xlsx,146,1729515705665948636,Best Seller Jas Kantor Wanita Style Korean Formal Maupun Casual Pakaian Sidang Skripsi Outfit Wisuda Blazer Kerja Tangan Panjang Tebal,"Krem, M",18653316238,validated_family_variant,JAS-W-KRM-M
Tiktoksellercenter_batchedit_20260925_all_information_template_5.xlsx,147,1729515705665948636,Best Seller Jas Kantor Wanita Style Korean Formal Maupun Casual Pakaian Sidang Skripsi Outfit Wisuda Blazer Kerja Tangan Panjang Tebal,"Krem, L",18653316238,validated_family_variant,JAS-W-KRM-L
Tiktoksellercenter_batchedit_20260925_all_information_template_5.xlsx,148,1729515705665948636,Best Seller Jas Kantor Wanita Style Korean Formal Maupun Casual Pakaian Sidang Skripsi Outfit Wisuda Blazer Kerja Tangan Panjang Tebal,"Krem, XL",18653316238,validated_family_variant,JAS-W-KRM-XL
Tiktoksellercenter_batchedit_20260925_all_information_template_5.xlsx,149,1729515705665948636,Best Seller Jas Kantor Wanita Style Korean Formal Maupun Casual Pakaian Sidang Skripsi Outfit Wisuda Blazer Kerja Tangan Panjang Tebal,"Krem, XXL",18653316238,validated_family_variant,JAS-W-KRM-XXL
Tiktoksellercenter_batchedit_20260925_all_information_template_5.xlsx,151,1729515705665948636,Best Seller Jas Kantor Wanita Style Korean Formal Maupun Casual Pakaian Sidang Skripsi Outfit Wisuda Blazer Kerja Tangan Panjang Tebal,"Marun Tua, S",18437126015,exact_product,jas-w-mta-s
Tiktoksellercenter_batchedit_20260925_all_information_template_5.xlsx,152,1729515705665948636,Best Seller Jas Kantor Wanita Style Korean Formal Maupun Casual Pakaian Sidang Skripsi Outfit Wisuda Blazer Kerja Tangan Panjang Tebal,"Marun Tua, M",18437126015,exact_product,jas-w-mta-m
Tiktoksellercenter_batchedit_20260925_all_information_template_5.xlsx,153,1729515705665948636,Best Seller Jas Kantor Wanita Style Korean Formal Maupun Casual Pakaian Sidang Skripsi Outfit Wisuda Blazer Kerja Tangan Panjang Tebal,"Marun Tua, L",18437126015,exact_product,jas-w-mta-l
Tiktoksellercenter_batchedit_20260925_all_information_template_5.xlsx,154,1729515705665948636,Best Seller Jas Kantor Wanita Style Korean Formal Maupun Casual Pakaian Sidang Skripsi Outfit Wisuda Blazer Kerja Tangan Panjang Tebal,"Marun Tua, XL",18437126015,exact_product,jas-w-mta-xl
Tiktoksellercenter_batchedit_20260925_all_information_template_5.xlsx,155,1729515705665948636,Best Seller Jas Kantor Wanita Style Korean Formal Maupun Casual Pakaian Sidang Skripsi Outfit Wisuda Blazer Kerja Tangan Panjang Tebal,"Marun Tua, XXL",18437126015,exact_product,jas-w-mta-xxl
Tiktoksellercenter_batchedit_20260925_all_information_template_5.xlsx,156,1729515705665948636,Best Seller Jas Kantor Wanita Style Korean Formal Maupun Casual Pakaian Sidang Skripsi Outfit Wisuda Blazer Kerja Tangan Panjang Tebal,"Marun Tua, XXXL",18437126015,exact_product,jas-w-mta-xxxl
Tiktoksellercenter_batchedit_20260925_all_information_template_5.xlsx,157,1729515705665948636,Best Seller Jas Kantor Wanita Style Korean Formal Maupun Casual Pakaian Sidang Skripsi Outfit Wisuda Blazer Kerja Tangan Panjang Tebal,"Merah Cabe, S",18437126015,exact_product,jas-w-mcb-s
Tiktoksellercenter_batchedit_20260925_all_information_template_5.xlsx,158,1729515705665948636,Best Seller Jas Kantor Wanita Style Korean Formal Maupun Casual Pakaian Sidang Skripsi Outfit Wisuda Blazer Kerja Tangan Panjang Tebal,"Merah Cabe, M",18437126015,exact_product,jas-w-mcb-m
Tiktoksellercenter_batchedit_20260925_all_information_template_5.xlsx,159,1729515705665948636,Best Seller Jas Kantor Wanita Style Korean Formal Maupun Casual Pakaian Sidang Skripsi Outfit Wisuda Blazer Kerja Tangan Panjang Tebal,"Merah Cabe, L",18437126015,exact_product,jas-w-mcb-l
Tiktoksellercenter_batchedit_20260925_all_information_template_5.xlsx,160,1729515705665948636,Best Seller Jas Kantor Wanita Style Korean Formal Maupun Casual Pakaian Sidang Skripsi Outfit Wisuda Blazer Kerja Tangan Panjang Tebal,"Merah Cabe, XL",18437126015,exact_product,jas-w-mcb-xl
Tiktoksellercenter_batchedit_20260925_all_information_template_5.xlsx,161,1729515705665948636,Best Seller Jas Kantor Wanita Style Korean Formal Maupun Casual Pakaian Sidang Skripsi Outfit Wisuda Blazer Kerja Tangan Panjang Tebal,"Merah Cabe, XXL",18437126015,exact_product,jas-w-mcb-xxl
Tiktoksellercenter_batchedit_20260925_all_information_template_5.xlsx,162,1729515705665948636,Best Seller Jas Kantor Wanita Style Korean Formal Maupun Casual Pakaian Sidang Skripsi Outfit Wisuda Blazer Kerja Tangan Panjang Tebal,"Merah Cabe, XXXL",18437126015,exact_product,jas-w-mcb-xxxl
