file,row,product_id,product_name,variation,family,source_file,source_product_id,source_row,sku
Tiktoksellercenter_batchedit_20260925_all_information_template_1.xlsx,6,1734273764896900728,jas pria kantoran formal high twist tebal,"abu, S",JAS-P,Tiktoksellercenter_batchedit_20260925_all_information_template_2.xlsx,1729441757499001820,112,jas-p-abu-s
Tiktoksellercenter_batchedit_20260925_all_information_template_1.xlsx,7,1734273764896900728,jas pria kantoran formal high twist tebal,"abu, M",JAS-P,Tiktoksellercenter_batchedit_20260925_all_information_template_2.xlsx,1729441757499001820,113,jas-p-abu-m
Tiktoksellercenter_batchedit_20260925_all_information_template_1.xlsx,8,1734273764896900728,jas pria kantoran formal high twist tebal,"abu, L",JAS-P,Tiktoksellercenter_batchedit_20260925_all_information_template_2.xlsx,1729441757499001820,114,jas-p-abu-l
Tiktoksellercenter_batchedit_20260925_all_information_template_1.xlsx,9,1734273764896900728,jas pria kantoran formal high twist tebal,"abu, XL",JAS-P,Tiktoksellercenter_batchedit_20260925_all_information_template_2.xlsx,1729441757499001820,115,jas-p-abu-xl
Tiktoksellercenter_batchedit_20260925_all_information_template_1.xlsx,10,1734273764896900728,jas pria kantoran formal high twist tebal,"abu, XXL",JAS-P,Tiktoksellercenter_batchedit_20260925_all_information_template_2.xlsx,1729441757499001820,116,jas-p-abu-xxl
Tiktoksellercenter_batchedit_20260925_all_information_template_1.xlsx,11,1734273764896900728,jas pria kantoran formal high twist tebal,"abu, 3XL",JAS-P,Tiktoksellercenter_batchedit_20260925_all_information_template_2.xlsx,1729441757499001820,117,jas-p-abu-xxxl
Tiktoksellercenter_batchedit_20260925_all_information_template_1.xlsx,12,1734273764896900728,jas pria kantoran formal high twist tebal,"hitam, S",JAS-P,Tiktoksellercenter_batchedit_20260925_all_information_template_2.xlsx,1729441757499001820,77,jas-p-htm-s
Tiktoksellercenter_batchedit_20260925_all_information_template_1.xlsx,13,1734273764896900728,jas pria kantoran formal high twist tebal,"hitam, M",JAS-P,Tiktoksellercenter_batchedit_20260925_all_information_template_2.xlsx,1729441757499001820,78,jas-p-htm-m
Tiktoksellercenter_batchedit_20260925_all_information_template_1.xlsx,14,1734273764896900728,jas pria kantoran formal high twist tebal,"hitam, L",JAS-P,Tiktoksellercenter_batchedit_20260925_all_information_template_2.xlsx,1729441757499001820,79,jas-p-htm-l
Tiktoksellercenter_batchedit_20260925_all_information_template_1.xlsx,15,1734273764896900728,jas pria kantoran formal high twist tebal,"hitam, XL",JAS-P,Tiktoksellercenter_batchedit_20260925_all_information_template_2.xlsx,1729441757499001820,80,jas-p-htm-xl
Tiktoksellercenter_batchedit_20260925_all_information_template_1.xlsx,16,1734273764896900728,jas pria kantoran formal high twist tebal,"hitam, XXL",JAS-P,Tiktoksellercenter_batchedit_20260925_all_information_template_2.xlsx,1729441757499001820,81,jas-p-htm-xxl
Tiktoksellercenter_batchedit_20260925_all_information_template_1.xlsx,17,1734273764896900728,jas pria kantoran formal high twist tebal,"hitam, 3XL",JAS-P,Tiktoksellercenter_batchedit_20260925_all_information_template_2.xlsx,1729441757499001820,82,jas-p-htm-xxxl
Tiktoksellercenter_batchedit_20260925_all_information_template_1.xlsx,18,1734273764896900728,jas pria kantoran formal high twist tebal,"navy, S",JAS-P,Tiktoksellercenter_batchedit_20260925_all_information_template_2.xlsx,1729441757499001820,98,jas-p-nvy-s
Tiktoksellercenter_batchedit_20260925_all_information_template_1.xlsx,19,1734273764896900728,jas pria kantoran formal high twist tebal,"navy, M",JAS-P,Tiktoksellercenter_batchedit_20260925_all_information_template_2.xlsx,1729441757499001820,99,jas-p-nvy-m
Tiktoksellercenter_batchedit_20260925_all_information_template_1.xlsx,20,1734273764896900728,jas pria kantoran formal high twist tebal,"navy, L",JAS-P,Tiktoksellercenter_batchedit_20260925_all_information_template_2.xlsx,1729441757499001820,100,jas-p-nvy-l
Tiktoksellercenter_batchedit_20260925_all_information_template_1.xlsx,21,1734273764896900728,jas pria kantoran formal high twist tebal,"navy, XL",JAS-P,Tiktoksellercenter_batchedit_20260925_all_information_template_2.xlsx,1729441757499001820,101,jas-p-nvy-xl
Tiktoksellercenter_batchedit_20260925_all_information_template_1.xlsx,22,1734273764896900728,jas pria kantoran formal high twist tebal,"navy, XXL",JAS-P,Tiktoksellercenter_batchedit_20260925_all_information_template_2.xlsx,1729441757499001820,102,jas-p-nvy-xxl
Tiktoksellercenter_batchedit_20260925_all_information_template_1.xlsx,23,1734273764896900728,jas pria kantoran formal high twist tebal,"navy, 3XL",JAS-P,Tiktoksellercenter_batchedit_20260925_all_information_template_2.xlsx,1729441757499001820,103,jas-p-nvy-xxxl
Tiktoksellercenter_batchedit_20260925_all_information_template_1.xlsx,24,1734273764896900728,jas pria kantoran formal high twist tebal,"marun, S",JAS-P,Tiktoksellercenter_batchedit_20260925_all_information_template_2.xlsx,1729733026619755484,490,jas-p-mmd-s
Tiktoksellercenter_batchedit_20260925_all_information_template_1.xlsx,25,1734273764896900728,jas pria kantoran formal high twist tebal,"marun, M",JAS-P,Tiktoksellercenter_batchedit_20260925_all_information_template_2.xlsx,1729733026619755484,492,jas-p-mmd-m
Tiktoksellercenter_batchedit_20260925_all_information_template_1.xlsx,26,1734273764896900728,jas pria kantoran formal high twist tebal,"marun, L",JAS-P,Tiktoksellercenter_batchedit_20260925_all_information_template_2.xlsx,1729733026619755484,491,jas-p-mmd-l
Tiktoksellercenter_batchedit_20260925_all_information_template_1.xlsx,27,1734273764896900728,jas pria kantoran formal high twist tebal,"marun, XL",JAS-P,Tiktoksellercenter_batchedit_20260925_all_information_template_2.xlsx,1729733026619755484,493,jas-p-mmd-xl
Tiktoksellercenter_batchedit_20260925_all_information_template_1.xlsx,28,1734273764896900728,jas pria kantoran formal high twist tebal,"marun, XXL",JAS-P,Tiktoksellercenter_batchedit_20260925_all_information_template_2.xlsx,1729733026619755484,494,jas-p-mmd-xxl
Tiktoksellercenter_batchedit_20260925_all_information_template_1.xlsx,29,1734273764896900728,jas pria kantoran formal high twist tebal,"marun, 3XL",JAS-P,Tiktoksellercenter_batchedit_20260925_all_information_template_2.xlsx,1729733026619755484,495,jas-p-mmd-xxxl
Tiktoksellercenter_batchedit_20260925_all_information_template_1.xlsx,36,1734273764896900728,jas pria kantoran formal high twist tebal,"putih, S",JAS-P,Tiktoksellercenter_batchedit_20260925_all_information_template_2.xlsx,1729733026619755484,483,jas-p-pth-s
Tiktoksellercenter_batchedit_20260925_all_information_template_1.xlsx,37,1734273764896900728,jas pria kantoran formal high twist tebal,"putih, M",JAS-P,Tiktoksellercenter_batchedit_20260925_all_information_template_2.xlsx,1729733026619755484,485,jas-p-pth-m
Tiktoksellercenter_batchedit_20260925_all_information_template_1.xlsx,38,1734273764896900728,jas pria kantoran formal high twist tebal,"putih, L",JAS-P,Tiktoksellercenter_batchedit_20260925_all_information_template_2.xlsx,1729733026619755484,484,jas-p-pth-l
Tiktoksellercenter_batchedit_20260925_all_information_template_1.xlsx,39,1734273764896900728,jas pria kantoran formal high twist tebal,"putih, XL",JAS-P,Tiktoksellercenter_batchedit_20260925_all_information_template_2.xlsx,1729733026619755484,486,jas-p-pth-xl
Tiktoksellercenter_batchedit_20260925_all_information_template_1.xlsx,40,1734273764896900728,jas pria kantoran formal high twist tebal,"putih, XXL",JAS-P,Tiktoksellercenter_batchedit_20260925_all_information_template_2.xlsx,1729733026619755484,487,jas-p-pth-xxl
Tiktoksellercenter_batchedit_20260925_all_information_template_1.xlsx,41,1734273764896900728,jas pria kantoran formal high twist tebal,"putih, 3XL",JAS-P,Tiktoksellercenter_batchedit_20260925_all_information_template_2.xlsx,1729733026619755484,488,jas-p-pth-xxxl
Tiktoksellercenter_batchedit_20260925_all_information_template_1.xlsx,42,1734273792674989688,3 in 1 paket jas pria stelan jas pria set jas pria stelan formal,"hitam, S",3IN1-P,Tiktoksellercenter_batchedit_20260925_all_information_template_2.xlsx,1729441743218904028,7,3IN1-P-HTM-S
Tiktoksellercenter_batchedit_20260925_all_information_template_1.xlsx,43,1734273792674989688,3 in 1 paket jas pria stelan jas pria set jas pria stelan formal,"hitam, M",3IN1-P,Tiktoksellercenter_batchedit_20260925_all_information_template_2.xlsx,1729441743218904028,8,3IN1-P-HTM-M
Tiktoksellercenter_batchedit_20260925_all_information_template_1.xlsx,44,1734273792674989688,3 in 1 paket jas pria stelan jas pria set jas pria stelan formal,"hitam, L",3IN1-P,Tiktoksellercenter_batchedit_20260925_all_information_template_2.xlsx,1729441743218904028,9,3IN1-P-HTM-L
Tiktoksellercenter_batchedit_20260925_all_information_template_1.xlsx,45,1734273792674989688,3 in 1 paket jas pria stelan jas pria set jas pria stelan formal,"hitam, XL",3IN1-P,Tiktoksellercenter_batchedit_20260925_all_information_template_2.xlsx,1729441743218904028,10,3IN1-P-HTM-XL
Tiktoksellercenter_batchedit_20260925_all_information_template_1.xlsx,46,1734273792674989688,3 in 1 paket jas pria stelan jas pria set jas pria stelan formal,"hitam, XXL",3IN1-P,Tiktoksellercenter_batchedit_20260925_all_information_template_2.xlsx,1729441743218904028,11,3IN1-P-HTM-XXL
Tiktoksellercenter_batchedit_20260925_all_information_template_1.xlsx,47,1734273792674989688,3 in 1 paket jas pria stelan jas pria set jas pria stelan formal,"hitam, XXXL",3IN1-P,Tiktoksellercenter_batchedit_20260925_all_information_template_2.xlsx,1729441743218904028,12,3IN1-P-HTM-XXXL
Tiktoksellercenter_batchedit_20260925_all_information_template_1.xlsx,48,1734273792674989688,3 in 1 paket jas pria stelan jas pria set jas pria stelan formal,"merah marun, S",3IN1-P,Tiktoksellercenter_batchedit_20260925_all_information_template_2.xlsx,1729441743218904028,21,3IN1-P-MMD-S
Tiktoksellercenter_batchedit_20260925_all_information_template_1.xlsx,49,1734273792674989688,3 in 1 paket jas pria stelan jas pria set jas pria stelan formal,"merah marun, M",3IN1-P,Tiktoksellercenter_batchedit_20260925_all_information_template_2.xlsx,1729441743218904028,22,3IN1-P-MMD-M
Tiktoksellercenter_batchedit_20260925_all_information_template_1.xlsx,50,1734273792674989688,3 in 1 paket jas pria stelan jas pria set jas pria stelan formal,"merah marun, L",3IN1-P,Tiktoksellercenter_batchedit_20260925_all_information_template_2.xlsx,1729441743218904028,23,3IN1-P-MMD-L
Tiktoksellercenter_batchedit_20260925_all_information_template_1.xlsx,51,1734273792674989688,3 in 1 paket jas pria stelan jas pria set jas pria stelan formal,"merah marun, XL",3IN1-P,Tiktoksellercenter_batchedit_20260925_all_information_template_2.xlsx,1729441743218904028,24,3IN1-P-MMD-XL
Tiktoksellercenter_batchedit_20260925_all_information_template_1.xlsx,52,1734273792674989688,3 in 1 paket jas pria stelan jas pria set jas pria stelan formal,"merah marun, XXL",3IN1-P,Tiktoksellercenter_batchedit_20260925_all_information_template_2.xlsx,1729441743218904028,25,3IN1-P-MMD-XXL
Tiktoksellercenter_batchedit_20260925_all_information_template_1.xlsx,53,1734273792674989688,3 in 1 paket jas pria stelan jas pria set jas pria stelan formal,"merah marun, XXXL",3IN1-P,Tiktoksellercenter_batchedit_20260925_all_information_template_2.xlsx,1729441743218904028,26,3IN1-P-MMD-XXXL
Tiktoksellercenter_batchedit_20260925_all_information_template_1.xlsx,54,1734273792674989688,3 in 1 paket jas pria stelan jas pria set jas pria stelan formal,"navy, S",3IN1-P,Tiktoksellercenter_batchedit_20260925_all_information_template_2.xlsx,1729441743218904028,14,3IN1-P-NVY-S
Tiktoksellercenter_batchedit_20260925_all_information_template_1.xlsx,55,1734273792674989688,3 in 1 paket jas pria stelan jas pria set jas pria stelan formal,"navy, M",3IN1-P,Tiktoksellercenter_batchedit_20260925_all_information_template_2.xlsx,1729441743218904028,15,3IN1-P-NVY-M
Tiktoksellercenter_batchedit_20260925_all_information_template_1.xlsx,56,1734273792674989688,3 in 1 paket jas pria stelan jas pria set jas pria stelan formal,"navy, L",3IN1-P,Tiktoksellercenter_batchedit_20260925_all_information_template_2.xlsx,1729441743218904028,16,3IN1-P-NVY-L
Tiktoksellercenter_batchedit_20260925_all_information_template_1.xlsx,57,1734273792674989688,3 in 1 paket jas pria stelan jas pria set jas pria stelan formal,"navy, XL",3IN1-P,Tiktoksellercenter_batchedit_20260925_all_information_template_2.xlsx,1729441743218904028,17,3IN1-P-NVY-XL
Tiktoksellercenter_batchedit_20260925_all_information_template_1.xlsx,58,1734273792674989688,3 in 1 paket jas pria stelan jas pria set jas pria stelan formal,"navy, XXL",3IN1-P,Tiktoksellercenter_batchedit_20260925_all_information_template_2.xlsx,1729441743218904028,18,3IN1-P-NVY-XXL
Tiktoksellercenter_batchedit_20260925_all_information_template_1.xlsx,59,1734273792674989688,3 in 1 paket jas pria stelan jas pria set jas pria stelan formal,"navy, XXXL",3IN1-P,Tiktoksellercenter_batchedit_20260925_all_information_template_2.xlsx,1729441743218904028,19,3IN1-P-NVY-XXXL
Tiktoksellercenter_batchedit_20260925_all_information_template_1.xlsx,60,1734273792674989688,3 in 1 paket jas pria stelan jas pria set jas pria stelan formal,"abu, S",3IN1-P,Tiktoksellercenter_batchedit_20260925_all_information_template_2.xlsx,1729441743218904028,42,3IN1-P-ABU-S
Tiktoksellercenter_batchedit_20260925_all_information_template_1.xlsx,61,1734273792674989688,3 in 1 paket jas pria stelan jas pria set jas pria stelan formal,"abu, M",3IN1-P,Tiktoksellercenter_batchedit_20260925_all_information_template_2.xlsx,1729441743218904028,43,3IN1-P-ABU-M
Tiktoksellercenter_batchedit_20260925_all_information_template_1.xlsx,62,1734273792674989688,3 in 1 paket jas pria stelan jas pria set jas pria stelan formal,"abu, L",3IN1-P,Tiktoksellercenter_batchedit_20260925_all_information_template_2.xlsx,1729441743218904028,44,3IN1-P-ABU-L
Tiktoksellercenter_batchedit_20260925_all_information_template_1.xlsx,63,1734273792674989688,3 in 1 paket jas pria stelan jas pria set jas pria stelan formal,"abu, XL",3IN1-P,Tiktoksellercenter_batchedit_20260925_all_information_template_2.xlsx,1729441743218904028,45,3IN1-P-ABU-XL
Tiktoksellercenter_batchedit_20260925_all_information_template_1.xlsx,64,1734273792674989688,3 in 1 paket jas pria stelan jas pria set jas pria stelan formal,"abu, XXL",3IN1-P,Tiktoksellercenter_batchedit_20260925_all_information_template_2.xlsx,1729441743218904028,46,3IN1-P-ABU-XXL
Tiktoksellercenter_batchedit_20260925_all_information_template_1.xlsx,65,1734273792674989688,3 in 1 paket jas pria stelan jas pria set jas pria stelan formal,"abu, XXXL",3IN1-P,Tiktoksellercenter_batchedit_20260925_all_information_template_2.xlsx,1729441743218904028,47,3IN1-P-ABU-XXXL
Tiktoksellercenter_batchedit_20260925_all_information_template_1.xlsx,66,1734273792674989688,3 in 1 paket jas pria stelan jas pria set jas pria stelan formal,"biru muda, S",3IN1-P,Tiktoksellercenter_batchedit_20260925_all_information_template_2.xlsx,1729441743218904028,35,3IN1-P-BLG-S
Tiktoksellercenter_batchedit_20260925_all_information_template_1.xlsx,67,1734273792674989688,3 in 1 paket jas pria stelan jas pria set jas pria stelan formal,"biru muda, M",3IN1-P,Tiktoksellercenter_batchedit_20260925_all_information_template_2.xlsx,1729441743218904028,36,3IN1-P-BLG-M
Tiktoksellercenter_batchedit_20260925_all_information_template_1.xlsx,68,1734273792674989688,3 in 1 paket jas pria stelan jas pria set jas pria stelan formal,"biru muda, L",3IN1-P,Tiktoksellercenter_batchedit_20260925_all_information_template_2.xlsx,1729441743218904028,37,3IN1-P-BLG-L
Tiktoksellercenter_batchedit_20260925_all_information_template_1.xlsx,69,1734273792674989688,3 in 1 paket jas pria stelan jas pria set jas pria stelan formal,"biru muda, XL",3IN1-P,Tiktoksellercenter_batchedit_20260925_all_information_template_2.xlsx,1729441743218904028,38,3IN1-P-BLG-XL
Tiktoksellercenter_batchedit_20260925_all_information_template_1.xlsx,70,1734273792674989688,3 in 1 paket jas pria stelan jas pria set jas pria stelan formal,"biru muda, XXL",3IN1-P,Tiktoksellercenter_batchedit_20260925_all_information_template_2.xlsx,1729441743218904028,39,3IN1-P-BLG-XXL
Tiktoksellercenter_batchedit_20260925_all_information_template_1.xlsx,71,1734273792674989688,3 in 1 paket jas pria stelan jas pria set jas pria stelan formal,"biru muda, XXXL",3IN1-P,Tiktoksellercenter_batchedit_20260925_all_information_template_2.xlsx,1729441743218904028,40,3IN1-P-BLG-XXXL
Tiktoksellercenter_batchedit_20260925_all_information_template_1.xlsx,72,1734273792674989688,3 in 1 paket jas pria stelan jas pria set jas pria stelan formal,"merah, S",3IN1-P,Tiktoksellercenter_batchedit_20260925_all_information_template_2.xlsx,1729733033814035420,581,3IN1-P-MCB-S
Tiktoksellercenter_batchedit_20260925_all_information_template_1.xlsx,73,1734273792674989688,3 in 1 paket jas pria stelan jas pria set jas pria stelan formal,"merah, M",3IN1-P,Tiktoksellercenter_batchedit_20260925_all_information_template_2.xlsx,1729733033814035420,582,3IN1-P-MCB-M
Tiktoksellercenter_batchedit_20260925_all_information_template_1.xlsx,74,1734273792674989688,3 in 1 paket jas pria stelan jas pria set jas pria stelan formal,"merah, L",3IN1-P,Tiktoksellercenter_batchedit_20260925_all_information_template_2.xlsx,1729733033814035420,583,3IN1-P-MCB-L
Tiktoksellercenter_batchedit_20260925_all_information_template_1.xlsx,75,1734273792674989688,3 in 1 paket jas pria stelan jas pria set jas pria stelan formal,"merah, XL",3IN1-P,Tiktoksellercenter_batchedit_20260925_all_information_template_2.xlsx,1729733033814035420,584,3IN1-P-MCB-XL
Tiktoksellercenter_batchedit_20260925_all_information_template_1.xlsx,76,1734273792674989688,3 in 1 paket jas pria stelan jas pria set jas pria stelan formal,"merah, XXL",3IN1-P,Tiktoksellercenter_batchedit_20260925_all_information_template_2.xlsx,1729733033814035420,585,3IN1-P-MCB-XXL
Tiktoksellercenter_batchedit_20260925_all_information_template_1.xlsx,77,1734273792674989688,3 in 1 paket jas pria stelan jas pria set jas pria stelan formal,"merah, XXXL",3IN1-P,Tiktoksellercenter_batchedit_20260925_all_information_template_2.xlsx,1729733033814035420,586,3IN1-P-MCB-XXXL
Tiktoksellercenter_batchedit_20260925_all_information_template_1.xlsx,78,1734273792674989688,3 in 1 paket jas pria stelan jas pria set jas pria stelan formal,"marun tua, S",3IN1-P,Tiktoksellercenter_batchedit_20260925_all_information_template_2.xlsx,1729441743218904028,28,3IN1-P-MTA-S
Tiktoksellercenter_batchedit_20260925_all_information_template_1.xlsx,79,1734273792674989688,3 in 1 paket jas pria stelan jas pria set jas pria stelan formal,"marun tua, M",3IN1-P,Tiktoksellercenter_batchedit_20260925_all_information_template_2.xlsx,1729441743218904028,29,3IN1-P-MTA-M
Tiktoksellercenter_batchedit_20260925_all_information_template_1.xlsx,80,1734273792674989688,3 in 1 paket jas pria stelan jas pria set jas pria stelan formal,"marun tua, L",3IN1-P,Tiktoksellercenter_batchedit_20260925_all_information_template_2.xlsx,1729441743218904028,30,3IN1-P-MTA-L
Tiktoksellercenter_batchedit_20260925_all_information_template_1.xlsx,81,1734273792674989688,3 in 1 paket jas pria stelan jas pria set jas pria stelan formal,"marun tua, XL",3IN1-P,Tiktoksellercenter_batchedit_20260925_all_information_template_2.xlsx,1729441743218904028,31,3IN1-P-MTA-XL
Tiktoksellercenter_batchedit_20260925_all_information_template_1.xlsx,82,1734273792674989688,3 in 1 paket jas pria stelan jas pria set jas pria stelan formal,"marun tua, XXL",3IN1-P,Tiktoksellercenter_batchedit_20260925_all_information_template_2.xlsx,1729441743218904028,32,3IN1-P-MTA-XXL
Tiktoksellercenter_batchedit_20260925_all_information_template_1.xlsx,83,1734273792674989688,3 in 1 paket jas pria stelan jas pria set jas pria stelan formal,"marun tua, XXXL",3IN1-P,Tiktoksellercenter_batchedit_20260925_all_information_template_2.xlsx,1729441743218904028,33,3IN1-P-MTA-XXXL
Tiktoksellercenter_batchedit_20260925_all_information_template_1.xlsx,84,1734273792674989688,3 in 1 paket jas pria stelan jas pria set jas pria stelan formal,"putih, S",3IN1-P,Tiktoksellercenter_batchedit_20260925_all_information_template_2.xlsx,1729441743218904028,49,3IN1-P-PTH-S
Tiktoksellercenter_batchedit_20260925_all_information_template_1.xlsx,85,1734273792674989688,3 in 1 paket jas pria stelan jas pria set jas pria stelan formal,"putih, M",3IN1-P,Tiktoksellercenter_batchedit_20260925_all_information_template_2.xlsx,1729441743218904028,50,3IN1-P-PTH-M
Tiktoksellercenter_batchedit_20260925_all_information_template_1.xlsx,86,1734273792674989688,3 in 1 paket jas pria stelan jas pria set jas pria stelan formal,"putih, L",3IN1-P,Tiktoksellercenter_batchedit_20260925_all_information_template_2.xlsx,1729441743218904028,51,3IN1-P-PTH-L
Tiktoksellercenter_batchedit_20260925_all_information_template_1.xlsx,87,1734273792674989688,3 in 1 paket jas pria stelan jas pria set jas pria stelan formal,"putih, XL",3IN1-P,Tiktoksellercenter_batchedit_20260925_all_information_template_2.xlsx,1729441743218904028,52,3IN1-P-PTH-XL
Tiktoksellercenter_batchedit_20260925_all_information_template_1.xlsx,88,1734273792674989688,3 in 1 paket jas pria stelan jas pria set jas pria stelan formal,"putih, XXL",3IN1-P,Tiktoksellercenter_batchedit_20260925_all_information_template_2.xlsx,1729441743218904028,53,3IN1-P-PTH-XXL
Tiktoksellercenter_batchedit_20260925_all_information_template_1.xlsx,89,1734273792674989688,3 in 1 paket jas pria stelan jas pria set jas pria stelan formal,"putih, XXXL",3IN1-P,Tiktoksellercenter_batchedit_20260925_all_information_template_2.xlsx,1729441743218904028,54,3IN1-P-PTH-XXXL
Tiktoksellercenter_batchedit_20260925_all_information_template_1.xlsx,90,1734273934335313528,3 in 1 paket jas rompi celana warna navy polos stelan jas pria rompi,"navy, S",3IN1-P,Tiktoksellercenter_batchedit_20260925_all_information_template_2.xlsx,1729441743218904028,14,3IN1-P-NVY-S
Tiktoksellercenter_batchedit_20260925_all_information_template_1.xlsx,91,1734273934335313528,3 in 1 paket jas rompi celana warna navy polos stelan jas pria rompi,"navy, M",3IN1-P,Tiktoksellercenter_batchedit_20260925_all_information_template_2.xlsx,1729441743218904028,15,3IN1-P-NVY-M
Tiktoksellercenter_batchedit_20260925_all_information_template_1.xlsx,92,1734273934335313528,3 in 1 paket jas rompi celana warna navy polos stelan jas pria rompi,"navy, L",3IN1-P,Tiktoksellercenter_batchedit_20260925_all_information_template_2.xlsx,1729441743218904028,16,3IN1-P-NVY-L
Tiktoksellercenter_batchedit_20260925_all_information_template_1.xlsx,93,1734273934335313528,3 in 1 paket jas rompi celana warna navy polos stelan jas pria rompi,"navy, XL",3IN1-P,Tiktoksellercenter_batchedit_20260925_all_information_template_2.xlsx,1729441743218904028,17,3IN1-P-NVY-XL
Tiktoksellercenter_batchedit_20260925_all_information_template_1.xlsx,94,1734273934335313528,3 in 1 paket jas rompi celana warna navy polos stelan jas pria rompi,"navy, XXL",3IN1-P,Tiktoksellercenter_batchedit_20260925_all_information_template_2.xlsx,1729441743218904028,18,3IN1-P-NVY-XXL
Tiktoksellercenter_batchedit_20260925_all_information_template_1.xlsx,95,1734273934335313528,3 in 1 paket jas rompi celana warna navy polos stelan jas pria rompi,"navy, XXXL",3IN1-P,Tiktoksellercenter_batchedit_20260925_all_information_template_2.xlsx,1729441743218904028,19,3IN1-P-NVY-XXXL
Tiktoksellercenter_batchedit_20260925_all_information_template_1.xlsx,132,1734273999090583160,jas pria jas kantoran jas blzerformal high twist tebal,"abu, S",JAS-P,Tiktoksellercenter_batchedit_20260925_all_information_template_2.xlsx,1729441757499001820,112,jas-p-abu-s
Tiktoksellercenter_batchedit_20260925_all_information_template_1.xlsx,133,1734273999090583160,jas pria jas kantoran jas blzerformal high twist tebal,"abu, M",JAS-P,Tiktoksellercenter_batchedit_20260925_all_information_template_2.xlsx,1729441757499001820,113,jas-p-abu-m
Tiktoksellercenter_batchedit_20260925_all_information_template_1.xlsx,134,1734273999090583160,jas pria jas kantoran jas blzerformal high twist tebal,"abu, L",JAS-P,Tiktoksellercenter_batchedit_20260925_all_information_template_2.xlsx,1729441757499001820,114,jas-p-abu-l
Tiktoksellercenter_batchedit_20260925_all_information_template_1.xlsx,135,1734273999090583160,jas pria jas kantoran jas blzerformal high twist tebal,"abu, XL",JAS-P,Tiktoksellercenter_batchedit_20260925_all_information_template_2.xlsx,1729441757499001820,115,jas-p-abu-xl
Tiktoksellercenter_batchedit_20260925_all_information_template_1.xlsx,136,1734273999090583160,jas pria jas kantoran jas blzerformal high twist tebal,"abu, XXL",JAS-P,Tiktoksellercenter_batchedit_20260925_all_information_template_2.xlsx,1729441757499001820,116,jas-p-abu-xxl
Tiktoksellercenter_batchedit_20260925_all_information_template_1.xlsx,137,1734273999090583160,jas pria jas kantoran jas blzerformal high twist tebal,"abu, 3XL",JAS-P,Tiktoksellercenter_batchedit_20260925_all_information_template_2.xlsx,1729441757499001820,117,jas-p-abu-xxxl
Tiktoksellercenter_batchedit_20260925_all_information_template_1.xlsx,138,1734273999090583160,jas pria jas kantoran jas blzerformal high twist tebal,"hitam, S",JAS-P,Tiktoksellercenter_batchedit_20260925_all_information_template_2.xlsx,1729441757499001820,77,jas-p-htm-s
Tiktoksellercenter_batchedit_20260925_all_information_template_1.xlsx,139,1734273999090583160,jas pria jas kantoran jas blzerformal high twist tebal,"hitam, M",JAS-P,Tiktoksellercenter_batchedit_20260925_all_information_template_2.xlsx,1729441757499001820,78,jas-p-htm-m
Tiktoksellercenter_batchedit_20260925_all_information_template_1.xlsx,140,1734273999090583160,jas pria jas kantoran jas blzerformal high twist tebal,"hitam, L",JAS-P,Tiktoksellercenter_batchedit_20260925_all_information_template_2.xlsx,1729441757499001820,79,jas-p-htm-l
Tiktoksellercenter_batchedit_20260925_all_information_template_1.xlsx,141,1734273999090583160,jas pria jas kantoran jas blzerformal high twist tebal,"hitam, XL",JAS-P,Tiktoksellercenter_batchedit_20260925_all_information_template_2.xlsx,1729441757499001820,80,jas-p-htm-xl
Tiktoksellercenter_batchedit_20260925_all_information_template_1.xlsx,142,1734273999090583160,jas pria jas kantoran jas blzerformal high twist tebal,"hitam, XXL",JAS-P,Tiktoksellercenter_batchedit_20260925_all_information_template_2.xlsx,1729441757499001820,81,jas-p-htm-xxl
Tiktoksellercenter_batchedit_20260925_all_information_template_1.xlsx,143,1734273999090583160,jas pria jas kantoran jas blzerformal high twist tebal,"hitam, 3XL",JAS-P,Tiktoksellercenter_batchedit_20260925_all_information_template_2.xlsx,1729441757499001820,82,jas-p-htm-xxxl
Tiktoksellercenter_batchedit_20260925_all_information_template_1.xlsx,144,1734273999090583160,jas pria jas kantoran jas blzerformal high twist tebal,"navy, S",JAS-P,Tiktoksellercenter_batchedit_20260925_all_information_template_2.xlsx,1729441757499001820,98,jas-p-nvy-s
Tiktoksellercenter_batchedit_20260925_all_information_template_1.xlsx,145,1734273999090583160,jas pria jas kantoran jas blzerformal high twist tebal,"navy, M",JAS-P,Tiktoksellercenter_batchedit_20260925_all_information_template_2.xlsx,1729441757499001820,99,jas-p-nvy-m
Tiktoksellercenter_batchedit_20260925_all_information_template_1.xlsx,146,1734273999090583160,jas pria jas kantoran jas blzerformal high twist tebal,"navy, L",JAS-P,Tiktoksellercenter_batchedit_20260925_all_information_template_2.xlsx,1729441757499001820,100,jas-p-nvy-l
Tiktoksellercenter_batchedit_20260925_all_information_template_1.xlsx,147,1734273999090583160,jas pria jas kantoran jas blzerformal high twist tebal,"navy, XL",JAS-P,Tiktoksellercenter_batchedit_20260925_all_information_template_2.xlsx,1729441757499001820,101,jas-p-nvy-xl
Tiktoksellercenter_batchedit_20260925_all_information_template_1.xlsx,148,1734273999090583160,jas pria jas kantoran jas blzerformal high twist tebal,"navy, XXL",JAS-P,Tiktoksellercenter_batchedit_20260925_all_information_template_2.xlsx,1729441757499001820,102,jas-p-nvy-xxl
Tiktoksellercenter_batchedit_20260925_all_information_template_1.xlsx,149,1734273999090583160,jas pria jas kantoran jas blzerformal high twist tebal,"navy, 3XL",JAS-P,Tiktoksellercenter_batchedit_20260925_all_information_template_2.xlsx,1729441757499001820,103,jas-p-nvy-xxxl
Tiktoksellercenter_batchedit_20260925_all_information_template_1.xlsx,150,1734273999090583160,jas pria jas kantoran jas blzerformal high twist tebal,"marun, S",JAS-P,Tiktoksellercenter_batchedit_20260925_all_information_template_2.xlsx,1729733026619755484,490,jas-p-mmd-s
Tiktoksellercenter_batchedit_20260925_all_information_template_1.xlsx,151,1734273999090583160,jas pria jas kantoran jas blzerformal high twist tebal,"marun, M",JAS-P,Tiktoksellercenter_batchedit_20260925_all_information_template_2.xlsx,1729733026619755484,492,jas-p-mmd-m
Tiktoksellercenter_batchedit_20260925_all_information_template_1.xlsx,152,1734273999090583160,jas pria jas kantoran jas blzerformal high twist tebal,"marun, L",JAS-P,Tiktoksellercenter_batchedit_20260925_all_information_template_2.xlsx,1729733026619755484,491,jas-p-mmd-l
Tiktoksellercenter_batchedit_20260925_all_information_template_1.xlsx,153,1734273999090583160,jas pria jas kantoran jas blzerformal high twist tebal,"marun, XL",JAS-P,Tiktoksellercenter_batchedit_20260925_all_information_template_2.xlsx,1729733026619755484,493,jas-p-mmd-xl
Tiktoksellercenter_batchedit_20260925_all_information_template_1.xlsx,154,1734273999090583160,jas pria jas kantoran jas blzerformal high twist tebal,"marun, XXL",JAS-P,Tiktoksellercenter_batchedit_20260925_all_information_template_2.xlsx,1729733026619755484,494,jas-p-mmd-xxl
Tiktoksellercenter_batchedit_20260925_all_information_template_1.xlsx,155,1734273999090583160,jas pria jas kantoran jas blzerformal high twist tebal,"marun, 3XL",JAS-P,Tiktoksellercenter_batchedit_20260925_all_information_template_2.xlsx,1729733026619755484,495,jas-p-mmd-xxxl
Tiktoksellercenter_batchedit_20260925_all_information_template_1.xlsx,162,1734273999090583160,jas pria jas kantoran jas blzerformal high twist tebal,"putih, S",JAS-P,Tiktoksellercenter_batchedit_20260925_all_information_template_2.xlsx,1729733026619755484,483,jas-p-pth-s
Tiktoksellercenter_batchedit_20260925_all_information_template_1.xlsx,163,1734273999090583160,jas pria jas kantoran jas blzerformal high twist tebal,"putih, M",JAS-P,Tiktoksellercenter_batchedit_20260925_all_information_template_2.xlsx,1729733026619755484,485,jas-p-pth-m
Tiktoksellercenter_batchedit_20260925_all_information_template_1.xlsx,164,1734273999090583160,jas pria jas kantoran jas blzerformal high twist tebal,"putih, L",JAS-P,Tiktoksellercenter_batchedit_20260925_all_information_template_2.xlsx,1729733026619755484,484,jas-p-pth-l
Tiktoksellercenter_batchedit_20260925_all_information_template_1.xlsx,165,1734273999090583160,jas pria jas kantoran jas blzerformal high twist tebal,"putih, XL",JAS-P,Tiktoksellercenter_batchedit_20260925_all_information_template_2.xlsx,1729733026619755484,486,jas-p-pth-xl
Tiktoksellercenter_batchedit_20260925_all_information_template_1.xlsx,166,1734273999090583160,jas pria jas kantoran jas blzerformal high twist tebal,"putih, XXL",JAS-P,Tiktoksellercenter_batchedit_20260925_all_information_template_2.xlsx,1729733026619755484,487,jas-p-pth-xxl
Tiktoksellercenter_batchedit_20260925_all_information_template_1.xlsx,167,1734273999090583160,jas pria jas kantoran jas blzerformal high twist tebal,"putih, 3XL",JAS-P,Tiktoksellercenter_batchedit_20260925_all_information_template_2.xlsx,1729733026619755484,488,jas-p-pth-xxxl
Tiktoksellercenter_batchedit_20260925_all_information_template_1.xlsx,168,1734274000206268024,rompi formal pria vest daleman blazer rompi vest pria,"hitam, S",RMP-P,Tiktoksellercenter_batchedit_20260925_all_information_template_2.xlsx,1729515703285615580,119,RMP-P-HTM-S
Tiktoksellercenter_batchedit_20260925_all_information_template_1.xlsx,169,1734274000206268024,rompi formal pria vest daleman blazer rompi vest pria,"hitam, M",RMP-P,Tiktoksellercenter_batchedit_20260925_all_information_template_2.xlsx,1729515703285615580,120,RMP-P-HTM-M
Tiktoksellercenter_batchedit_20260925_all_information_template_1.xlsx,170,1734274000206268024,rompi formal pria vest daleman blazer rompi vest pria,"hitam, L",RMP-P,Tiktoksellercenter_batchedit_20260925_all_information_template_2.xlsx,1729515703285615580,121,RMP-P-HTM-L
Tiktoksellercenter_batchedit_20260925_all_information_template_1.xlsx,171,1734274000206268024,rompi formal pria vest daleman blazer rompi vest pria,"hitam, XL",RMP-P,Tiktoksellercenter_batchedit_20260925_all_information_template_2.xlsx,1729515703285615580,122,RMP-P-HTM-XL
Tiktoksellercenter_batchedit_20260925_all_information_template_1.xlsx,172,1734274000206268024,rompi formal pria vest daleman blazer rompi vest pria,"hitam, XXL",RMP-P,Tiktoksellercenter_batchedit_20260925_all_information_template_2.xlsx,1729515703285615580,123,RMP-P-HTM-XXL
Tiktoksellercenter_batchedit_20260925_all_information_template_1.xlsx,173,1734274000206268024,rompi formal pria vest daleman blazer rompi vest pria,"hitam, XXXL",RMP-P,Tiktoksellercenter_batchedit_20260925_all_information_template_2.xlsx,1729515703285615580,124,RMP-P-HTM-XXXL
Tiktoksellercenter_batchedit_20260925_all_information_template_1.xlsx,174,1734274000206268024,rompi formal pria vest daleman blazer rompi vest pria,"abu muda, S",RMP-P,Tiktoksellercenter_batchedit_20260925_all_information_template_2.xlsx,1729515703285615580,140,RMP-P-ABU-S
Tiktoksellercenter_batchedit_20260925_all_information_template_1.xlsx,175,1734274000206268024,rompi formal pria vest daleman blazer rompi vest pria,"abu muda, M",RMP-P,Tiktoksellercenter_batchedit_20260925_all_information_template_2.xlsx,1729515703285615580,141,RMP-P-ABU-M
Tiktoksellercenter_batchedit_20260925_all_information_template_1.xlsx,176,1734274000206268024,rompi formal pria vest daleman blazer rompi vest pria,"abu muda, L",RMP-P,Tiktoksellercenter_batchedit_20260925_all_information_template_2.xlsx,1729515703285615580,142,RMP-P-ABU-L
Tiktoksellercenter_batchedit_20260925_all_information_template_1.xlsx,177,1734274000206268024,rompi formal pria vest daleman blazer rompi vest pria,"abu muda, XL",RMP-P,Tiktoksellercenter_batchedit_20260925_all_information_template_2.xlsx,1729515703285615580,143,RMP-P-ABU-XL
Tiktoksellercenter_batchedit_20260925_all_information_template_1.xlsx,178,1734274000206268024,rompi formal pria vest daleman blazer rompi vest pria,"abu muda, XXL",RMP-P,Tiktoksellercenter_batchedit_20260925_all_information_template_2.xlsx,1729515703285615580,144,RMP-P-ABU-XXL
Tiktoksellercenter_batchedit_20260925_all_information_template_1.xlsx,179,1734274000206268024,rompi formal pria vest daleman blazer rompi vest pria,"abu muda, XXXL",RMP-P,Tiktoksellercenter_batchedit_20260925_all_information_template_2.xlsx,1729515703285615580,145,RMP-P-ABU-XXXL
Tiktoksellercenter_batchedit_20260925_all_information_template_1.xlsx,180,1734274000206268024,rompi formal pria vest daleman blazer rompi vest pria,"navy, S",RMP-P,Tiktoksellercenter_batchedit_20260925_all_information_template_2.xlsx,1729515703285615580,147,RMP-P-NVY-S
Tiktoksellercenter_batchedit_20260925_all_information_template_1.xlsx,181,1734274000206268024,rompi formal pria vest daleman blazer rompi vest pria,"navy, M",RMP-P,Tiktoksellercenter_batchedit_20260925_all_information_template_2.xlsx,1729515703285615580,148,RMP-P-NVY-M
Tiktoksellercenter_batchedit_20260925_all_information_template_1.xlsx,182,1734274000206268024,rompi formal pria vest daleman blazer rompi vest pria,"navy, L",RMP-P,Tiktoksellercenter_batchedit_20260925_all_information_template_2.xlsx,1729515703285615580,149,RMP-P-NVY-L
Tiktoksellercenter_batchedit_20260925_all_information_template_1.xlsx,183,1734274000206268024,rompi formal pria vest daleman blazer rompi vest pria,"navy, XL",RMP-P,Tiktoksellercenter_batchedit_20260925_all_information_template_2.xlsx,1729515703285615580,150,RMP-P-NVY-XL
Tiktoksellercenter_batchedit_20260925_all_information_template_1.xlsx,184,1734274000206268024,rompi formal pria vest daleman blazer rompi vest pria,"navy, XXL",RMP-P,Tiktoksellercenter_batchedit_20260925_all_information_template_2.xlsx,1729515703285615580,151,RMP-P-NVY-XXL
Tiktoksellercenter_batchedit_20260925_all_information_template_1.xlsx,185,1734274000206268024,rompi formal pria vest daleman blazer rompi vest pria,"navy, XXXL",RMP-P,Tiktoksellercenter_batchedit_20260925_all_information_template_2.xlsx,1729515703285615580,152,RMP-P-NVY-XXXL
Tiktoksellercenter_batchedit_20260925_all_information_template_1.xlsx,186,1734274000206268024,rompi formal pria vest daleman blazer rompi vest pria,"marun, S",RMP-P,Tiktoksellercenter_batchedit_20260925_all_information_template_2.xlsx,1729515703285615580,126,RMP-P-MMD-S
Tiktoksellercenter_batchedit_20260925_all_information_template_1.xlsx,187,1734274000206268024,rompi formal pria vest daleman blazer rompi vest pria,"marun, M",RMP-P,Tiktoksellercenter_batchedit_20260925_all_information_template_2.xlsx,1729515703285615580,127,RMP-P-MMD-M
Tiktoksellercenter_batchedit_20260925_all_information_template_1.xlsx,188,1734274000206268024,rompi formal pria vest daleman blazer rompi vest pria,"marun, L",RMP-P,Tiktoksellercenter_batchedit_20260925_all_information_template_2.xlsx,1729515703285615580,128,RMP-P-MMD-L
Tiktoksellercenter_batchedit_20260925_all_information_template_1.xlsx,189,1734274000206268024,rompi formal pria vest daleman blazer rompi vest pria,"marun, XL",RMP-P,Tiktoksellercenter_batchedit_20260925_all_information_template_2.xlsx,1729515703285615580,129,RMP-P-MMD-XL
Tiktoksellercenter_batchedit_20260925_all_information_template_1.xlsx,190,1734274000206268024,rompi formal pria vest daleman blazer rompi vest pria,"marun, XXL",RMP-P,Tiktoksellercenter_batchedit_20260925_all_information_template_2.xlsx,1729515703285615580,130,RMP-P-MMD-XXL
Tiktoksellercenter_batchedit_20260925_all_information_template_1.xlsx,191,1734274000206268024,rompi formal pria vest daleman blazer rompi vest pria,"marun, XXXL",RMP-P,Tiktoksellercenter_batchedit_20260925_all_information_template_2.xlsx,1729515703285615580,131,RMP-P-MMD-XXXL
Tiktoksellercenter_batchedit_20260925_all_information_template_1.xlsx,228,1734274054262457976,rompi vest pria formal rompi pria,"hitam, S",RMP-P,Tiktoksellercenter_batchedit_20260925_all_information_template_2.xlsx,1729515703285615580,119,RMP-P-HTM-S
Tiktoksellercenter_batchedit_20260925_all_information_template_1.xlsx,229,1734274054262457976,rompi vest pria formal rompi pria,"hitam, M",RMP-P,Tiktoksellercenter_batchedit_20260925_all_information_template_2.xlsx,1729515703285615580,120,RMP-P-HTM-M
Tiktoksellercenter_batchedit_20260925_all_information_template_1.xlsx,230,1734274054262457976,rompi vest pria formal rompi pria,"hitam, L",RMP-P,Tiktoksellercenter_batchedit_20260925_all_information_template_2.xlsx,1729515703285615580,121,RMP-P-HTM-L
Tiktoksellercenter_batchedit_20260925_all_information_template_1.xlsx,231,1734274054262457976,rompi vest pria formal rompi pria,"hitam, XL",RMP-P,Tiktoksellercenter_batchedit_20260925_all_information_template_2.xlsx,1729515703285615580,122,RMP-P-HTM-XL
Tiktoksellercenter_batchedit_20260925_all_information_template_1.xlsx,232,1734274054262457976,rompi vest pria formal rompi pria,"hitam, XXL",RMP-P,Tiktoksellercenter_batchedit_20260925_all_information_template_2.xlsx,1729515703285615580,123,RMP-P-HTM-XXL
Tiktoksellercenter_batchedit_20260925_all_information_template_1.xlsx,233,1734274054262457976,rompi vest pria formal rompi pria,"hitam, XXXL",RMP-P,Tiktoksellercenter_batchedit_20260925_all_information_template_2.xlsx,1729515703285615580,124,RMP-P-HTM-XXXL
Tiktoksellercenter_batchedit_20260925_all_information_template_1.xlsx,234,1734274054262457976,rompi vest pria formal rompi pria,"abu muda, S",RMP-P,Tiktoksellercenter_batchedit_20260925_all_information_template_2.xlsx,1729515703285615580,140,RMP-P-ABU-S
Tiktoksellercenter_batchedit_20260925_all_information_template_1.xlsx,235,1734274054262457976,rompi vest pria formal rompi pria,"abu muda, M",RMP-P,Tiktoksellercenter_batchedit_20260925_all_information_template_2.xlsx,1729515703285615580,141,RMP-P-ABU-M
Tiktoksellercenter_batchedit_20260925_all_information_template_1.xlsx,236,1734274054262457976,rompi vest pria formal rompi pria,"abu muda, L",RMP-P,Tiktoksellercenter_batchedit_20260925_all_information_template_2.xlsx,1729515703285615580,142,RMP-P-ABU-L
Tiktoksellercenter_batchedit_20260925_all_information_template_1.xlsx,237,1734274054262457976,rompi vest pria formal rompi pria,"abu muda, XL",RMP-P,Tiktoksellercenter_batchedit_20260925_all_information_template_2.xlsx,1729515703285615580,143,RMP-P-ABU-XL
Tiktoksellercenter_batchedit_20260925_all_information_template_1.xlsx,238,1734274054262457976,rompi vest pria formal rompi pria,"abu muda, XXL",RMP-P,Tiktoksellercenter_batchedit_20260925_all_information_template_2.xlsx,1729515703285615580,144,RMP-P-ABU-XXL
Tiktoksellercenter_batchedit_20260925_all_information_template_1.xlsx,239,1734274054262457976,rompi vest pria formal rompi pria,"abu muda, XXXL",RMP-P,Tiktoksellercenter_batchedit_20260925_all_information_template_2.xlsx,1729515703285615580,145,RMP-P-ABU-XXXL
Tiktoksellercenter_batchedit_20260925_all_information_template_1.xlsx,240,1734274054262457976,rompi vest pria formal rompi pria,"navy, S",RMP-P,Tiktoksellercenter_batchedit_20260925_all_information_template_2.xlsx,1729515703285615580,147,RMP-P-NVY-S
Tiktoksellercenter_batchedit_20260925_all_information_template_1.xlsx,241,1734274054262457976,rompi vest pria formal rompi pria,"navy, M",RMP-P,Tiktoksellercenter_batchedit_20260925_all_information_template_2.xlsx,1729515703285615580,148,RMP-P-NVY-M
Tiktoksellercenter_batchedit_20260925_all_information_template_1.xlsx,242,1734274054262457976,rompi vest pria formal rompi pria,"navy, L",RMP-P,Tiktoksellercenter_batchedit_20260925_all_information_template_2.xlsx,1729515703285615580,149,RMP-P-NVY-L
Tiktoksellercenter_batchedit_20260925_all_information_template_1.xlsx,243,1734274054262457976,rompi vest pria formal rompi pria,"navy, XL",RMP-P,Tiktoksellercenter_batchedit_20260925_all_information_template_2.xlsx,1729515703285615580,150,RMP-P-NVY-XL
Tiktoksellercenter_batchedit_20260925_all_information_template_1.xlsx,244,1734274054262457976,rompi vest pria formal rompi pria,"navy, XXL",RMP-P,Tiktoksellercenter_batchedit_20260925_all_information_template_2.xlsx,1729515703285615580,151,RMP-P-NVY-XXL
Tiktoksellercenter_batchedit_20260925_all_information_template_1.xlsx,245,1734274054262457976,rompi vest pria formal rompi pria,"navy, XXXL",RMP-P,Tiktoksellercenter_batchedit_20260925_all_information_template_2.xlsx,1729515703285615580,152,RMP-P-NVY-XXXL
Tiktoksellercenter_batchedit_20260925_all_information_template_1.xlsx,246,1734274054262457976,rompi vest pria formal rompi pria,"marun, S",RMP-P,Tiktoksellercenter_batchedit_20260925_all_information_template_2.xlsx,1729515703285615580,126,RMP-P-MMD-S
Tiktoksellercenter_batchedit_20260925_all_information_template_1.xlsx,247,1734274054262457976,rompi vest pria formal rompi pria,"marun, M",RMP-P,Tiktoksellercenter_batchedit_20260925_all_information_template_2.xlsx,1729515703285615580,127,RMP-P-MMD-M
Tiktoksellercenter_batchedit_20260925_all_information_template_1.xlsx,248,1734274054262457976,rompi vest pria formal rompi pria,"marun, L",RMP-P,Tiktoksellercenter_batchedit_20260925_all_information_template_2.xlsx,1729515703285615580,128,RMP-P-MMD-L
Tiktoksellercenter_batchedit_20260925_all_information_template_1.xlsx,249,1734274054262457976,rompi vest pria formal rompi pria,"marun, XL",RMP-P,Tiktoksellercenter_batchedit_20260925_all_information_template_2.xlsx,1729515703285615580,129,RMP-P-MMD-XL
Tiktoksellercenter_batchedit_20260925_all_information_template_1.xlsx,250,1734274054262457976,rompi vest pria formal rompi pria,"marun, XXL",RMP-P,Tiktoksellercenter_batchedit_20260925_all_information_template_2.xlsx,1729515703285615580,130,RMP-P-MMD-XXL
Tiktoksellercenter_batchedit_20260925_all_information_template_1.xlsx,251,1734274054262457976,rompi vest pria formal rompi pria,"marun, XXXL",RMP-P,Tiktoksellercenter_batchedit_20260925_all_information_template_2.xlsx,1729515703285615580,131,RMP-P-MMD-XXXL
Tiktoksellercenter_batchedit_20260925_all_information_template_1.xlsx,252,1734274070804727416,3 in 1 paket jas rompi celana warna hitam polos stelan jas pria rompi,"hitam, S",3IN1-P,Tiktoksellercenter_batchedit_20260925_all_information_template_2.xlsx,1729441743218904028,7,3IN1-P-HTM-S
Tiktoksellercenter_batchedit_20260925_all_information_template_1.xlsx,253,1734274070804727416,3 in 1 paket jas rompi celana warna hitam polos stelan jas pria rompi,"hitam, M",3IN1-P,Tiktoksellercenter_batchedit_20260925_all_information_template_2.xlsx,1729441743218904028,8,3IN1-P-HTM-M
Tiktoksellercenter_batchedit_20260925_all_information_template_1.xlsx,254,1734274070804727416,3 in 1 paket jas rompi celana warna hitam polos stelan jas pria rompi,"hitam, L",3IN1-P,Tiktoksellercenter_batchedit_20260925_all_information_template_2.xlsx,1729441743218904028,9,3IN1-P-HTM-L
Tiktoksellercenter_batchedit_20260925_all_information_template_1.xlsx,255,1734274070804727416,3 in 1 paket jas rompi celana warna hitam polos stelan jas pria rompi,"hitam, XL",3IN1-P,Tiktoksellercenter_batchedit_20260925_all_information_template_2.xlsx,1729441743218904028,10,3IN1-P-HTM-XL
Tiktoksellercenter_batchedit_20260925_all_information_template_1.xlsx,256,1734274070804727416,3 in 1 paket jas rompi celana warna hitam polos stelan jas pria rompi,"hitam, XXL",3IN1-P,Tiktoksellercenter_batchedit_20260925_all_information_template_2.xlsx,1729441743218904028,11,3IN1-P-HTM-XXL
Tiktoksellercenter_batchedit_20260925_all_information_template_1.xlsx,257,1734274070804727416,3 in 1 paket jas rompi celana warna hitam polos stelan jas pria rompi,"hitam, XXXL",3IN1-P,Tiktoksellercenter_batchedit_20260925_all_information_template_2.xlsx,1729441743218904028,12,3IN1-P-HTM-XXXL
Tiktoksellercenter_batchedit_20260925_all_information_template_1.xlsx,258,1734274153637054072,3 in 1 paket jas pria stelan jas pria set jas pria stelan formal,"hitam, S",3IN1-P,Tiktoksellercenter_batchedit_20260925_all_information_template_2.xlsx,1729441743218904028,7,3IN1-P-HTM-S
Tiktoksellercenter_batchedit_20260925_all_information_template_1.xlsx,259,1734274153637054072,3 in 1 paket jas pria stelan jas pria set jas pria stelan formal,"hitam, M",3IN1-P,Tiktoksellercenter_batchedit_20260925_all_information_template_2.xlsx,1729441743218904028,8,3IN1-P-HTM-M
Tiktoksellercenter_batchedit_20260925_all_information_template_1.xlsx,260,1734274153637054072,3 in 1 paket jas pria stelan jas pria set jas pria stelan formal,"hitam, L",3IN1-P,Tiktoksellercenter_batchedit_20260925_all_information_template_2.xlsx,1729441743218904028,9,3IN1-P-HTM-L
Tiktoksellercenter_batchedit_20260925_all_information_template_1.xlsx,261,1734274153637054072,3 in 1 paket jas pria stelan jas pria set jas pria stelan formal,"hitam, XL",3IN1-P,Tiktoksellercenter_batchedit_20260925_all_information_template_2.xlsx,1729441743218904028,10,3IN1-P-HTM-XL
Tiktoksellercenter_batchedit_20260925_all_information_template_1.xlsx,262,1734274153637054072,3 in 1 paket jas pria stelan jas pria set jas pria stelan formal,"hitam, XXL",3IN1-P,Tiktoksellercenter_batchedit_20260925_all_information_template_2.xlsx,1729441743218904028,11,3IN1-P-HTM-XXL
Tiktoksellercenter_batchedit_20260925_all_information_template_1.xlsx,263,1734274153637054072,3 in 1 paket jas pria stelan jas pria set jas pria stelan formal,"hitam, XXXL",3IN1-P,Tiktoksellercenter_batchedit_20260925_all_information_template_2.xlsx,1729441743218904028,12,3IN1-P-HTM-XXXL
Tiktoksellercenter_batchedit_20260925_all_information_template_1.xlsx,264,1734274153637054072,3 in 1 paket jas pria stelan jas pria set jas pria stelan formal,"merah marun, S",3IN1-P,Tiktoksellercenter_batchedit_20260925_all_information_template_2.xlsx,1729441743218904028,21,3IN1-P-MMD-S
Tiktoksellercenter_batchedit_20260925_all_information_template_1.xlsx,265,1734274153637054072,3 in 1 paket jas pria stelan jas pria set jas pria stelan formal,"merah marun, M",3IN1-P,Tiktoksellercenter_batchedit_20260925_all_information_template_2.xlsx,1729441743218904028,22,3IN1-P-MMD-M
Tiktoksellercenter_batchedit_20260925_all_information_template_1.xlsx,266,1734274153637054072,3 in 1 paket jas pria stelan jas pria set jas pria stelan formal,"merah marun, L",3IN1-P,Tiktoksellercenter_batchedit_20260925_all_information_template_2.xlsx,1729441743218904028,23,3IN1-P-MMD-L
Tiktoksellercenter_batchedit_20260925_all_information_template_1.xlsx,267,1734274153637054072,3 in 1 paket jas pria stelan jas pria set jas pria stelan formal,"merah marun, XL",3IN1-P,Tiktoksellercenter_batchedit_20260925_all_information_template_2.xlsx,1729441743218904028,24,3IN1-P-MMD-XL
Tiktoksellercenter_batchedit_20260925_all_information_template_1.xlsx,268,1734274153637054072,3 in 1 paket jas pria stelan jas pria set jas pria stelan formal,"merah marun, XXL",3IN1-P,Tiktoksellercenter_batchedit_20260925_all_information_template_2.xlsx,1729441743218904028,25,3IN1-P-MMD-XXL
Tiktoksellercenter_batchedit_20260925_all_information_template_1.xlsx,269,1734274153637054072,3 in 1 paket jas pria stelan jas pria set jas pria stelan formal,"merah marun, XXXL",3IN1-P,Tiktoksellercenter_batchedit_20260925_all_information_template_2.xlsx,1729441743218904028,26,3IN1-P-MMD-XXXL
Tiktoksellercenter_batchedit_20260925_all_information_template_1.xlsx,270,1734274153637054072,3 in 1 paket jas pria stelan jas pria set jas pria stelan formal,"navy, S",3IN1-P,Tiktoksellercenter_batchedit_20260925_all_information_template_2.xlsx,1729441743218904028,14,3IN1-P-NVY-S
Tiktoksellercenter_batchedit_20260925_all_information_template_1.xlsx,271,1734274153637054072,3 in 1 paket jas pria stelan jas pria set jas pria stelan formal,"navy, M",3IN1-P,Tiktoksellercenter_batchedit_20260925_all_information_template_2.xlsx,1729441743218904028,15,3IN1-P-NVY-M
Tiktoksellercenter_batchedit_20260925_all_information_template_1.xlsx,272,1734274153637054072,3 in 1 paket jas pria stelan jas pria set jas pria stelan formal,"navy, L",3IN1-P,Tiktoksellercenter_batchedit_20260925_all_information_template_2.xlsx,1729441743218904028,16,3IN1-P-NVY-L
Tiktoksellercenter_batchedit_20260925_all_information_template_1.xlsx,273,1734274153637054072,3 in 1 paket jas pria stelan jas pria set jas pria stelan formal,"navy, XL",3IN1-P,Tiktoksellercenter_batchedit_20260925_all_information_template_2.xlsx,1729441743218904028,17,3IN1-P-NVY-XL
Tiktoksellercenter_batchedit_20260925_all_information_template_1.xlsx,274,1734274153637054072,3 in 1 paket jas pria stelan jas pria set jas pria stelan formal,"navy, XXL",3IN1-P,Tiktoksellercenter_batchedit_20260925_all_information_template_2.xlsx,1729441743218904028,18,3IN1-P-NVY-XXL
Tiktoksellercenter_batchedit_20260925_all_information_template_1.xlsx,275,1734274153637054072,3 in 1 paket jas pria stelan jas pria set jas pria stelan formal,"navy, XXXL",3IN1-P,Tiktoksellercenter_batchedit_20260925_all_information_template_2.xlsx,1729441743218904028,19,3IN1-P-NVY-XXXL
Tiktoksellercenter_batchedit_20260925_all_information_template_1.xlsx,276,1734274153637054072,3 in 1 paket jas pria stelan jas pria set jas pria stelan formal,"abu, S",3IN1-P,Tiktoksellercenter_batchedit_20260925_all_information_template_2.xlsx,1729441743218904028,42,3IN1-P-ABU-S
Tiktoksellercenter_batchedit_20260925_all_information_template_1.xlsx,277,1734274153637054072,3 in 1 paket jas pria stelan jas pria set jas pria stelan formal,"abu, M",3IN1-P,Tiktoksellercenter_batchedit_20260925_all_information_template_2.xlsx,1729441743218904028,43,3IN1-P-ABU-M
Tiktoksellercenter_batchedit_20260925_all_information_template_1.xlsx,278,1734274153637054072,3 in 1 paket jas pria stelan jas pria set jas pria stelan formal,"abu, L",3IN1-P,Tiktoksellercenter_batchedit_20260925_all_information_template_2.xlsx,1729441743218904028,44,3IN1-P-ABU-L
Tiktoksellercenter_batchedit_20260925_all_information_template_1.xlsx,279,1734274153637054072,3 in 1 paket jas pria stelan jas pria set jas pria stelan formal,"abu, XL",3IN1-P,Tiktoksellercenter_batchedit_20260925_all_information_template_2.xlsx,1729441743218904028,45,3IN1-P-ABU-XL
Tiktoksellercenter_batchedit_20260925_all_information_template_1.xlsx,280,1734274153637054072,3 in 1 paket jas pria stelan jas pria set jas pria stelan formal,"abu, XXL",3IN1-P,Tiktoksellercenter_batchedit_20260925_all_information_template_2.xlsx,1729441743218904028,46,3IN1-P-ABU-XXL
Tiktoksellercenter_batchedit_20260925_all_information_template_1.xlsx,281,1734274153637054072,3 in 1 paket jas pria stelan jas pria set jas pria stelan formal,"abu, XXXL",3IN1-P,Tiktoksellercenter_batchedit_20260925_all_information_template_2.xlsx,1729441743218904028,47,3IN1-P-ABU-XXXL
Tiktoksellercenter_batchedit_20260925_all_information_template_1.xlsx,282,1734274153637054072,3 in 1 paket jas pria stelan jas pria set jas pria stelan formal,"biru muda, S",3IN1-P,Tiktoksellercenter_batchedit_20260925_all_information_template_2.xlsx,1729441743218904028,35,3IN1-P-BLG-S
Tiktoksellercenter_batchedit_20260925_all_information_template_1.xlsx,283,1734274153637054072,3 in 1 paket jas pria stelan jas pria set jas pria stelan formal,"biru muda, M",3IN1-P,Tiktoksellercenter_batchedit_20260925_all_information_template_2.xlsx,1729441743218904028,36,3IN1-P-BLG-M
Tiktoksellercenter_batchedit_20260925_all_information_template_1.xlsx,284,1734274153637054072,3 in 1 paket jas pria stelan jas pria set jas pria stelan formal,"biru muda, L",3IN1-P,Tiktoksellercenter_batchedit_20260925_all_information_template_2.xlsx,1729441743218904028,37,3IN1-P-BLG-L
Tiktoksellercenter_batchedit_20260925_all_information_template_1.xlsx,285,1734274153637054072,3 in 1 paket jas pria stelan jas pria set jas pria stelan formal,"biru muda, XL",3IN1-P,Tiktoksellercenter_batchedit_20260925_all_information_template_2.xlsx,1729441743218904028,38,3IN1-P-BLG-XL
Tiktoksellercenter_batchedit_20260925_all_information_template_1.xlsx,286,1734274153637054072,3 in 1 paket jas pria stelan jas pria set jas pria stelan formal,"biru muda, XXL",3IN1-P,Tiktoksellercenter_batchedit_20260925_all_information_template_2.xlsx,1729441743218904028,39,3IN1-P-BLG-XXL
Tiktoksellercenter_batchedit_20260925_all_information_template_1.xlsx,287,1734274153637054072,3 in 1 paket jas pria stelan jas pria set jas pria stelan formal,"biru muda, XXXL",3IN1-P,Tiktoksellercenter_batchedit_20260925_all_information_template_2.xlsx,1729441743218904028,40,3IN1-P-BLG-XXXL
Tiktoksellercenter_batchedit_20260925_all_information_template_1.xlsx,288,1734274153637054072,3 in 1 paket jas pria stelan jas pria set jas pria stelan formal,"merah, S",3IN1-P,Tiktoksellercenter_batchedit_20260925_all_information_template_2.xlsx,1729733033814035420,581,3IN1-P-MCB-S
Tiktoksellercenter_batchedit_20260925_all_information_template_1.xlsx,289,1734274153637054072,3 in 1 paket jas pria stelan jas pria set jas pria stelan formal,"merah, M",3IN1-P,Tiktoksellercenter_batchedit_20260925_all_information_template_2.xlsx,1729733033814035420,582,3IN1-P-MCB-M
Tiktoksellercenter_batchedit_20260925_all_information_template_1.xlsx,290,1734274153637054072,3 in 1 paket jas pria stelan jas pria set jas pria stelan formal,"merah, L",3IN1-P,Tiktoksellercenter_batchedit_20260925_all_information_template_2.xlsx,1729733033814035420,583,3IN1-P-MCB-L
Tiktoksellercenter_batchedit_20260925_all_information_template_1.xlsx,291,1734274153637054072,3 in 1 paket jas pria stelan jas pria set jas pria stelan formal,"merah, XL",3IN1-P,Tiktoksellercenter_batchedit_20260925_all_information_template_2.xlsx,1729733033814035420,584,3IN1-P-MCB-XL
Tiktoksellercenter_batchedit_20260925_all_information_template_1.xlsx,292,1734274153637054072,3 in 1 paket jas pria stelan jas pria set jas pria stelan formal,"merah, XXL",3IN1-P,Tiktoksellercenter_batchedit_20260925_all_information_template_2.xlsx,1729733033814035420,585,3IN1-P-MCB-XXL
Tiktoksellercenter_batchedit_20260925_all_information_template_1.xlsx,293,1734274153637054072,3 in 1 paket jas pria stelan jas pria set jas pria stelan formal,"merah, XXXL",3IN1-P,Tiktoksellercenter_batchedit_20260925_all_information_template_2.xlsx,1729733033814035420,586,3IN1-P-MCB-XXXL
Tiktoksellercenter_batchedit_20260925_all_information_template_1.xlsx,294,1734274153637054072,3 in 1 paket jas pria stelan jas pria set jas pria stelan formal,"marun tua, S",3IN1-P,Tiktoksellercenter_batchedit_20260925_all_information_template_2.xlsx,1729441743218904028,28,3IN1-P-MTA-S
Tiktoksellercenter_batchedit_20260925_all_information_template_1.xlsx,295,1734274153637054072,3 in 1 paket jas pria stelan jas pria set jas pria stelan formal,"marun tua, M",3IN1-P,Tiktoksellercenter_batchedit_20260925_all_information_template_2.xlsx,1729441743218904028,29,3IN1-P-MTA-M
Tiktoksellercenter_batchedit_20260925_all_information_template_1.xlsx,296,1734274153637054072,3 in 1 paket jas pria stelan jas pria set jas pria stelan formal,"marun tua, L",3IN1-P,Tiktoksellercenter_batchedit_20260925_all_information_template_2.xlsx,1729441743218904028,30,3IN1-P-MTA-L
Tiktoksellercenter_batchedit_20260925_all_information_template_1.xlsx,297,1734274153637054072,3 in 1 paket jas pria stelan jas pria set jas pria stelan formal,"marun tua, XL",3IN1-P,Tiktoksellercenter_batchedit_20260925_all_information_template_2.xlsx,1729441743218904028,31,3IN1-P-MTA-XL
Tiktoksellercenter_batchedit_20260925_all_information_template_1.xlsx,298,1734274153637054072,3 in 1 paket jas pria stelan jas pria set jas pria stelan formal,"marun tua, XXL",3IN1-P,Tiktoksellercenter_batchedit_20260925_all_information_template_2.xlsx,1729441743218904028,32,3IN1-P-MTA-XXL
Tiktoksellercenter_batchedit_20260925_all_information_template_1.xlsx,299,1734274153637054072,3 in 1 paket jas pria stelan jas pria set jas pria stelan formal,"marun tua, XXXL",3IN1-P,Tiktoksellercenter_batchedit_20260925_all_information_template_2.xlsx,1729441743218904028,33,3IN1-P-MTA-XXXL
Tiktoksellercenter_batchedit_20260925_all_information_template_1.xlsx,300,1734274153637054072,3 in 1 paket jas pria stelan jas pria set jas pria stelan formal,"putih, S",3IN1-P,Tiktoksellercenter_batchedit_20260925_all_information_template_2.xlsx,1729441743218904028,49,3IN1-P-PTH-S
Tiktoksellercenter_batchedit_20260925_all_information_template_1.xlsx,301,1734274153637054072,3 in 1 paket jas pria stelan jas pria set jas pria stelan formal,"putih, M",3IN1-P,Tiktoksellercenter_batchedit_20260925_all_information_template_2.xlsx,1729441743218904028,50,3IN1-P-PTH-M
Tiktoksellercenter_batchedit_20260925_all_information_template_1.xlsx,302,1734274153637054072,3 in 1 paket jas pria stelan jas pria set jas pria stelan formal,"putih, L",3IN1-P,Tiktoksellercenter_batchedit_20260925_all_information_template_2.xlsx,1729441743218904028,51,3IN1-P-PTH-L
Tiktoksellercenter_batchedit_20260925_all_information_template_1.xlsx,303,1734274153637054072,3 in 1 paket jas pria stelan jas pria set jas pria stelan formal,"putih, XL",3IN1-P,Tiktoksellercenter_batchedit_20260925_all_information_template_2.xlsx,1729441743218904028,52,3IN1-P-PTH-XL
Tiktoksellercenter_batchedit_20260925_all_information_template_1.xlsx,304,1734274153637054072,3 in 1 paket jas pria stelan jas pria set jas pria stelan formal,"putih, XXL",3IN1-P,Tiktoksellercenter_batchedit_20260925_all_information_template_2.xlsx,1729441743218904028,53,3IN1-P-PTH-XXL
Tiktoksellercenter_batchedit_20260925_all_information_template_1.xlsx,305,1734274153637054072,3 in 1 paket jas pria stelan jas pria set jas pria stelan formal,"putih, XXXL",3IN1-P,Tiktoksellercenter_batchedit_20260925_all_information_template_2.xlsx,1729441743218904028,54,3IN1-P-PTH-XXXL
Tiktoksellercenter_batchedit_20260925_all_information_template_1.xlsx,306,1734274163153602168,3 in 1 paket jas pria stelan jas pria set jas pria stelan formal,"hitam, S",3IN1-P,Tiktoksellercenter_batchedit_20260925_all_information_template_2.xlsx,1729441743218904028,7,3IN1-P-HTM-S
Tiktoksellercenter_batchedit_20260925_all_information_template_1.xlsx,307,1734274163153602168,3 in 1 paket jas pria stelan jas pria set jas pria stelan formal,"hitam, M",3IN1-P,Tiktoksellercenter_batchedit_20260925_all_information_template_2.xlsx,1729441743218904028,8,3IN1-P-HTM-M
Tiktoksellercenter_batchedit_20260925_all_information_template_1.xlsx,308,1734274163153602168,3 in 1 paket jas pria stelan jas pria set jas pria stelan formal,"hitam, L",3IN1-P,Tiktoksellercenter_batchedit_20260925_all_information_template_2.xlsx,1729441743218904028,9,3IN1-P-HTM-L
Tiktoksellercenter_batchedit_20260925_all_information_template_1.xlsx,309,1734274163153602168,3 in 1 paket jas pria stelan jas pria set jas pria stelan formal,"hitam, XL",3IN1-P,Tiktoksellercenter_batchedit_20260925_all_information_template_2.xlsx,1729441743218904028,10,3IN1-P-HTM-XL
Tiktoksellercenter_batchedit_20260925_all_information_template_1.xlsx,310,1734274163153602168,3 in 1 paket jas pria stelan jas pria set jas pria stelan formal,"hitam, XXL",3IN1-P,Tiktoksellercenter_batchedit_20260925_all_information_template_2.xlsx,1729441743218904028,11,3IN1-P-HTM-XXL
Tiktoksellercenter_batchedit_20260925_all_information_template_1.xlsx,311,1734274163153602168,3 in 1 paket jas pria stelan jas pria set jas pria stelan formal,"hitam, XXXL",3IN1-P,Tiktoksellercenter_batchedit_20260925_all_information_template_2.xlsx,1729441743218904028,12,3IN1-P-HTM-XXXL
Tiktoksellercenter_batchedit_20260925_all_information_template_1.xlsx,312,1734274163153602168,3 in 1 paket jas pria stelan jas pria set jas pria stelan formal,"merah marun, S",3IN1-P,Tiktoksellercenter_batchedit_20260925_all_information_template_2.xlsx,1729441743218904028,21,3IN1-P-MMD-S
Tiktoksellercenter_batchedit_20260925_all_information_template_1.xlsx,313,1734274163153602168,3 in 1 paket jas pria stelan jas pria set jas pria stelan formal,"merah marun, M",3IN1-P,Tiktoksellercenter_batchedit_20260925_all_information_template_2.xlsx,1729441743218904028,22,3IN1-P-MMD-M
Tiktoksellercenter_batchedit_20260925_all_information_template_1.xlsx,314,1734274163153602168,3 in 1 paket jas pria stelan jas pria set jas pria stelan formal,"merah marun, L",3IN1-P,Tiktoksellercenter_batchedit_20260925_all_information_template_2.xlsx,1729441743218904028,23,3IN1-P-MMD-L
Tiktoksellercenter_batchedit_20260925_all_information_template_1.xlsx,315,1734274163153602168,3 in 1 paket jas pria stelan jas pria set jas pria stelan formal,"merah marun, XL",3IN1-P,Tiktoksellercenter_batchedit_20260925_all_information_template_2.xlsx,1729441743218904028,24,3IN1-P-MMD-XL
Tiktoksellercenter_batchedit_20260925_all_information_template_1.xlsx,316,1734274163153602168,3 in 1 paket jas pria stelan jas pria set jas pria stelan formal,"merah marun, XXL",3IN1-P,Tiktoksellercenter_batchedit_20260925_all_information_template_2.xlsx,1729441743218904028,25,3IN1-P-MMD-XXL
Tiktoksellercenter_batchedit_20260925_all_information_template_1.xlsx,317,1734274163153602168,3 in 1 paket jas pria stelan jas pria set jas pria stelan formal,"merah marun, XXXL",3IN1-P,Tiktoksellercenter_batchedit_20260925_all_information_template_2.xlsx,1729441743218904028,26,3IN1-P-MMD-XXXL
Tiktoksellercenter_batchedit_20260925_all_information_template_1.xlsx,318,1734274163153602168,3 in 1 paket jas pria stelan jas pria set jas pria stelan formal,"navy, S",3IN1-P,Tiktoksellercenter_batchedit_20260925_all_information_template_2.xlsx,1729441743218904028,14,3IN1-P-NVY-S
Tiktoksellercenter_batchedit_20260925_all_information_template_1.xlsx,319,1734274163153602168,3 in 1 paket jas pria stelan jas pria set jas pria stelan formal,"navy, M",3IN1-P,Tiktoksellercenter_batchedit_20260925_all_information_template_2.xlsx,1729441743218904028,15,3IN1-P-NVY-M
Tiktoksellercenter_batchedit_20260925_all_information_template_1.xlsx,320,1734274163153602168,3 in 1 paket jas pria stelan jas pria set jas pria stelan formal,"navy, L",3IN1-P,Tiktoksellercenter_batchedit_20260925_all_information_template_2.xlsx,1729441743218904028,16,3IN1-P-NVY-L
Tiktoksellercenter_batchedit_20260925_all_information_template_1.xlsx,321,1734274163153602168,3 in 1 paket jas pria stelan jas pria set jas pria stelan formal,"navy, XL",3IN1-P,Tiktoksellercenter_batchedit_20260925_all_information_template_2.xlsx,1729441743218904028,17,3IN1-P-NVY-XL
Tiktoksellercenter_batchedit_20260925_all_information_template_1.xlsx,322,1734274163153602168,3 in 1 paket jas pria stelan jas pria set jas pria stelan formal,"navy, XXL",3IN1-P,Tiktoksellercenter_batchedit_20260925_all_information_template_2.xlsx,1729441743218904028,18,3IN1-P-NVY-XXL
Tiktoksellercenter_batchedit_20260925_all_information_template_1.xlsx,323,1734274163153602168,3 in 1 paket jas pria stelan jas pria set jas pria stelan formal,"navy, XXXL",3IN1-P,Tiktoksellercenter_batchedit_20260925_all_information_template_2.xlsx,1729441743218904028,19,3IN1-P-NVY-XXXL
Tiktoksellercenter_batchedit_20260925_all_information_template_1.xlsx,324,1734274163153602168,3 in 1 paket jas pria stelan jas pria set jas pria stelan formal,"abu, S",3IN1-P,Tiktoksellercenter_batchedit_20260925_all_information_template_2.xlsx,1729441743218904028,42,3IN1-P-ABU-S
Tiktoksellercenter_batchedit_20260925_all_information_template_1.xlsx,325,1734274163153602168,3 in 1 paket jas pria stelan jas pria set jas pria stelan formal,"abu, M",3IN1-P,Tiktoksellercenter_batchedit_20260925_all_information_template_2.xlsx,1729441743218904028,43,3IN1-P-ABU-M
Tiktoksellercenter_batchedit_20260925_all_information_template_1.xlsx,326,1734274163153602168,3 in 1 paket jas pria stelan jas pria set jas pria stelan formal,"abu, L",3IN1-P,Tiktoksellercenter_batchedit_20260925_all_information_template_2.xlsx,1729441743218904028,44,3IN1-P-ABU-L
Tiktoksellercenter_batchedit_20260925_all_information_template_1.xlsx,327,1734274163153602168,3 in 1 paket jas pria stelan jas pria set jas pria stelan formal,"abu, XL",3IN1-P,Tiktoksellercenter_batchedit_20260925_all_information_template_2.xlsx,1729441743218904028,45,3IN1-P-ABU-XL
Tiktoksellercenter_batchedit_20260925_all_information_template_1.xlsx,328,1734274163153602168,3 in 1 paket jas pria stelan jas pria set jas pria stelan formal,"abu, XXL",3IN1-P,Tiktoksellercenter_batchedit_20260925_all_information_template_2.xlsx,1729441743218904028,46,3IN1-P-ABU-XXL
Tiktoksellercenter_batchedit_20260925_all_information_template_1.xlsx,329,1734274163153602168,3 in 1 paket jas pria stelan jas pria set jas pria stelan formal,"abu, XXXL",3IN1-P,Tiktoksellercenter_batchedit_20260925_all_information_template_2.xlsx,1729441743218904028,47,3IN1-P-ABU-XXXL
Tiktoksellercenter_batchedit_20260925_all_information_template_1.xlsx,330,1734274163153602168,3 in 1 paket jas pria stelan jas pria set jas pria stelan formal,"biru muda, S",3IN1-P,Tiktoksellercenter_batchedit_20260925_all_information_template_2.xlsx,1729441743218904028,35,3IN1-P-BLG-S
Tiktoksellercenter_batchedit_20260925_all_information_template_1.xlsx,331,1734274163153602168,3 in 1 paket jas pria stelan jas pria set jas pria stelan formal,"biru muda, M",3IN1-P,Tiktoksellercenter_batchedit_20260925_all_information_template_2.xlsx,1729441743218904028,36,3IN1-P-BLG-M
Tiktoksellercenter_batchedit_20260925_all_information_template_1.xlsx,332,1734274163153602168,3 in 1 paket jas pria stelan jas pria set jas pria stelan formal,"biru muda, L",3IN1-P,Tiktoksellercenter_batchedit_20260925_all_information_template_2.xlsx,1729441743218904028,37,3IN1-P-BLG-L
Tiktoksellercenter_batchedit_20260925_all_information_template_1.xlsx,333,1734274163153602168,3 in 1 paket jas pria stelan jas pria set jas pria stelan formal,"biru muda, XL",3IN1-P,Tiktoksellercenter_batchedit_20260925_all_information_template_2.xlsx,1729441743218904028,38,3IN1-P-BLG-XL
Tiktoksellercenter_batchedit_20260925_all_information_template_1.xlsx,334,1734274163153602168,3 in 1 paket jas pria stelan jas pria set jas pria stelan formal,"biru muda, XXL",3IN1-P,Tiktoksellercenter_batchedit_20260925_all_information_template_2.xlsx,1729441743218904028,39,3IN1-P-BLG-XXL
Tiktoksellercenter_batchedit_20260925_all_information_template_1.xlsx,335,1734274163153602168,3 in 1 paket jas pria stelan jas pria set jas pria stelan formal,"biru muda, XXXL",3IN1-P,Tiktoksellercenter_batchedit_20260925_all_information_template_2.xlsx,1729441743218904028,40,3IN1-P-BLG-XXXL
Tiktoksellercenter_batchedit_20260925_all_information_template_1.xlsx,336,1734274163153602168,3 in 1 paket jas pria stelan jas pria set jas pria stelan formal,"merah, S",3IN1-P,Tiktoksellercenter_batchedit_20260925_all_information_template_2.xlsx,1729733033814035420,581,3IN1-P-MCB-S
Tiktoksellercenter_batchedit_20260925_all_information_template_1.xlsx,337,1734274163153602168,3 in 1 paket jas pria stelan jas pria set jas pria stelan formal,"merah, M",3IN1-P,Tiktoksellercenter_batchedit_20260925_all_information_template_2.xlsx,1729733033814035420,582,3IN1-P-MCB-M
Tiktoksellercenter_batchedit_20260925_all_information_template_1.xlsx,338,1734274163153602168,3 in 1 paket jas pria stelan jas pria set jas pria stelan formal,"merah, L",3IN1-P,Tiktoksellercenter_batchedit_20260925_all_information_template_2.xlsx,1729733033814035420,583,3IN1-P-MCB-L
Tiktoksellercenter_batchedit_20260925_all_information_template_1.xlsx,339,1734274163153602168,3 in 1 paket jas pria stelan jas pria set jas pria stelan formal,"merah, XL",3IN1-P,Tiktoksellercenter_batchedit_20260925_all_information_template_2.xlsx,1729733033814035420,584,3IN1-P-MCB-XL
Tiktoksellercenter_batchedit_20260925_all_information_template_1.xlsx,340,1734274163153602168,3 in 1 paket jas pria stelan jas pria set jas pria stelan formal,"merah, XXL",3IN1-P,Tiktoksellercenter_batchedit_20260925_all_information_template_2.xlsx,1729733033814035420,585,3IN1-P-MCB-XXL
Tiktoksellercenter_batchedit_20260925_all_information_template_1.xlsx,341,1734274163153602168,3 in 1 paket jas pria stelan jas pria set jas pria stelan formal,"merah, XXXL",3IN1-P,Tiktoksellercenter_batchedit_20260925_all_information_template_2.xlsx,1729733033814035420,586,3IN1-P-MCB-XXXL
Tiktoksellercenter_batchedit_20260925_all_information_template_1.xlsx,342,1734274163153602168,3 in 1 paket jas pria stelan jas pria set jas pria stelan formal,"marun tua, S",3IN1-P,Tiktoksellercenter_batchedit_20260925_all_information_template_2.xlsx,1729441743218904028,28,3IN1-P-MTA-S
Tiktoksellercenter_batchedit_20260925_all_information_template_1.xlsx,343,1734274163153602168,3 in 1 paket jas pria stelan jas pria set jas pria stelan formal,"marun tua, M",3IN1-P,Tiktoksellercenter_batchedit_20260925_all_information_template_2.xlsx,1729441743218904028,29,3IN1-P-MTA-M
Tiktoksellercenter_batchedit_20260925_all_information_template_1.xlsx,344,1734274163153602168,3 in 1 paket jas pria stelan jas pria set jas pria stelan formal,"marun tua, L",3IN1-P,Tiktoksellercenter_batchedit_20260925_all_information_template_2.xlsx,1729441743218904028,30,3IN1-P-MTA-L
Tiktoksellercenter_batchedit_20260925_all_information_template_1.xlsx,345,1734274163153602168,3 in 1 paket jas pria stelan jas pria set jas pria stelan formal,"marun tua, XL",3IN1-P,Tiktoksellercenter_batchedit_20260925_all_information_template_2.xlsx,1729441743218904028,31,3IN1-P-MTA-XL
Tiktoksellercenter_batchedit_20260925_all_information_template_1.xlsx,346,1734274163153602168,3 in 1 paket jas pria stelan jas pria set jas pria stelan formal,"marun tua, XXL",3IN1-P,Tiktoksellercenter_batchedit_20260925_all_information_template_2.xlsx,1729441743218904028,32,3IN1-P-MTA-XXL
Tiktoksellercenter_batchedit_20260925_all_information_template_1.xlsx,347,1734274163153602168,3 in 1 paket jas pria stelan jas pria set jas pria stelan formal,"marun tua, XXXL",3IN1-P,Tiktoksellercenter_batchedit_20260925_all_information_template_2.xlsx,1729441743218904028,33,3IN1-P-MTA-XXXL
Tiktoksellercenter_batchedit_20260925_all_information_template_1.xlsx,348,1734274163153602168,3 in 1 paket jas pria stelan jas pria set jas pria stelan formal,"putih, S",3IN1-P,Tiktoksellercenter_batchedit_20260925_all_information_template_2.xlsx,1729441743218904028,49,3IN1-P-PTH-S
Tiktoksellercenter_batchedit_20260925_all_information_template_1.xlsx,349,1734274163153602168,3 in 1 paket jas pria stelan jas pria set jas pria stelan formal,"putih, M",3IN1-P,Tiktoksellercenter_batchedit_20260925_all_information_template_2.xlsx,1729441743218904028,50,3IN1-P-PTH-M
Tiktoksellercenter_batchedit_20260925_all_information_template_1.xlsx,350,1734274163153602168,3 in 1 paket jas pria stelan jas pria set jas pria stelan formal,"putih, L",3IN1-P,Tiktoksellercenter_batchedit_20260925_all_information_template_2.xlsx,1729441743218904028,51,3IN1-P-PTH-L
Tiktoksellercenter_batchedit_20260925_all_information_template_1.xlsx,351,1734274163153602168,3 in 1 paket jas pria stelan jas pria set jas pria stelan formal,"putih, XL",3IN1-P,Tiktoksellercenter_batchedit_20260925_all_information_template_2.xlsx,1729441743218904028,52,3IN1-P-PTH-XL
Tiktoksellercenter_batchedit_20260925_all_information_template_1.xlsx,352,1734274163153602168,3 in 1 paket jas pria stelan jas pria set jas pria stelan formal,"putih, XXL",3IN1-P,Tiktoksellercenter_batchedit_20260925_all_information_template_2.xlsx,1729441743218904028,53,3IN1-P-PTH-XXL
Tiktoksellercenter_batchedit_20260925_all_information_template_1.xlsx,353,1734274163153602168,3 in 1 paket jas pria stelan jas pria set jas pria stelan formal,"putih, XXXL",3IN1-P,Tiktoksellercenter_batchedit_20260925_all_information_template_2.xlsx,1729441743218904028,54,3IN1-P-PTH-XXXL
Tiktoksellercenter_batchedit_20260925_all_information_template_1.xlsx,354,1736586260006274680,Kemeja Formal Pria Bahan Adem Banyak Varian Warna,"Putih, XS",KMJ,Tiktoksellercenter_batchedit_20260925_all_information_template_2.xlsx,1729605595651213276,258,kmj-pth-xs
Tiktoksellercenter_batchedit_20260925_all_information_template_1.xlsx,355,1736586260006274680,Kemeja Formal Pria Bahan Adem Banyak Varian Warna,"Putih, S",KMJ,Tiktoksellercenter_batchedit_20260925_all_information_template_2.xlsx,1729605595651213276,259,kmj-pth-s
Tiktoksellercenter_batchedit_20260925_all_information_template_1.xlsx,356,1736586260006274680,Kemeja Formal Pria Bahan Adem Banyak Varian Warna,"Putih, M",KMJ,Tiktoksellercenter_batchedit_20260925_all_information_template_2.xlsx,1729605595651213276,260,kmj-pth-m
Tiktoksellercenter_batchedit_20260925_all_information_template_1.xlsx,357,1736586260006274680,Kemeja Formal Pria Bahan Adem Banyak Varian Warna,"Putih, L",KMJ,Tiktoksellercenter_batchedit_20260925_all_information_template_2.xlsx,1729605595651213276,261,kmj-pth-l
Tiktoksellercenter_batchedit_20260925_all_information_template_1.xlsx,358,1736586260006274680,Kemeja Formal Pria Bahan Adem Banyak Varian Warna,"Putih, XL",KMJ,Tiktoksellercenter_batchedit_20260925_all_information_template_2.xlsx,1729605595651213276,262,kmj-pth-xl
Tiktoksellercenter_batchedit_20260925_all_information_template_1.xlsx,359,1736586260006274680,Kemeja Formal Pria Bahan Adem Banyak Varian Warna,"Putih, XXL",KMJ,Tiktoksellercenter_batchedit_20260925_all_information_template_2.xlsx,1729605595651213276,263,kmj-pth-xxl
Tiktoksellercenter_batchedit_20260925_all_information_template_1.xlsx,360,1736586260006274680,Kemeja Formal Pria Bahan Adem Banyak Varian Warna,"Putih, XXXL",KMJ,Tiktoksellercenter_batchedit_20260925_all_information_template_2.xlsx,1729605595651213276,264,kmj-pth-xxxl
Tiktoksellercenter_batchedit_20260925_all_information_template_1.xlsx,361,1736586260006274680,Kemeja Formal Pria Bahan Adem Banyak Varian Warna,"Hitam, XS",KMJ,Tiktoksellercenter_batchedit_20260925_all_information_template_2.xlsx,1729605595651213276,265,kmj-htm-xs
Tiktoksellercenter_batchedit_20260925_all_information_template_1.xlsx,362,1736586260006274680,Kemeja Formal Pria Bahan Adem Banyak Varian Warna,"Hitam, S",KMJ,Tiktoksellercenter_batchedit_20260925_all_information_template_2.xlsx,1729605595651213276,266,kmj-htm-s
Tiktoksellercenter_batchedit_20260925_all_information_template_1.xlsx,363,1736586260006274680,Kemeja Formal Pria Bahan Adem Banyak Varian Warna,"Hitam, M",KMJ,Tiktoksellercenter_batchedit_20260925_all_information_template_2.xlsx,1729605595651213276,267,kmj-htm-m
Tiktoksellercenter_batchedit_20260925_all_information_template_1.xlsx,364,1736586260006274680,Kemeja Formal Pria Bahan Adem Banyak Varian Warna,"Hitam, L",KMJ,Tiktoksellercenter_batchedit_20260925_all_information_template_2.xlsx,1729605595651213276,268,kmj-htm-l
Tiktoksellercenter_batchedit_20260925_all_information_template_1.xlsx,365,1736586260006274680,Kemeja Formal Pria Bahan Adem Banyak Varian Warna,"Hitam, XL",KMJ,Tiktoksellercenter_batchedit_20260925_all_information_template_2.xlsx,1729605595651213276,269,kmj-htm-xl
Tiktoksellercenter_batchedit_20260925_all_information_template_1.xlsx,366,1736586260006274680,Kemeja Formal Pria Bahan Adem Banyak Varian Warna,"Hitam, XXL",KMJ,Tiktoksellercenter_batchedit_20260925_all_information_template_2.xlsx,1729605595651213276,270,kmj-htm-xxl
Tiktoksellercenter_batchedit_20260925_all_information_template_1.xlsx,368,1736586260006274680,Kemeja Formal Pria Bahan Adem Banyak Varian Warna,"Marun, XS",KMJ,Tiktoksellercenter_batchedit_20260925_all_information_template_2.xlsx,1729605595651213276,279,kmj-mrn-xs
Tiktoksellercenter_batchedit_20260925_all_information_template_1.xlsx,369,1736586260006274680,Kemeja Formal Pria Bahan Adem Banyak Varian Warna,"Marun, S",KMJ,Tiktoksellercenter_batchedit_20260925_all_information_template_2.xlsx,1729605595651213276,280,kmj-mrn-s
Tiktoksellercenter_batchedit_20260925_all_information_template_1.xlsx,370,1736586260006274680,Kemeja Formal Pria Bahan Adem Banyak Varian Warna,"Marun, M",KMJ,Tiktoksellercenter_batchedit_20260925_all_information_template_2.xlsx,1729605595651213276,281,kmj-mrn-m
Tiktoksellercenter_batchedit_20260925_all_information_template_1.xlsx,371,1736586260006274680,Kemeja Formal Pria Bahan Adem Banyak Varian Warna,"Marun, L",KMJ,Tiktoksellercenter_batchedit_20260925_all_information_template_2.xlsx,1729605595651213276,282,kmj-mrn-l
Tiktoksellercenter_batchedit_20260925_all_information_template_1.xlsx,372,1736586260006274680,Kemeja Formal Pria Bahan Adem Banyak Varian Warna,"Marun, XL",KMJ,Tiktoksellercenter_batchedit_20260925_all_information_template_2.xlsx,1729605595651213276,283,kmj-mrn-xl
Tiktoksellercenter_batchedit_20260925_all_information_template_1.xlsx,373,1736586260006274680,Kemeja Formal Pria Bahan Adem Banyak Varian Warna,"Marun, XXL",KMJ,Tiktoksellercenter_batchedit_20260925_all_information_template_2.xlsx,1729605595651213276,284,kmj-mrn-xxl
Tiktoksellercenter_batchedit_20260925_all_information_template_1.xlsx,374,1736586260006274680,Kemeja Formal Pria Bahan Adem Banyak Varian Warna,"Marun, XXXL",KMJ,Tiktoksellercenter_batchedit_20260925_all_information_template_2.xlsx,1729605595651213276,285,kmj-mrn-xxxl
Tiktoksellercenter_batchedit_20260925_all_information_template_1.xlsx,375,1736586260006274680,Kemeja Formal Pria Bahan Adem Banyak Varian Warna,"Abu, XS",KMJ,Tiktoksellercenter_batchedit_20260925_all_information_template_2.xlsx,1729605595651213276,293,kmj-abu-xs
Tiktoksellercenter_batchedit_20260925_all_information_template_1.xlsx,376,1736586260006274680,Kemeja Formal Pria Bahan Adem Banyak Varian Warna,"Abu, S",KMJ,Tiktoksellercenter_batchedit_20260925_all_information_template_2.xlsx,1729605595651213276,294,kmj-abu-s
Tiktoksellercenter_batchedit_20260925_all_information_template_1.xlsx,377,1736586260006274680,Kemeja Formal Pria Bahan Adem Banyak Varian Warna,"Abu, M",KMJ,Tiktoksellercenter_batchedit_20260925_all_information_template_2.xlsx,1729605595651213276,295,kmj-abu-m
Tiktoksellercenter_batchedit_20260925_all_information_template_1.xlsx,378,1736586260006274680,Kemeja Formal Pria Bahan Adem Banyak Varian Warna,"Abu, L",KMJ,Tiktoksellercenter_batchedit_20260925_all_information_template_2.xlsx,1729605595651213276,296,kmj-abu-l
Tiktoksellercenter_batchedit_20260925_all_information_template_1.xlsx,379,1736586260006274680,Kemeja Formal Pria Bahan Adem Banyak Varian Warna,"Abu, XL",KMJ,Tiktoksellercenter_batchedit_20260925_all_information_template_2.xlsx,1729605595651213276,297,kmj-abu-xl
Tiktoksellercenter_batchedit_20260925_all_information_template_1.xlsx,380,1736586260006274680,Kemeja Formal Pria Bahan Adem Banyak Varian Warna,"Abu, XXL",KMJ,Tiktoksellercenter_batchedit_20260925_all_information_template_2.xlsx,1729605595651213276,298,kmj-abu-xxl
Tiktoksellercenter_batchedit_20260925_all_information_template_1.xlsx,381,1736586260006274680,Kemeja Formal Pria Bahan Adem Banyak Varian Warna,"Abu, XXXL",KMJ,Tiktoksellercenter_batchedit_20260925_all_information_template_2.xlsx,1729605595651213276,299,kmj-abu-xxxl
Tiktoksellercenter_batchedit_20260925_all_information_template_1.xlsx,382,1736586260006274680,Kemeja Formal Pria Bahan Adem Banyak Varian Warna,"Coklat Mahogani, XS",KMJ,Tiktoksellercenter_batchedit_20260925_all_information_template_2.xlsx,1729605595651213276,286,kmj-mhgn-xs
Tiktoksellercenter_batchedit_20260925_all_information_template_1.xlsx,383,1736586260006274680,Kemeja Formal Pria Bahan Adem Banyak Varian Warna,"Coklat Mahogani, S",KMJ,Tiktoksellercenter_batchedit_20260925_all_information_template_2.xlsx,1729605595651213276,287,kmj-mhgn-s
Tiktoksellercenter_batchedit_20260925_all_information_template_1.xlsx,384,1736586260006274680,Kemeja Formal Pria Bahan Adem Banyak Varian Warna,"Coklat Mahogani, M",KMJ,Tiktoksellercenter_batchedit_20260925_all_information_template_2.xlsx,1729605595651213276,288,kmj-mhgn-m
Tiktoksellercenter_batchedit_20260925_all_information_template_1.xlsx,385,1736586260006274680,Kemeja Formal Pria Bahan Adem Banyak Varian Warna,"Coklat Mahogani, L",KMJ,Tiktoksellercenter_batchedit_20260925_all_information_template_2.xlsx,1729605595651213276,289,kmj-mhgn-l
Tiktoksellercenter_batchedit_20260925_all_information_template_1.xlsx,386,1736586260006274680,Kemeja Formal Pria Bahan Adem Banyak Varian Warna,"Coklat Mahogani, XL",KMJ,Tiktoksellercenter_batchedit_20260925_all_information_template_2.xlsx,1729605595651213276,290,kmj-mhgn-xl
Tiktoksellercenter_batchedit_20260925_all_information_template_1.xlsx,387,1736586260006274680,Kemeja Formal Pria Bahan Adem Banyak Varian Warna,"Coklat Mahogani, XXL",KMJ,Tiktoksellercenter_batchedit_20260925_all_information_template_2.xlsx,1729605595651213276,291,kmj-mhgn-xxl
Tiktoksellercenter_batchedit_20260925_all_information_template_1.xlsx,388,1736586260006274680,Kemeja Formal Pria Bahan Adem Banyak Varian Warna,"Coklat Mahogani, XXXL",KMJ,Tiktoksellercenter_batchedit_20260925_all_information_template_2.xlsx,1729605595651213276,292,kmj-mhgn-xxxl
Tiktoksellercenter_batchedit_20260925_all_information_template_1.xlsx,389,1736586260006274680,Kemeja Formal Pria Bahan Adem Banyak Varian Warna,"Navy, XS",KMJ,Tiktoksellercenter_batchedit_20260925_all_information_template_2.xlsx,1729605595651213276,272,kmj-nvy-xs
Tiktoksellercenter_batchedit_20260925_all_information_template_1.xlsx,390,1736586260006274680,Kemeja Formal Pria Bahan Adem Banyak Varian Warna,"Navy, S",KMJ,Tiktoksellercenter_batchedit_20260925_all_information_template_2.xlsx,1729605595651213276,273,kmj-nvy-s
Tiktoksellercenter_batchedit_20260925_all_information_template_1.xlsx,391,1736586260006274680,Kemeja Formal Pria Bahan Adem Banyak Varian Warna,"Navy, M",KMJ,Tiktoksellercenter_batchedit_20260925_all_information_template_2.xlsx,1729605595651213276,274,kmj-nvy-m
Tiktoksellercenter_batchedit_20260925_all_information_template_1.xlsx,392,1736586260006274680,Kemeja Formal Pria Bahan Adem Banyak Varian Warna,"Navy, L",KMJ,Tiktoksellercenter_batchedit_20260925_all_information_template_2.xlsx,1729605595651213276,275,kmj-nvy-l
Tiktoksellercenter_batchedit_20260925_all_information_template_1.xlsx,393,1736586260006274680,Kemeja Formal Pria Bahan Adem Banyak Varian Warna,"Navy, XL",KMJ,Tiktoksellercenter_batchedit_20260925_all_information_template_2.xlsx,1729605595651213276,276,kmj-nvy-xl
Tiktoksellercenter_batchedit_20260925_all_information_template_1.xlsx,394,1736586260006274680,Kemeja Formal Pria Bahan Adem Banyak Varian Warna,"Navy, XXL",KMJ,Tiktoksellercenter_batchedit_20260925_all_information_template_2.xlsx,1729605595651213276,277,kmj-nvy-xxl
Tiktoksellercenter_batchedit_20260925_all_information_template_1.xlsx,395,1736586260006274680,Kemeja Formal Pria Bahan Adem Banyak Varian Warna,"Navy, XXXL",KMJ,Tiktoksellercenter_batchedit_20260925_all_information_template_2.xlsx,1729605595651213276,278,kmj-nvy-xxxl
Tiktoksellercenter_batchedit_20260925_all_information_template_1.xlsx,396,1736586260006274680,Kemeja Formal Pria Bahan Adem Banyak Varian Warna,"Biru Muda, XS",KMJ,Tiktoksellercenter_batchedit_20260925_all_information_template_2.xlsx,1729605595651213276,307,kmj-brmd-xs
Tiktoksellercenter_batchedit_20260925_all_information_template_1.xlsx,397,1736586260006274680,Kemeja Formal Pria Bahan Adem Banyak Varian Warna,"Biru Muda, S",KMJ,Tiktoksellercenter_batchedit_20260925_all_information_template_2.xlsx,1729605595651213276,308,kmj-brmd-s
Tiktoksellercenter_batchedit_20260925_all_information_template_1.xlsx,398,1736586260006274680,Kemeja Formal Pria Bahan Adem Banyak Varian Warna,"Biru Muda, M",KMJ,Tiktoksellercenter_batchedit_20260925_all_information_template_2.xlsx,1729605595651213276,309,kmj-brmd-m
Tiktoksellercenter_batchedit_20260925_all_information_template_1.xlsx,399,1736586260006274680,Kemeja Formal Pria Bahan Adem Banyak Varian Warna,"Biru Muda, L",KMJ,Tiktoksellercenter_batchedit_20260925_all_information_template_2.xlsx,1729605595651213276,310,kmj-brmd-l
Tiktoksellercenter_batchedit_20260925_all_information_template_1.xlsx,400,1736586260006274680,Kemeja Formal Pria Bahan Adem Banyak Varian Warna,"Biru Muda, XL",KMJ,Tiktoksellercenter_batchedit_20260925_all_information_template_2.xlsx,1729605595651213276,311,kmj-brmd-xl
Tiktoksellercenter_batchedit_20260925_all_information_template_1.xlsx,401,1736586260006274680,Kemeja Formal Pria Bahan Adem Banyak Varian Warna,"Biru Muda, XXL",KMJ,Tiktoksellercenter_batchedit_20260925_all_information_template_2.xlsx,1729605595651213276,312,kmj-brmd-xxl
Tiktoksellercenter_batchedit_20260925_all_information_template_1.xlsx,402,1736586260006274680,Kemeja Formal Pria Bahan Adem Banyak Varian Warna,"Biru Muda, XXXL",KMJ,Tiktoksellercenter_batchedit_20260925_all_information_template_2.xlsx,1729605595651213276,313,kmj-brmd-xxxl
Tiktoksellercenter_batchedit_20260925_all_information_template_2.xlsx,6,1734273477733418616,jas blazer wanita kekinian bahan premium elegan,"Teracota, S",JAS-W,Tiktoksellercenter_batchedit_20260925_all_information_template_3.xlsx,1729441747251923932,77,jas-w-trc-s
Tiktoksellercenter_batchedit_20260925_all_information_template_2.xlsx,7,1734273477733418616,jas blazer wanita kekinian bahan premium elegan,"Teracota, M",JAS-W,Tiktoksellercenter_batchedit_20260925_all_information_template_3.xlsx,1729441747251923932,78,jas-w-trc-m
Tiktoksellercenter_batchedit_20260925_all_information_template_2.xlsx,8,1734273477733418616,jas blazer wanita kekinian bahan premium elegan,"Teracota, L",JAS-W,Tiktoksellercenter_batchedit_20260925_all_information_template_3.xlsx,1729441747251923932,79,jas-w-trc-l
Tiktoksellercenter_batchedit_20260925_all_information_template_2.xlsx,9,1734273477733418616,jas blazer wanita kekinian bahan premium elegan,"Teracota, XL",JAS-W,Tiktoksellercenter_batchedit_20260925_all_information_template_3.xlsx,1729441747251923932,80,jas-w-trc-xl
Tiktoksellercenter_batchedit_20260925_all_information_template_2.xlsx,10,1734273477733418616,jas blazer wanita kekinian bahan premium elegan,"Teracota, XXL",JAS-W,Tiktoksellercenter_batchedit_20260925_all_information_template_3.xlsx,1729441747251923932,81,jas-w-trc-xxl
Tiktoksellercenter_batchedit_20260925_all_information_template_2.xlsx,11,1734273477733418616,jas blazer wanita kekinian bahan premium elegan,"Teracota, 3XL",JAS-W,Tiktoksellercenter_batchedit_20260925_all_information_template_3.xlsx,1729441747251923932,82,jas-w-trc-xxxl
Tiktoksellercenter_batchedit_20260925_all_information_template_2.xlsx,12,1734273477733418616,jas blazer wanita kekinian bahan premium elegan,"pink, S",JAS-W,Tiktoksellercenter_batchedit_20260925_all_information_template_3.xlsx,1729441747251923932,35,jas-w-bpk-s
Tiktoksellercenter_batchedit_20260925_all_information_template_2.xlsx,13,1734273477733418616,jas blazer wanita kekinian bahan premium elegan,"pink, M",JAS-W,Tiktoksellercenter_batchedit_20260925_all_information_template_3.xlsx,1729441747251923932,36,jas-w-bpk-m
Tiktoksellercenter_batchedit_20260925_all_information_template_2.xlsx,14,1734273477733418616,jas blazer wanita kekinian bahan premium elegan,"pink, L",JAS-W,Tiktoksellercenter_batchedit_20260925_all_information_template_3.xlsx,1729441747251923932,37,jas-w-bpk-l
Tiktoksellercenter_batchedit_20260925_all_information_template_2.xlsx,15,1734273477733418616,jas blazer wanita kekinian bahan premium elegan,"pink, XL",JAS-W,Tiktoksellercenter_batchedit_20260925_all_information_template_3.xlsx,1729441747251923932,38,jas-w-bpk-xl
Tiktoksellercenter_batchedit_20260925_all_information_template_2.xlsx,16,1734273477733418616,jas blazer wanita kekinian bahan premium elegan,"pink, XXL",JAS-W,Tiktoksellercenter_batchedit_20260925_all_information_template_3.xlsx,1729441747251923932,39,jas-w-bpk-xxl
Tiktoksellercenter_batchedit_20260925_all_information_template_2.xlsx,17,1734273477733418616,jas blazer wanita kekinian bahan premium elegan,"pink, 3XL",JAS-W,Tiktoksellercenter_batchedit_20260925_all_information_template_3.xlsx,1729441747251923932,40,jas-w-bpk-xxxl
Tiktoksellercenter_batchedit_20260925_all_information_template_2.xlsx,18,1734273477733418616,jas blazer wanita kekinian bahan premium elegan,"abu, S",JAS-W,Tiktoksellercenter_batchedit_20260925_all_information_template_3.xlsx,1729441747251923932,49,jas-w-abu-s
Tiktoksellercenter_batchedit_20260925_all_information_template_2.xlsx,19,1734273477733418616,jas blazer wanita kekinian bahan premium elegan,"abu, M",JAS-W,Tiktoksellercenter_batchedit_20260925_all_information_template_3.xlsx,1729441747251923932,50,jas-w-abu-m
Tiktoksellercenter_batchedit_20260925_all_information_template_2.xlsx,20,1734273477733418616,jas blazer wanita kekinian bahan premium elegan,"abu, L",JAS-W,Tiktoksellercenter_batchedit_20260925_all_information_template_3.xlsx,1729441747251923932,51,jas-w-abu-l
Tiktoksellercenter_batchedit_20260925_all_information_template_2.xlsx,21,1734273477733418616,jas blazer wanita kekinian bahan premium elegan,"abu, XL",JAS-W,Tiktoksellercenter_batchedit_20260925_all_information_template_3.xlsx,1729441747251923932,52,jas-w-abu-xl
Tiktoksellercenter_batchedit_20260925_all_information_template_2.xlsx,22,1734273477733418616,jas blazer wanita kekinian bahan premium elegan,"abu, XXL",JAS-W,Tiktoksellercenter_batchedit_20260925_all_information_template_3.xlsx,1729441747251923932,53,jas-w-abu-xxl
Tiktoksellercenter_batchedit_20260925_all_information_template_2.xlsx,23,1734273477733418616,jas blazer wanita kekinian bahan premium elegan,"abu, 3XL",JAS-W,Tiktoksellercenter_batchedit_20260925_all_information_template_3.xlsx,1729441747251923932,54,jas-w-abu-xxxl
Tiktoksellercenter_batchedit_20260925_all_information_template_2.xlsx,24,1734273477733418616,jas blazer wanita kekinian bahan premium elegan,"biru muda, S",JAS-W,Tiktoksellercenter_batchedit_20260925_all_information_template_3.xlsx,1729441747251923932,28,jas-w-blg-s
Tiktoksellercenter_batchedit_20260925_all_information_template_2.xlsx,25,1734273477733418616,jas blazer wanita kekinian bahan premium elegan,"biru muda, M",JAS-W,Tiktoksellercenter_batchedit_20260925_all_information_template_3.xlsx,1729441747251923932,29,jas-w-blg-m
Tiktoksellercenter_batchedit_20260925_all_information_template_2.xlsx,26,1734273477733418616,jas blazer wanita kekinian bahan premium elegan,"biru muda, L",JAS-W,Tiktoksellercenter_batchedit_20260925_all_information_template_3.xlsx,1729441747251923932,30,jas-w-blg-l
Tiktoksellercenter_batchedit_20260925_all_information_template_2.xlsx,27,1734273477733418616,jas blazer wanita kekinian bahan premium elegan,"biru muda, XL",JAS-W,Tiktoksellercenter_batchedit_20260925_all_information_template_3.xlsx,1729441747251923932,31,jas-w-blg-xl
Tiktoksellercenter_batchedit_20260925_all_information_template_2.xlsx,28,1734273477733418616,jas blazer wanita kekinian bahan premium elegan,"biru muda, XXL",JAS-W,Tiktoksellercenter_batchedit_20260925_all_information_template_3.xlsx,1729441747251923932,32,jas-w-blg-xxl
Tiktoksellercenter_batchedit_20260925_all_information_template_2.xlsx,29,1734273477733418616,jas blazer wanita kekinian bahan premium elegan,"biru muda, 3XL",JAS-W,Tiktoksellercenter_batchedit_20260925_all_information_template_3.xlsx,1729441747251923932,33,jas-w-blg-xxxl
Tiktoksellercenter_batchedit_20260925_all_information_template_2.xlsx,30,1734273477733418616,jas blazer wanita kekinian bahan premium elegan,"hitam, S",JAS-W,Tiktoksellercenter_batchedit_20260925_all_information_template_3.xlsx,1729441747251923932,7,jas-w-htm-s
Tiktoksellercenter_batchedit_20260925_all_information_template_2.xlsx,31,1734273477733418616,jas blazer wanita kekinian bahan premium elegan,"hitam, M",JAS-W,Tiktoksellercenter_batchedit_20260925_all_information_template_3.xlsx,1729441747251923932,8,jas-w-htm-m
Tiktoksellercenter_batchedit_20260925_all_information_template_2.xlsx,32,1734273477733418616,jas blazer wanita kekinian bahan premium elegan,"hitam, L",JAS-W,Tiktoksellercenter_batchedit_20260925_all_information_template_3.xlsx,1729441747251923932,9,jas-w-htm-l
Tiktoksellercenter_batchedit_20260925_all_information_template_2.xlsx,33,1734273477733418616,jas blazer wanita kekinian bahan premium elegan,"hitam, XL",JAS-W,Tiktoksellercenter_batchedit_20260925_all_information_template_3.xlsx,1729441747251923932,10,jas-w-htm-xl
Tiktoksellercenter_batchedit_20260925_all_information_template_2.xlsx,34,1734273477733418616,jas blazer wanita kekinian bahan premium elegan,"hitam, XXL",JAS-W,Tiktoksellercenter_batchedit_20260925_all_information_template_3.xlsx,1729441747251923932,11,jas-w-htm-xxl
Tiktoksellercenter_batchedit_20260925_all_information_template_2.xlsx,35,1734273477733418616,jas blazer wanita kekinian bahan premium elegan,"hitam, 3XL",JAS-W,Tiktoksellercenter_batchedit_20260925_all_information_template_3.xlsx,1729441747251923932,12,jas-w-htm-xxxl
Tiktoksellercenter_batchedit_20260925_all_information_template_2.xlsx,36,1734273477733418616,jas blazer wanita kekinian bahan premium elegan,"pink fanta, S",JAS-W,Tiktoksellercenter_batchedit_20260925_all_information_template_3.xlsx,1729441747251923932,84,jas-w-pfn-s
Tiktoksellercenter_batchedit_20260925_all_information_template_2.xlsx,37,1734273477733418616,jas blazer wanita kekinian bahan premium elegan,"pink fanta, M",JAS-W,Tiktoksellercenter_batchedit_20260925_all_information_template_3.xlsx,1729441747251923932,85,jas-w-pfn-m
Tiktoksellercenter_batchedit_20260925_all_information_template_2.xlsx,38,1734273477733418616,jas blazer wanita kekinian bahan premium elegan,"pink fanta, L",JAS-W,Tiktoksellercenter_batchedit_20260925_all_information_template_3.xlsx,1729441747251923932,86,jas-w-pfn-l
Tiktoksellercenter_batchedit_20260925_all_information_template_2.xlsx,39,1734273477733418616,jas blazer wanita kekinian bahan premium elegan,"pink fanta, XL",JAS-W,Tiktoksellercenter_batchedit_20260925_all_information_template_3.xlsx,1729441747251923932,87,jas-w-pfn-xl
Tiktoksellercenter_batchedit_20260925_all_information_template_2.xlsx,40,1734273477733418616,jas blazer wanita kekinian bahan premium elegan,"pink fanta, XXL",JAS-W,Tiktoksellercenter_batchedit_20260925_all_information_template_3.xlsx,1729441747251923932,88,jas-w-pfn-xxl
Tiktoksellercenter_batchedit_20260925_all_information_template_2.xlsx,41,1734273477733418616,jas blazer wanita kekinian bahan premium elegan,"pink fanta, 3XL",JAS-W,Tiktoksellercenter_batchedit_20260925_all_information_template_3.xlsx,1729441747251923932,89,jas-w-pfn-xxxl
Tiktoksellercenter_batchedit_20260925_all_information_template_2.xlsx,42,1734273477733418616,jas blazer wanita kekinian bahan premium elegan,"cream, S",JAS-W,Tiktoksellercenter_batchedit_20260925_all_information_template_3.xlsx,1729441747251923932,56,JAS-W-KRM-S
Tiktoksellercenter_batchedit_20260925_all_information_template_2.xlsx,43,1734273477733418616,jas blazer wanita kekinian bahan premium elegan,"cream, M",JAS-W,Tiktoksellercenter_batchedit_20260925_all_information_template_3.xlsx,1729441747251923932,57,JAS-W-KRM-M
Tiktoksellercenter_batchedit_20260925_all_information_template_2.xlsx,44,1734273477733418616,jas blazer wanita kekinian bahan premium elegan,"cream, L",JAS-W,Tiktoksellercenter_batchedit_20260925_all_information_template_3.xlsx,1729441747251923932,58,JAS-W-KRM-L
Tiktoksellercenter_batchedit_20260925_all_information_template_2.xlsx,45,1734273477733418616,jas blazer wanita kekinian bahan premium elegan,"cream, XL",JAS-W,Tiktoksellercenter_batchedit_20260925_all_information_template_3.xlsx,1729441747251923932,59,JAS-W-KRM-XL
Tiktoksellercenter_batchedit_20260925_all_information_template_2.xlsx,46,1734273477733418616,jas blazer wanita kekinian bahan premium elegan,"cream, XXL",JAS-W,Tiktoksellercenter_batchedit_20260925_all_information_template_3.xlsx,1729441747251923932,60,JAS-W-KRM-XXL
Tiktoksellercenter_batchedit_20260925_all_information_template_2.xlsx,48,1734273477733418616,jas blazer wanita kekinian bahan premium elegan,"marun, S",JAS-W,Tiktoksellercenter_batchedit_20260925_all_information_template_3.xlsx,1729441747251923932,21,jas-w-mmd-s
Tiktoksellercenter_batchedit_20260925_all_information_template_2.xlsx,49,1734273477733418616,jas blazer wanita kekinian bahan premium elegan,"marun, M",JAS-W,Tiktoksellercenter_batchedit_20260925_all_information_template_3.xlsx,1729441747251923932,22,jas-w-mmd-m
Tiktoksellercenter_batchedit_20260925_all_information_template_2.xlsx,50,1734273477733418616,jas blazer wanita kekinian bahan premium elegan,"marun, L",JAS-W,Tiktoksellercenter_batchedit_20260925_all_information_template_3.xlsx,1729441747251923932,23,jas-w-mmd-l
Tiktoksellercenter_batchedit_20260925_all_information_template_2.xlsx,51,1734273477733418616,jas blazer wanita kekinian bahan premium elegan,"marun, XL",JAS-W,Tiktoksellercenter_batchedit_20260925_all_information_template_3.xlsx,1729441747251923932,24,jas-w-mmd-xl
Tiktoksellercenter_batchedit_20260925_all_information_template_2.xlsx,52,1734273477733418616,jas blazer wanita kekinian bahan premium elegan,"marun, XXL",JAS-W,Tiktoksellercenter_batchedit_20260925_all_information_template_3.xlsx,1729441747251923932,25,jas-w-mmd-xxl
Tiktoksellercenter_batchedit_20260925_all_information_template_2.xlsx,53,1734273477733418616,jas blazer wanita kekinian bahan premium elegan,"marun, 3XL",JAS-W,Tiktoksellercenter_batchedit_20260925_all_information_template_3.xlsx,1729441747251923932,26,jas-w-mmd-xxxl
Tiktoksellercenter_batchedit_20260925_all_information_template_2.xlsx,54,1734273477733418616,jas blazer wanita kekinian bahan premium elegan,"navy, S",JAS-W,Tiktoksellercenter_batchedit_20260925_all_information_template_3.xlsx,1729441747251923932,42,jas-w-nvy-s
Tiktoksellercenter_batchedit_20260925_all_information_template_2.xlsx,55,1734273477733418616,jas blazer wanita kekinian bahan premium elegan,"navy, M",JAS-W,Tiktoksellercenter_batchedit_20260925_all_information_template_3.xlsx,1729441747251923932,43,jas-w-nvy-m
Tiktoksellercenter_batchedit_20260925_all_information_template_2.xlsx,56,1734273477733418616,jas blazer wanita kekinian bahan premium elegan,"navy, L",JAS-W,Tiktoksellercenter_batchedit_20260925_all_information_template_3.xlsx,1729441747251923932,44,jas-w-nvy-l
Tiktoksellercenter_batchedit_20260925_all_information_template_2.xlsx,57,1734273477733418616,jas blazer wanita kekinian bahan premium elegan,"navy, XL",JAS-W,Tiktoksellercenter_batchedit_20260925_all_information_template_3.xlsx,1729441747251923932,45,jas-w-nvy-xl
Tiktoksellercenter_batchedit_20260925_all_information_template_2.xlsx,58,1734273477733418616,jas blazer wanita kekinian bahan premium elegan,"navy, XXL",JAS-W,Tiktoksellercenter_batchedit_20260925_all_information_template_3.xlsx,1729441747251923932,46,jas-w-nvy-xxl
Tiktoksellercenter_batchedit_20260925_all_information_template_2.xlsx,59,1734273477733418616,jas blazer wanita kekinian bahan premium elegan,"navy, 3XL",JAS-W,Tiktoksellercenter_batchedit_20260925_all_information_template_3.xlsx,1729441747251923932,47,jas-w-nvy-xxxl
Tiktoksellercenter_batchedit_20260925_all_information_template_2.xlsx,60,1734273477733418616,jas blazer wanita kekinian bahan premium elegan,"biru tua, S",JAS-W,Tiktoksellercenter_batchedit_20260925_all_information_template_3.xlsx,1729441747251923932,91,jas-w-bbc-s
Tiktoksellercenter_batchedit_20260925_all_information_template_2.xlsx,61,1734273477733418616,jas blazer wanita kekinian bahan premium elegan,"biru tua, M",JAS-W,Tiktoksellercenter_batchedit_20260925_all_information_template_3.xlsx,1729441747251923932,92,jas-w-bbc-m
Tiktoksellercenter_batchedit_20260925_all_information_template_2.xlsx,62,1734273477733418616,jas blazer wanita kekinian bahan premium elegan,"biru tua, L",JAS-W,Tiktoksellercenter_batchedit_20260925_all_information_template_3.xlsx,1729441747251923932,93,jas-w-bbc-l
Tiktoksellercenter_batchedit_20260925_all_information_template_2.xlsx,63,1734273477733418616,jas blazer wanita kekinian bahan premium elegan,"biru tua, XL",JAS-W,Tiktoksellercenter_batchedit_20260925_all_information_template_3.xlsx,1729441747251923932,94,jas-w-bbc-xl
Tiktoksellercenter_batchedit_20260925_all_information_template_2.xlsx,64,1734273477733418616,jas blazer wanita kekinian bahan premium elegan,"biru tua, XXL",JAS-W,Tiktoksellercenter_batchedit_20260925_all_information_template_3.xlsx,1729441747251923932,95,jas-w-bbc-xxl
Tiktoksellercenter_batchedit_20260925_all_information_template_2.xlsx,65,1734273477733418616,jas blazer wanita kekinian bahan premium elegan,"biru tua, 3XL",JAS-W,Tiktoksellercenter_batchedit_20260925_all_information_template_3.xlsx,1729441747251923932,96,jas-w-bbc-xxxl
Tiktoksellercenter_batchedit_20260925_all_information_template_2.xlsx,66,1734273477733418616,jas blazer wanita kekinian bahan premium elegan,"putih, S",JAS-W,Tiktoksellercenter_batchedit_20260925_all_information_template_3.xlsx,1729441747251923932,14,jas-w-pth-s
Tiktoksellercenter_batchedit_20260925_all_information_template_2.xlsx,67,1734273477733418616,jas blazer wanita kekinian bahan premium elegan,"putih, M",JAS-W,Tiktoksellercenter_batchedit_20260925_all_information_template_3.xlsx,1729441747251923932,15,jas-w-pth-m
Tiktoksellercenter_batchedit_20260925_all_information_template_2.xlsx,68,1734273477733418616,jas blazer wanita kekinian bahan premium elegan,"putih, L",JAS-W,Tiktoksellercenter_batchedit_20260925_all_information_template_3.xlsx,1729441747251923932,16,jas-w-pth-l
Tiktoksellercenter_batchedit_20260925_all_information_template_2.xlsx,69,1734273477733418616,jas blazer wanita kekinian bahan premium elegan,"putih, XL",JAS-W,Tiktoksellercenter_batchedit_20260925_all_information_template_3.xlsx,1729441747251923932,17,jas-w-pth-xl
Tiktoksellercenter_batchedit_20260925_all_information_template_2.xlsx,70,1734273477733418616,jas blazer wanita kekinian bahan premium elegan,"putih, XXL",JAS-W,Tiktoksellercenter_batchedit_20260925_all_information_template_3.xlsx,1729441747251923932,18,jas-w-pth-xxl
Tiktoksellercenter_batchedit_20260925_all_information_template_2.xlsx,71,1734273477733418616,jas blazer wanita kekinian bahan premium elegan,"putih, 3XL",JAS-W,Tiktoksellercenter_batchedit_20260925_all_information_template_3.xlsx,1729441747251923932,19,jas-w-pth-xxxl
