row,product_id,product_name,variation_id,variation_name,parent_sku,sku
7,47160852979,Dasi kupu-kupu warna hitam aksesoris jas blazer,302631751127,,dsi-kpkp,
104,26336754672,Setelah Rompi dan Celana Anak 2 IN 1,260127343681,"Navy,8-9 Tahun",,
105,26336754672,Setelah Rompi dan Celana Anak 2 IN 1,260127343686,"Burgundy,6-7 Tahun",,
106,26336754672,Setelah Rompi dan Celana Anak 2 IN 1,260127343675,"Hitam,8-9 Tahun",,
107,26336754672,Setelah Rompi dan Celana Anak 2 IN 1,260127343677,"Hitam,12-13 Tahun",,
108,26336754672,Setelah Rompi dan Celana Anak 2 IN 1,260127343673,"Hitam,4-5 Tahun",,
109,26336754672,Setelah Rompi dan Celana Anak 2 IN 1,260127343682,"Navy,10-11 Tahun",,
110,26336754672,Setelah Rompi dan Celana Anak 2 IN 1,260127343695,"Merah Cabe,12-13 Tahun",,
111,26336754672,Setelah Rompi dan Celana Anak 2 IN 1,260127343691,"Merah Cabe,4-5 Tahun",,
112,26336754672,Setelah Rompi dan Celana Anak 2 IN 1,260127343684,"Burgundy,2-3 Tahun",,
113,26336754672,Setelah Rompi dan Celana Anak 2 IN 1,260127343676,"Hitam,10-11 Tahun",,
114,26336754672,Setelah Rompi dan Celana Anak 2 IN 1,260127343679,"Navy,4-5 Tahun",,
115,26336754672,Setelah Rompi dan Celana Anak 2 IN 1,260127343683,"Navy,12-13 Tahun",,
116,26336754672,Setelah Rompi dan Celana Anak 2 IN 1,260127343687,"Burgundy,8-9 Tahun",,
117,26336754672,Setelah Rompi dan Celana Anak 2 IN 1,260127343694,"Merah Cabe,10-11 Tahun",,
118,26336754672,Setelah Rompi dan Celana Anak 2 IN 1,260127343692,"Merah Cabe,6-7 Tahun",,
119,26336754672,Setelah Rompi dan Celana Anak 2 IN 1,260127343685,"Burgundy,4-5 Tahun",,
120,26336754672,Setelah Rompi dan Celana Anak 2 IN 1,260127343690,"Merah Cabe,2-3 Tahun",,
121,26336754672,Setelah Rompi dan Celana Anak 2 IN 1,260127343674,"Hitam,6-7 Tahun",,
122,26336754672,Setelah Rompi dan Celana Anak 2 IN 1,260127343672,"Hitam,2-3 Tahun",,
123,26336754672,Setelah Rompi dan Celana Anak 2 IN 1,260127343678,"Navy,2-3 Tahun",,
124,26336754672,Setelah Rompi dan Celana Anak 2 IN 1,260127343693,"Merah Cabe,8-9 Tahun",,
125,26336754672,Setelah Rompi dan Celana Anak 2 IN 1,260127343689,"Burgundy,12-13 Tahun",,
126,26336754672,Setelah Rompi dan Celana Anak 2 IN 1,260127343680,"Navy,6-7 Tahun",,
127,26336754672,Setelah Rompi dan Celana Anak 2 IN 1,260127343688,"Burgundy,10-11 Tahun",,
164,23422488757,Jas Blazer Anak Laki Laki Formal Usia 2 Tahun Sampai 13 Tahun Outerwear Formal Untuk Anak,193808024420,"Biru Langit,11 Thn",,
165,23422488757,Jas Blazer Anak Laki Laki Formal Usia 2 Tahun Sampai 13 Tahun Outerwear Formal Untuk Anak,193808024401,"Biru Langit,10 Thn",,
166,23422488757,Jas Blazer Anak Laki Laki Formal Usia 2 Tahun Sampai 13 Tahun Outerwear Formal Untuk Anak,193808024421,"Merah Cabai,5-6 Thn",,
167,23422488757,Jas Blazer Anak Laki Laki Formal Usia 2 Tahun Sampai 13 Tahun Outerwear Formal Untuk Anak,193808024425,"Merah Cabai,7 Thn",,
168,23422488757,Jas Blazer Anak Laki Laki Formal Usia 2 Tahun Sampai 13 Tahun Outerwear Formal Untuk Anak,193808024390,"Burgundy,10 Thn",,
169,23422488757,Jas Blazer Anak Laki Laki Formal Usia 2 Tahun Sampai 13 Tahun Outerwear Formal Untuk Anak,193808024411,"Abu,8 Thn",,
170,23422488757,Jas Blazer Anak Laki Laki Formal Usia 2 Tahun Sampai 13 Tahun Outerwear Formal Untuk Anak,193808024419,"Biru Langit,2-4 Thn",,
171,23422488757,Jas Blazer Anak Laki Laki Formal Usia 2 Tahun Sampai 13 Tahun Outerwear Formal Untuk Anak,193808024398,"Burgundy,7 Thn",,
172,23422488757,Jas Blazer Anak Laki Laki Formal Usia 2 Tahun Sampai 13 Tahun Outerwear Formal Untuk Anak,193808024418,"Hitam,11 Thn",,
173,23422488757,Jas Blazer Anak Laki Laki Formal Usia 2 Tahun Sampai 13 Tahun Outerwear Formal Untuk Anak,193808024414,"Burgundy,2-4 Thn",,
174,23422488757,Jas Blazer Anak Laki Laki Formal Usia 2 Tahun Sampai 13 Tahun Outerwear Formal Untuk Anak,193808024416,"Hitam,5-6 Thn",,
175,23422488757,Jas Blazer Anak Laki Laki Formal Usia 2 Tahun Sampai 13 Tahun Outerwear Formal Untuk Anak,193808024426,"Merah Cabai,9 Thn",,
176,23422488757,Jas Blazer Anak Laki Laki Formal Usia 2 Tahun Sampai 13 Tahun Outerwear Formal Untuk Anak,193808024394,"Hitam,2-4 Thn",,
177,23422488757,Jas Blazer Anak Laki Laki Formal Usia 2 Tahun Sampai 13 Tahun Outerwear Formal Untuk Anak,193808024408,"Merah Cabai,11 Thn",,
178,23422488757,Jas Blazer Anak Laki Laki Formal Usia 2 Tahun Sampai 13 Tahun Outerwear Formal Untuk Anak,193808024415,"Merah Cabai,8 Thn",,
179,23422488757,Jas Blazer Anak Laki Laki Formal Usia 2 Tahun Sampai 13 Tahun Outerwear Formal Untuk Anak,193808024417,"Hitam,7 Thn",,
180,23422488757,Jas Blazer Anak Laki Laki Formal Usia 2 Tahun Sampai 13 Tahun Outerwear Formal Untuk Anak,193808024410,"Navy,10 Thn",,
181,23422488757,Jas Blazer Anak Laki Laki Formal Usia 2 Tahun Sampai 13 Tahun Outerwear Formal Untuk Anak,193808024428,"Hitam,8 Thn",,
182,23422488757,Jas Blazer Anak Laki Laki Formal Usia 2 Tahun Sampai 13 Tahun Outerwear Formal Untuk Anak,193808024384,"Biru Langit,8 Thn",,
183,23422488757,Jas Blazer Anak Laki Laki Formal Usia 2 Tahun Sampai 13 Tahun Outerwear Formal Untuk Anak,193808024382,"Biru Langit,5-6 Thn",,
184,23422488757,Jas Blazer Anak Laki Laki Formal Usia 2 Tahun Sampai 13 Tahun Outerwear Formal Untuk Anak,193808024389,"Navy,9 Thn",,
185,23422488757,Jas Blazer Anak Laki Laki Formal Usia 2 Tahun Sampai 13 Tahun Outerwear Formal Untuk Anak,193808024429,"Abu,10 Thn",,
186,23422488757,Jas Blazer Anak Laki Laki Formal Usia 2 Tahun Sampai 13 Tahun Outerwear Formal Untuk Anak,193808024430,"Burgundy,5-6 Thn",,
187,23422488757,Jas Blazer Anak Laki Laki Formal Usia 2 Tahun Sampai 13 Tahun Outerwear Formal Untuk Anak,193808024409,"Baby Pink,11 Thn",,
188,23422488757,Jas Blazer Anak Laki Laki Formal Usia 2 Tahun Sampai 13 Tahun Outerwear Formal Untuk Anak,193808024395,"Navy,2-4 Thn",,
189,23422488757,Jas Blazer Anak Laki Laki Formal Usia 2 Tahun Sampai 13 Tahun Outerwear Formal Untuk Anak,193808024402,"Hitam,9 Thn",,
190,23422488757,Jas Blazer Anak Laki Laki Formal Usia 2 Tahun Sampai 13 Tahun Outerwear Formal Untuk Anak,193808024385,"Merah Cabai,2-4 Thn",,
191,23422488757,Jas Blazer Anak Laki Laki Formal Usia 2 Tahun Sampai 13 Tahun Outerwear Formal Untuk Anak,193808024391,"Biru Langit,9 Thn",,
192,23422488757,Jas Blazer Anak Laki Laki Formal Usia 2 Tahun Sampai 13 Tahun Outerwear Formal Untuk Anak,193808024388,"Navy,7 Thn",,
193,23422488757,Jas Blazer Anak Laki Laki Formal Usia 2 Tahun Sampai 13 Tahun Outerwear Formal Untuk Anak,193808024404,"Abu,2-4 Thn",,
194,23422488757,Jas Blazer Anak Laki Laki Formal Usia 2 Tahun Sampai 13 Tahun Outerwear Formal Untuk Anak,193808024412,"Burgundy,9 Thn",,
195,23422488757,Jas Blazer Anak Laki Laki Formal Usia 2 Tahun Sampai 13 Tahun Outerwear Formal Untuk Anak,193808024405,"Baby Pink,7 Thn",,
196,23422488757,Jas Blazer Anak Laki Laki Formal Usia 2 Tahun Sampai 13 Tahun Outerwear Formal Untuk Anak,193808024406,"Baby Pink,8 Thn",,
197,23422488757,Jas Blazer Anak Laki Laki Formal Usia 2 Tahun Sampai 13 Tahun Outerwear Formal Untuk Anak,193808024423,"Abu,5-6 Thn",,
198,23422488757,Jas Blazer Anak Laki Laki Formal Usia 2 Tahun Sampai 13 Tahun Outerwear Formal Untuk Anak,193808024386,"Baby Pink,2-4 Thn",,
199,23422488757,Jas Blazer Anak Laki Laki Formal Usia 2 Tahun Sampai 13 Tahun Outerwear Formal Untuk Anak,193808024422,"Navy,11 Thn",,
200,23422488757,Jas Blazer Anak Laki Laki Formal Usia 2 Tahun Sampai 13 Tahun Outerwear Formal Untuk Anak,193808024393,"Baby Pink,10 Thn",,
201,23422488757,Jas Blazer Anak Laki Laki Formal Usia 2 Tahun Sampai 13 Tahun Outerwear Formal Untuk Anak,193808024397,"Abu,7 Thn",,
202,23422488757,Jas Blazer Anak Laki Laki Formal Usia 2 Tahun Sampai 13 Tahun Outerwear Formal Untuk Anak,193808024396,"Abu,9 Thn",,
203,23422488757,Jas Blazer Anak Laki Laki Formal Usia 2 Tahun Sampai 13 Tahun Outerwear Formal Untuk Anak,193808024403,"Navy,5-6 Thn",,
204,23422488757,Jas Blazer Anak Laki Laki Formal Usia 2 Tahun Sampai 13 Tahun Outerwear Formal Untuk Anak,193808024392,"Baby Pink,5-6 Thn",,
205,23422488757,Jas Blazer Anak Laki Laki Formal Usia 2 Tahun Sampai 13 Tahun Outerwear Formal Untuk Anak,193808024424,"Burgundy,11 Thn",,
206,23422488757,Jas Blazer Anak Laki Laki Formal Usia 2 Tahun Sampai 13 Tahun Outerwear Formal Untuk Anak,193808024400,"Biru Langit,7 Thn",,
207,23422488757,Jas Blazer Anak Laki Laki Formal Usia 2 Tahun Sampai 13 Tahun Outerwear Formal Untuk Anak,193808024427,"Merah Cabai,10 Thn",,
208,23422488757,Jas Blazer Anak Laki Laki Formal Usia 2 Tahun Sampai 13 Tahun Outerwear Formal Untuk Anak,193808024383,"Abu,11 Thn",,
209,23422488757,Jas Blazer Anak Laki Laki Formal Usia 2 Tahun Sampai 13 Tahun Outerwear Formal Untuk Anak,193808024413,"Navy,8 Thn",,
210,23422488757,Jas Blazer Anak Laki Laki Formal Usia 2 Tahun Sampai 13 Tahun Outerwear Formal Untuk Anak,193808024387,"Hitam,10 Thn",,
211,23422488757,Jas Blazer Anak Laki Laki Formal Usia 2 Tahun Sampai 13 Tahun Outerwear Formal Untuk Anak,193808024407,"Baby Pink,9 Thn",,
212,23422488757,Jas Blazer Anak Laki Laki Formal Usia 2 Tahun Sampai 13 Tahun Outerwear Formal Untuk Anak,193808024399,"Burgundy,8 Thn",,
213,23324959833,Best Seller Kulot Wanita Highwaist Pants Panjang Bahan Adem Tebal Dan Jatoh Loose Pants Cewek,165585382424,"Navy,XL",,
214,23324959833,Best Seller Kulot Wanita Highwaist Pants Panjang Bahan Adem Tebal Dan Jatoh Loose Pants Cewek,165585382433,"Latte,M",,
215,23324959833,Best Seller Kulot Wanita Highwaist Pants Panjang Bahan Adem Tebal Dan Jatoh Loose Pants Cewek,165585382431,"Mocca,M",,
216,23324959833,Best Seller Kulot Wanita Highwaist Pants Panjang Bahan Adem Tebal Dan Jatoh Loose Pants Cewek,165585382430,"Rose Gold,L",,
217,23324959833,Best Seller Kulot Wanita Highwaist Pants Panjang Bahan Adem Tebal Dan Jatoh Loose Pants Cewek,165585382435,"Navy,M",,
218,23324959833,Best Seller Kulot Wanita Highwaist Pants Panjang Bahan Adem Tebal Dan Jatoh Loose Pants Cewek,165585382432,"Abu Tua,XL",,
219,23324959833,Best Seller Kulot Wanita Highwaist Pants Panjang Bahan Adem Tebal Dan Jatoh Loose Pants Cewek,165585382423,"Abu Tua,L",,
220,23324959833,Best Seller Kulot Wanita Highwaist Pants Panjang Bahan Adem Tebal Dan Jatoh Loose Pants Cewek,165585382437,"Hitam,XL",,
221,23324959833,Best Seller Kulot Wanita Highwaist Pants Panjang Bahan Adem Tebal Dan Jatoh Loose Pants Cewek,165585382434,"Mocca,XL",,
222,23324959833,Best Seller Kulot Wanita Highwaist Pants Panjang Bahan Adem Tebal Dan Jatoh Loose Pants Cewek,165585382426,"Mocca,L",,
223,23324959833,Best Seller Kulot Wanita Highwaist Pants Panjang Bahan Adem Tebal Dan Jatoh Loose Pants Cewek,165585382418,"Rose Gold,M",,
224,23324959833,Best Seller Kulot Wanita Highwaist Pants Panjang Bahan Adem Tebal Dan Jatoh Loose Pants Cewek,165585382419,"Rose Gold,XL",,
225,23324959833,Best Seller Kulot Wanita Highwaist Pants Panjang Bahan Adem Tebal Dan Jatoh Loose Pants Cewek,165585382421,"Latte,XL",,
226,23324959833,Best Seller Kulot Wanita Highwaist Pants Panjang Bahan Adem Tebal Dan Jatoh Loose Pants Cewek,165585382436,"Hitam,M",,
227,23324959833,Best Seller Kulot Wanita Highwaist Pants Panjang Bahan Adem Tebal Dan Jatoh Loose Pants Cewek,165585382417,"Navy,L",,
228,23324959833,Best Seller Kulot Wanita Highwaist Pants Panjang Bahan Adem Tebal Dan Jatoh Loose Pants Cewek,165585382429,"Abu Muda,XL",,
229,23324959833,Best Seller Kulot Wanita Highwaist Pants Panjang Bahan Adem Tebal Dan Jatoh Loose Pants Cewek,165585382427,"Abu Muda,M",,
230,23324959833,Best Seller Kulot Wanita Highwaist Pants Panjang Bahan Adem Tebal Dan Jatoh Loose Pants Cewek,165585382425,"Hitam,L",,
231,23324959833,Best Seller Kulot Wanita Highwaist Pants Panjang Bahan Adem Tebal Dan Jatoh Loose Pants Cewek,165585382420,"Latte,L",,
232,23324959833,Best Seller Kulot Wanita Highwaist Pants Panjang Bahan Adem Tebal Dan Jatoh Loose Pants Cewek,165585382422,"Abu Tua,M",,
233,23324959833,Best Seller Kulot Wanita Highwaist Pants Panjang Bahan Adem Tebal Dan Jatoh Loose Pants Cewek,165585382428,"Abu Muda,L",,
234,22949962550,Kolor Pria Dan Wanita Unisex Dengan Logo Bordir Dan Bahan Yang Tebal Premium Kolor Olahraga Kolor Sehari hari,221866633825,"Biru,L",,
235,22949962550,Kolor Pria Dan Wanita Unisex Dengan Logo Bordir Dan Bahan Yang Tebal Premium Kolor Olahraga Kolor Sehari hari,221866633826,"Biru,XL",,
236,22949962550,Kolor Pria Dan Wanita Unisex Dengan Logo Bordir Dan Bahan Yang Tebal Premium Kolor Olahraga Kolor Sehari hari,221866633823,"Navy,L",,
237,22949962550,Kolor Pria Dan Wanita Unisex Dengan Logo Bordir Dan Bahan Yang Tebal Premium Kolor Olahraga Kolor Sehari hari,221866633824,"Navy,XL",,
238,22915043294,Best Seller Kemeja Flanel Kasual Bahan Adem Unisex Outfit Kampus Kemeja Flanel Pria Tangan Panjang,165422966724,"1,XL",,
239,22915043294,Best Seller Kemeja Flanel Kasual Bahan Adem Unisex Outfit Kampus Kemeja Flanel Pria Tangan Panjang,183742453815,"7,XL",,
240,22915043294,Best Seller Kemeja Flanel Kasual Bahan Adem Unisex Outfit Kampus Kemeja Flanel Pria Tangan Panjang,183742453818,"8,XL",,
241,22915043294,Best Seller Kemeja Flanel Kasual Bahan Adem Unisex Outfit Kampus Kemeja Flanel Pria Tangan Panjang,165422966725,"2,L",,
242,22915043294,Best Seller Kemeja Flanel Kasual Bahan Adem Unisex Outfit Kampus Kemeja Flanel Pria Tangan Panjang,183742453814,"6,L",,
243,22915043294,Best Seller Kemeja Flanel Kasual Bahan Adem Unisex Outfit Kampus Kemeja Flanel Pria Tangan Panjang,165422966726,"2,XL",,
244,22915043294,Best Seller Kemeja Flanel Kasual Bahan Adem Unisex Outfit Kampus Kemeja Flanel Pria Tangan Panjang,165422966722,"4,XL",,
245,22915043294,Best Seller Kemeja Flanel Kasual Bahan Adem Unisex Outfit Kampus Kemeja Flanel Pria Tangan Panjang,165422966720,"3,XL",,
246,22915043294,Best Seller Kemeja Flanel Kasual Bahan Adem Unisex Outfit Kampus Kemeja Flanel Pria Tangan Panjang,165422966723,"5,L",,
247,22915043294,Best Seller Kemeja Flanel Kasual Bahan Adem Unisex Outfit Kampus Kemeja Flanel Pria Tangan Panjang,183742453812,"6,XL",,
248,22915043294,Best Seller Kemeja Flanel Kasual Bahan Adem Unisex Outfit Kampus Kemeja Flanel Pria Tangan Panjang,183742453817,"10,XL",,
249,22915043294,Best Seller Kemeja Flanel Kasual Bahan Adem Unisex Outfit Kampus Kemeja Flanel Pria Tangan Panjang,165422966719,"3,L",,
250,22915043294,Best Seller Kemeja Flanel Kasual Bahan Adem Unisex Outfit Kampus Kemeja Flanel Pria Tangan Panjang,183742453816,"9,XL",,
251,22915043294,Best Seller Kemeja Flanel Kasual Bahan Adem Unisex Outfit Kampus Kemeja Flanel Pria Tangan Panjang,183742453813,"9,L",,
252,22915043294,Best Seller Kemeja Flanel Kasual Bahan Adem Unisex Outfit Kampus Kemeja Flanel Pria Tangan Panjang,183742453811,"10,L",,
253,22915043294,Best Seller Kemeja Flanel Kasual Bahan Adem Unisex Outfit Kampus Kemeja Flanel Pria Tangan Panjang,183742453809,"7,L",,
254,22915043294,Best Seller Kemeja Flanel Kasual Bahan Adem Unisex Outfit Kampus Kemeja Flanel Pria Tangan Panjang,165422966718,"1,L",,
255,22915043294,Best Seller Kemeja Flanel Kasual Bahan Adem Unisex Outfit Kampus Kemeja Flanel Pria Tangan Panjang,165422966727,"5,XL",,
256,22915043294,Best Seller Kemeja Flanel Kasual Bahan Adem Unisex Outfit Kampus Kemeja Flanel Pria Tangan Panjang,183742453810,"8,L",,
257,22915043294,Best Seller Kemeja Flanel Kasual Bahan Adem Unisex Outfit Kampus Kemeja Flanel Pria Tangan Panjang,165422966721,"4,L",,
328,22656255576,Tuksedo 3 In 1 Set Jas Pria Tuxedo Pria Setelan Jas Pria Formal,49354245409,"Navy,XXL",,
329,22656255576,Tuksedo 3 In 1 Set Jas Pria Tuxedo Pria Setelan Jas Pria Formal,49354245418,"Burgundy,XS",,
330,22656255576,Tuksedo 3 In 1 Set Jas Pria Tuxedo Pria Setelan Jas Pria Formal,39704206901,"Putih,M",,
331,22656255576,Tuksedo 3 In 1 Set Jas Pria Tuxedo Pria Setelan Jas Pria Formal,39704206910,"Merah Cabe,L",,
332,22656255576,Tuksedo 3 In 1 Set Jas Pria Tuxedo Pria Setelan Jas Pria Formal,39704206916,"Sky Blue,S",,
333,22656255576,Tuksedo 3 In 1 Set Jas Pria Tuxedo Pria Setelan Jas Pria Formal,39704206918,"Hitam,XL",,
334,22656255576,Tuksedo 3 In 1 Set Jas Pria Tuxedo Pria Setelan Jas Pria Formal,39704206903,"Merah Cabe,S",,
335,22656255576,Tuksedo 3 In 1 Set Jas Pria Tuxedo Pria Setelan Jas Pria Formal,49354245401,"Putih,L",,
336,22656255576,Tuksedo 3 In 1 Set Jas Pria Tuxedo Pria Setelan Jas Pria Formal,49354245410,"Burgundy,XXL",,
337,22656255576,Tuksedo 3 In 1 Set Jas Pria Tuxedo Pria Setelan Jas Pria Formal,39354507424,"Navy,XXXL",,
338,22656255576,Tuksedo 3 In 1 Set Jas Pria Tuxedo Pria Setelan Jas Pria Formal,39704206908,"Sky Blue,XL",,
339,22656255576,Tuksedo 3 In 1 Set Jas Pria Tuxedo Pria Setelan Jas Pria Formal,39704206914,"Burgundy,XL",,
340,22656255576,Tuksedo 3 In 1 Set Jas Pria Tuxedo Pria Setelan Jas Pria Formal,39704206911,"Burgundy,M",,
341,22656255576,Tuksedo 3 In 1 Set Jas Pria Tuxedo Pria Setelan Jas Pria Formal,49354245406,"Merah Cabe,M",,
342,22656255576,Tuksedo 3 In 1 Set Jas Pria Tuxedo Pria Setelan Jas Pria Formal,39704206906,"Abu,XL",,
343,22656255576,Tuksedo 3 In 1 Set Jas Pria Tuxedo Pria Setelan Jas Pria Formal,39354507423,"Navy,XL",,
344,22656255576,Tuksedo 3 In 1 Set Jas Pria Tuxedo Pria Setelan Jas Pria Formal,39354507422,"Hitam,XS",,
345,22656255576,Tuksedo 3 In 1 Set Jas Pria Tuxedo Pria Setelan Jas Pria Formal,49354245412,"Merah Cabe,XXL",,
346,22656255576,Tuksedo 3 In 1 Set Jas Pria Tuxedo Pria Setelan Jas Pria Formal,39704206921,"Sky Blue,M",,
347,22656255576,Tuksedo 3 In 1 Set Jas Pria Tuxedo Pria Setelan Jas Pria Formal,49354245403,"Abu,XS",,
348,22656255576,Tuksedo 3 In 1 Set Jas Pria Tuxedo Pria Setelan Jas Pria Formal,39704206907,"Putih,XL",,
349,22656255576,Tuksedo 3 In 1 Set Jas Pria Tuxedo Pria Setelan Jas Pria Formal,39704206919,"Abu,M",,
350,22656255576,Tuksedo 3 In 1 Set Jas Pria Tuxedo Pria Setelan Jas Pria Formal,49354245415,"Putih,XS",,
351,22656255576,Tuksedo 3 In 1 Set Jas Pria Tuxedo Pria Setelan Jas Pria Formal,39704206924,"Putih,XXL",,
352,22656255576,Tuksedo 3 In 1 Set Jas Pria Tuxedo Pria Setelan Jas Pria Formal,49354245400,"Navy,L",,
353,22656255576,Tuksedo 3 In 1 Set Jas Pria Tuxedo Pria Setelan Jas Pria Formal,39704206922,"Hitam,L",,
354,22656255576,Tuksedo 3 In 1 Set Jas Pria Tuxedo Pria Setelan Jas Pria Formal,49354245419,"Putih,XXXL",,
355,22656255576,Tuksedo 3 In 1 Set Jas Pria Tuxedo Pria Setelan Jas Pria Formal,49354245417,"Burgundy,S",,
356,22656255576,Tuksedo 3 In 1 Set Jas Pria Tuxedo Pria Setelan Jas Pria Formal,39704206902,"Sky Blue,L",,
357,22656255576,Tuksedo 3 In 1 Set Jas Pria Tuxedo Pria Setelan Jas Pria Formal,49354245414,"Abu,XXXL",,
358,22656255576,Tuksedo 3 In 1 Set Jas Pria Tuxedo Pria Setelan Jas Pria Formal,39704206920,"Abu,XXL",,
359,22656255576,Tuksedo 3 In 1 Set Jas Pria Tuxedo Pria Setelan Jas Pria Formal,39704206913,"Abu,S",,
360,22656255576,Tuksedo 3 In 1 Set Jas Pria Tuxedo Pria Setelan Jas Pria Formal,39704206925,"Merah Cabe,XS",,
361,22656255576,Tuksedo 3 In 1 Set Jas Pria Tuxedo Pria Setelan Jas Pria Formal,39704206923,"Navy,S",,
362,22656255576,Tuksedo 3 In 1 Set Jas Pria Tuxedo Pria Setelan Jas Pria Formal,39704206912,"Navy,M",,
363,22656255576,Tuksedo 3 In 1 Set Jas Pria Tuxedo Pria Setelan Jas Pria Formal,39704206909,"Sky Blue,XXL",,
364,22656255576,Tuksedo 3 In 1 Set Jas Pria Tuxedo Pria Setelan Jas Pria Formal,39704206917,"Hitam,S",,
365,22656255576,Tuksedo 3 In 1 Set Jas Pria Tuxedo Pria Setelan Jas Pria Formal,49354245411,"Burgundy,XXXL",,
366,22656255576,Tuksedo 3 In 1 Set Jas Pria Tuxedo Pria Setelan Jas Pria Formal,39704206915,"Abu,L",,
367,22656255576,Tuksedo 3 In 1 Set Jas Pria Tuxedo Pria Setelan Jas Pria Formal,49354245407,"Burgundy,L",,
368,22656255576,Tuksedo 3 In 1 Set Jas Pria Tuxedo Pria Setelan Jas Pria Formal,49354245416,"Merah Cabe,XL",,
369,22656255576,Tuksedo 3 In 1 Set Jas Pria Tuxedo Pria Setelan Jas Pria Formal,49354245404,"Putih,S",,
370,22656255576,Tuksedo 3 In 1 Set Jas Pria Tuxedo Pria Setelan Jas Pria Formal,49354245402,"Navy,XS",,
371,22656255576,Tuksedo 3 In 1 Set Jas Pria Tuxedo Pria Setelan Jas Pria Formal,39704206905,"Hitam,XXL",,
372,22656255576,Tuksedo 3 In 1 Set Jas Pria Tuxedo Pria Setelan Jas Pria Formal,49354245413,"Merah Cabe,XXXL",,
373,22656255576,Tuksedo 3 In 1 Set Jas Pria Tuxedo Pria Setelan Jas Pria Formal,49354245405,"Sky Blue,XXXL",,
374,22656255576,Tuksedo 3 In 1 Set Jas Pria Tuxedo Pria Setelan Jas Pria Formal,39704206904,"Hitam,M",,
375,22656255576,Tuksedo 3 In 1 Set Jas Pria Tuxedo Pria Setelan Jas Pria Formal,49354245420,"Sky Blue,XS",,
376,22656255576,Tuksedo 3 In 1 Set Jas Pria Tuxedo Pria Setelan Jas Pria Formal,49354245408,"Hitam,XXXL",,
377,22375612618,Paket 2 IN 1 Blazer Wanita Dan Celana Kantor Formal Dengan Bahan dan Kualitas Premium Pakaian Kantor Pakaian Wisuda Pakaian Sidang Skripsi,108970080410,"Baby Pink,XXXL",,
378,22375612618,Paket 2 IN 1 Blazer Wanita Dan Celana Kantor Formal Dengan Bahan dan Kualitas Premium Pakaian Kantor Pakaian Wisuda Pakaian Sidang Skripsi,108970080382,"Abu,S",,
379,22375612618,Paket 2 IN 1 Blazer Wanita Dan Celana Kantor Formal Dengan Bahan dan Kualitas Premium Pakaian Kantor Pakaian Wisuda Pakaian Sidang Skripsi,108970080391,"Abu,XL",,
380,22375612618,Paket 2 IN 1 Blazer Wanita Dan Celana Kantor Formal Dengan Bahan dan Kualitas Premium Pakaian Kantor Pakaian Wisuda Pakaian Sidang Skripsi,275879330581,"Baby Pink,XS",,
381,22375612618,Paket 2 IN 1 Blazer Wanita Dan Celana Kantor Formal Dengan Bahan dan Kualitas Premium Pakaian Kantor Pakaian Wisuda Pakaian Sidang Skripsi,108970080377,"Hitam,M",,
382,22375612618,Paket 2 IN 1 Blazer Wanita Dan Celana Kantor Formal Dengan Bahan dan Kualitas Premium Pakaian Kantor Pakaian Wisuda Pakaian Sidang Skripsi,108970080415,"Abu,XXXL",,
383,22375612618,Paket 2 IN 1 Blazer Wanita Dan Celana Kantor Formal Dengan Bahan dan Kualitas Premium Pakaian Kantor Pakaian Wisuda Pakaian Sidang Skripsi,108970080385,"Baby Pink,S",,
384,22375612618,Paket 2 IN 1 Blazer Wanita Dan Celana Kantor Formal Dengan Bahan dan Kualitas Premium Pakaian Kantor Pakaian Wisuda Pakaian Sidang Skripsi,108970080403,"Hitam,S",,
385,22375612618,Paket 2 IN 1 Blazer Wanita Dan Celana Kantor Formal Dengan Bahan dan Kualitas Premium Pakaian Kantor Pakaian Wisuda Pakaian Sidang Skripsi,247102690761,"Burgundy,L",,
386,22375612618,Paket 2 IN 1 Blazer Wanita Dan Celana Kantor Formal Dengan Bahan dan Kualitas Premium Pakaian Kantor Pakaian Wisuda Pakaian Sidang Skripsi,208752945761,"Cream,XXL",,
387,22375612618,Paket 2 IN 1 Blazer Wanita Dan Celana Kantor Formal Dengan Bahan dan Kualitas Premium Pakaian Kantor Pakaian Wisuda Pakaian Sidang Skripsi,108970080387,"Marun,S",,
388,22375612618,Paket 2 IN 1 Blazer Wanita Dan Celana Kantor Formal Dengan Bahan dan Kualitas Premium Pakaian Kantor Pakaian Wisuda Pakaian Sidang Skripsi,108970080414,"Putih,XXXL",,
389,22375612618,Paket 2 IN 1 Blazer Wanita Dan Celana Kantor Formal Dengan Bahan dan Kualitas Premium Pakaian Kantor Pakaian Wisuda Pakaian Sidang Skripsi,247102690759,"Burgundy,S",,
390,22375612618,Paket 2 IN 1 Blazer Wanita Dan Celana Kantor Formal Dengan Bahan dan Kualitas Premium Pakaian Kantor Pakaian Wisuda Pakaian Sidang Skripsi,208752945758,"Cream,M",,
391,22375612618,Paket 2 IN 1 Blazer Wanita Dan Celana Kantor Formal Dengan Bahan dan Kualitas Premium Pakaian Kantor Pakaian Wisuda Pakaian Sidang Skripsi,275879330586,"Marun,XS",,
392,22375612618,Paket 2 IN 1 Blazer Wanita Dan Celana Kantor Formal Dengan Bahan dan Kualitas Premium Pakaian Kantor Pakaian Wisuda Pakaian Sidang Skripsi,208752945756,"Cream,XS",,
393,22375612618,Paket 2 IN 1 Blazer Wanita Dan Celana Kantor Formal Dengan Bahan dan Kualitas Premium Pakaian Kantor Pakaian Wisuda Pakaian Sidang Skripsi,108970080390,"Abu,M",,
394,22375612618,Paket 2 IN 1 Blazer Wanita Dan Celana Kantor Formal Dengan Bahan dan Kualitas Premium Pakaian Kantor Pakaian Wisuda Pakaian Sidang Skripsi,108970080406,"Hitam,XXXL",,
395,22375612618,Paket 2 IN 1 Blazer Wanita Dan Celana Kantor Formal Dengan Bahan dan Kualitas Premium Pakaian Kantor Pakaian Wisuda Pakaian Sidang Skripsi,108970080370,"Putih,M",,
396,22375612618,Paket 2 IN 1 Blazer Wanita Dan Celana Kantor Formal Dengan Bahan dan Kualitas Premium Pakaian Kantor Pakaian Wisuda Pakaian Sidang Skripsi,108970080378,"Putih,S",,
397,22375612618,Paket 2 IN 1 Blazer Wanita Dan Celana Kantor Formal Dengan Bahan dan Kualitas Premium Pakaian Kantor Pakaian Wisuda Pakaian Sidang Skripsi,108970080381,"Biru langit,L",,
398,22375612618,Paket 2 IN 1 Blazer Wanita Dan Celana Kantor Formal Dengan Bahan dan Kualitas Premium Pakaian Kantor Pakaian Wisuda Pakaian Sidang Skripsi,108970080399,"Navy,L",,
399,22375612618,Paket 2 IN 1 Blazer Wanita Dan Celana Kantor Formal Dengan Bahan dan Kualitas Premium Pakaian Kantor Pakaian Wisuda Pakaian Sidang Skripsi,208752945762,"Cream,XXXL",,
400,22375612618,Paket 2 IN 1 Blazer Wanita Dan Celana Kantor Formal Dengan Bahan dan Kualitas Premium Pakaian Kantor Pakaian Wisuda Pakaian Sidang Skripsi,108970080413,"Marun,XXL",,
401,22375612618,Paket 2 IN 1 Blazer Wanita Dan Celana Kantor Formal Dengan Bahan dan Kualitas Premium Pakaian Kantor Pakaian Wisuda Pakaian Sidang Skripsi,108970080373,"Marun,L",,
402,22375612618,Paket 2 IN 1 Blazer Wanita Dan Celana Kantor Formal Dengan Bahan dan Kualitas Premium Pakaian Kantor Pakaian Wisuda Pakaian Sidang Skripsi,108970080397,"Biru langit,XXL",,
403,22375612618,Paket 2 IN 1 Blazer Wanita Dan Celana Kantor Formal Dengan Bahan dan Kualitas Premium Pakaian Kantor Pakaian Wisuda Pakaian Sidang Skripsi,275879330587,"Burgundy,XS",,
404,22375612618,Paket 2 IN 1 Blazer Wanita Dan Celana Kantor Formal Dengan Bahan dan Kualitas Premium Pakaian Kantor Pakaian Wisuda Pakaian Sidang Skripsi,275879330584,"Navy,XS",,
405,22375612618,Paket 2 IN 1 Blazer Wanita Dan Celana Kantor Formal Dengan Bahan dan Kualitas Premium Pakaian Kantor Pakaian Wisuda Pakaian Sidang Skripsi,108970080383,"Merah Cabe,S",,
406,22375612618,Paket 2 IN 1 Blazer Wanita Dan Celana Kantor Formal Dengan Bahan dan Kualitas Premium Pakaian Kantor Pakaian Wisuda Pakaian Sidang Skripsi,108970080409,"Baby Pink,L",,
407,22375612618,Paket 2 IN 1 Blazer Wanita Dan Celana Kantor Formal Dengan Bahan dan Kualitas Premium Pakaian Kantor Pakaian Wisuda Pakaian Sidang Skripsi,108970080394,"Baby Pink,XL",,
408,22375612618,Paket 2 IN 1 Blazer Wanita Dan Celana Kantor Formal Dengan Bahan dan Kualitas Premium Pakaian Kantor Pakaian Wisuda Pakaian Sidang Skripsi,208752945760,"Cream,XL",,
409,22375612618,Paket 2 IN 1 Blazer Wanita Dan Celana Kantor Formal Dengan Bahan dan Kualitas Premium Pakaian Kantor Pakaian Wisuda Pakaian Sidang Skripsi,108970080392,"Putih,L",,
410,22375612618,Paket 2 IN 1 Blazer Wanita Dan Celana Kantor Formal Dengan Bahan dan Kualitas Premium Pakaian Kantor Pakaian Wisuda Pakaian Sidang Skripsi,108970080408,"Biru langit,XXXL",,
411,22375612618,Paket 2 IN 1 Blazer Wanita Dan Celana Kantor Formal Dengan Bahan dan Kualitas Premium Pakaian Kantor Pakaian Wisuda Pakaian Sidang Skripsi,108970080371,"Biru langit,XL",,
412,22375612618,Paket 2 IN 1 Blazer Wanita Dan Celana Kantor Formal Dengan Bahan dan Kualitas Premium Pakaian Kantor Pakaian Wisuda Pakaian Sidang Skripsi,275879330579,"Hitam,XS",,
413,22375612618,Paket 2 IN 1 Blazer Wanita Dan Celana Kantor Formal Dengan Bahan dan Kualitas Premium Pakaian Kantor Pakaian Wisuda Pakaian Sidang Skripsi,108970080396,"Biru langit,M",,
414,22375612618,Paket 2 IN 1 Blazer Wanita Dan Celana Kantor Formal Dengan Bahan dan Kualitas Premium Pakaian Kantor Pakaian Wisuda Pakaian Sidang Skripsi,208752945759,"Cream,L",,
415,22375612618,Paket 2 IN 1 Blazer Wanita Dan Celana Kantor Formal Dengan Bahan dan Kualitas Premium Pakaian Kantor Pakaian Wisuda Pakaian Sidang Skripsi,275879330585,"Merah Cabe,XS",,
416,22375612618,Paket 2 IN 1 Blazer Wanita Dan Celana Kantor Formal Dengan Bahan dan Kualitas Premium Pakaian Kantor Pakaian Wisuda Pakaian Sidang Skripsi,108970080400,"Navy,XXL",,
417,22375612618,Paket 2 IN 1 Blazer Wanita Dan Celana Kantor Formal Dengan Bahan dan Kualitas Premium Pakaian Kantor Pakaian Wisuda Pakaian Sidang Skripsi,108970080405,"Hitam,XXL",,
418,22375612618,Paket 2 IN 1 Blazer Wanita Dan Celana Kantor Formal Dengan Bahan dan Kualitas Premium Pakaian Kantor Pakaian Wisuda Pakaian Sidang Skripsi,108970080379,"Putih,XL",,
419,22375612618,Paket 2 IN 1 Blazer Wanita Dan Celana Kantor Formal Dengan Bahan dan Kualitas Premium Pakaian Kantor Pakaian Wisuda Pakaian Sidang Skripsi,108970080374,"Marun,XL",,
420,22375612618,Paket 2 IN 1 Blazer Wanita Dan Celana Kantor Formal Dengan Bahan dan Kualitas Premium Pakaian Kantor Pakaian Wisuda Pakaian Sidang Skripsi,108970080375,"Abu,L",,
421,22375612618,Paket 2 IN 1 Blazer Wanita Dan Celana Kantor Formal Dengan Bahan dan Kualitas Premium Pakaian Kantor Pakaian Wisuda Pakaian Sidang Skripsi,108970080416,"Merah Cabe,M",,
422,22375612618,Paket 2 IN 1 Blazer Wanita Dan Celana Kantor Formal Dengan Bahan dan Kualitas Premium Pakaian Kantor Pakaian Wisuda Pakaian Sidang Skripsi,108970080393,"Putih,XXL",,
423,22375612618,Paket 2 IN 1 Blazer Wanita Dan Celana Kantor Formal Dengan Bahan dan Kualitas Premium Pakaian Kantor Pakaian Wisuda Pakaian Sidang Skripsi,108970080402,"Marun,M",,
424,22375612618,Paket 2 IN 1 Blazer Wanita Dan Celana Kantor Formal Dengan Bahan dan Kualitas Premium Pakaian Kantor Pakaian Wisuda Pakaian Sidang Skripsi,108970080398,"Navy,S",,
425,22375612618,Paket 2 IN 1 Blazer Wanita Dan Celana Kantor Formal Dengan Bahan dan Kualitas Premium Pakaian Kantor Pakaian Wisuda Pakaian Sidang Skripsi,108970080380,"Baby Pink,M",,
426,22375612618,Paket 2 IN 1 Blazer Wanita Dan Celana Kantor Formal Dengan Bahan dan Kualitas Premium Pakaian Kantor Pakaian Wisuda Pakaian Sidang Skripsi,108970080407,"Biru langit,S",,
427,22375612618,Paket 2 IN 1 Blazer Wanita Dan Celana Kantor Formal Dengan Bahan dan Kualitas Premium Pakaian Kantor Pakaian Wisuda Pakaian Sidang Skripsi,108970080376,"Navy,XL",,
428,22375612618,Paket 2 IN 1 Blazer Wanita Dan Celana Kantor Formal Dengan Bahan dan Kualitas Premium Pakaian Kantor Pakaian Wisuda Pakaian Sidang Skripsi,108970080389,"Hitam,L",,
429,22375612618,Paket 2 IN 1 Blazer Wanita Dan Celana Kantor Formal Dengan Bahan dan Kualitas Premium Pakaian Kantor Pakaian Wisuda Pakaian Sidang Skripsi,247102690762,"Burgundy,XL",,
430,22375612618,Paket 2 IN 1 Blazer Wanita Dan Celana Kantor Formal Dengan Bahan dan Kualitas Premium Pakaian Kantor Pakaian Wisuda Pakaian Sidang Skripsi,275879330580,"Putih,XS",,
431,22375612618,Paket 2 IN 1 Blazer Wanita Dan Celana Kantor Formal Dengan Bahan dan Kualitas Premium Pakaian Kantor Pakaian Wisuda Pakaian Sidang Skripsi,108970080401,"Merah Cabe,XL",,
432,22375612618,Paket 2 IN 1 Blazer Wanita Dan Celana Kantor Formal Dengan Bahan dan Kualitas Premium Pakaian Kantor Pakaian Wisuda Pakaian Sidang Skripsi,108970080372,"Navy,M",,
433,22375612618,Paket 2 IN 1 Blazer Wanita Dan Celana Kantor Formal Dengan Bahan dan Kualitas Premium Pakaian Kantor Pakaian Wisuda Pakaian Sidang Skripsi,247102690904,"Burgundy,XXXL",,
434,22375612618,Paket 2 IN 1 Blazer Wanita Dan Celana Kantor Formal Dengan Bahan dan Kualitas Premium Pakaian Kantor Pakaian Wisuda Pakaian Sidang Skripsi,208752945757,"Cream,S",,
435,22375612618,Paket 2 IN 1 Blazer Wanita Dan Celana Kantor Formal Dengan Bahan dan Kualitas Premium Pakaian Kantor Pakaian Wisuda Pakaian Sidang Skripsi,108970080384,"Merah Cabe,XXXL",,
436,22375612618,Paket 2 IN 1 Blazer Wanita Dan Celana Kantor Formal Dengan Bahan dan Kualitas Premium Pakaian Kantor Pakaian Wisuda Pakaian Sidang Skripsi,108970080388,"Marun,XXXL",,
437,22375612618,Paket 2 IN 1 Blazer Wanita Dan Celana Kantor Formal Dengan Bahan dan Kualitas Premium Pakaian Kantor Pakaian Wisuda Pakaian Sidang Skripsi,108970080404,"Hitam,XL",,
438,22375612618,Paket 2 IN 1 Blazer Wanita Dan Celana Kantor Formal Dengan Bahan dan Kualitas Premium Pakaian Kantor Pakaian Wisuda Pakaian Sidang Skripsi,108970080386,"Merah Cabe,XXL",,
439,22375612618,Paket 2 IN 1 Blazer Wanita Dan Celana Kantor Formal Dengan Bahan dan Kualitas Premium Pakaian Kantor Pakaian Wisuda Pakaian Sidang Skripsi,247102690763,"Burgundy,XXL",,
440,22375612618,Paket 2 IN 1 Blazer Wanita Dan Celana Kantor Formal Dengan Bahan dan Kualitas Premium Pakaian Kantor Pakaian Wisuda Pakaian Sidang Skripsi,108970080395,"Baby Pink,XXL",,
441,22375612618,Paket 2 IN 1 Blazer Wanita Dan Celana Kantor Formal Dengan Bahan dan Kualitas Premium Pakaian Kantor Pakaian Wisuda Pakaian Sidang Skripsi,247102690760,"Burgundy,M",,
442,22375612618,Paket 2 IN 1 Blazer Wanita Dan Celana Kantor Formal Dengan Bahan dan Kualitas Premium Pakaian Kantor Pakaian Wisuda Pakaian Sidang Skripsi,108970080411,"Abu,XXL",,
443,22375612618,Paket 2 IN 1 Blazer Wanita Dan Celana Kantor Formal Dengan Bahan dan Kualitas Premium Pakaian Kantor Pakaian Wisuda Pakaian Sidang Skripsi,108970080417,"Merah Cabe,L",,
444,22375612618,Paket 2 IN 1 Blazer Wanita Dan Celana Kantor Formal Dengan Bahan dan Kualitas Premium Pakaian Kantor Pakaian Wisuda Pakaian Sidang Skripsi,275879330582,"Biru langit,XS",,
445,22375612618,Paket 2 IN 1 Blazer Wanita Dan Celana Kantor Formal Dengan Bahan dan Kualitas Premium Pakaian Kantor Pakaian Wisuda Pakaian Sidang Skripsi,275879330583,"Abu,XS",,
446,22375612618,Paket 2 IN 1 Blazer Wanita Dan Celana Kantor Formal Dengan Bahan dan Kualitas Premium Pakaian Kantor Pakaian Wisuda Pakaian Sidang Skripsi,108970080412,"Navy,XXXL",,
447,22226266149,Best Seller 2 In 1 Berisi Jas dan Celana Bahan Tuxedo Style Korea Pakaian Nikah Pria Jas Wisuda Laki Laki Pakaian Sidang Skripsi Pakaian Meeting,221026422097,"Navy,XXL",,
448,22226266149,Best Seller 2 In 1 Berisi Jas dan Celana Bahan Tuxedo Style Korea Pakaian Nikah Pria Jas Wisuda Laki Laki Pakaian Sidang Skripsi Pakaian Meeting,214282765288,"Marun Tua,XXXL",,
449,22226266149,Best Seller 2 In 1 Berisi Jas dan Celana Bahan Tuxedo Style Korea Pakaian Nikah Pria Jas Wisuda Laki Laki Pakaian Sidang Skripsi Pakaian Meeting,221026422105,"Navy,XXXL",,
450,22226266149,Best Seller 2 In 1 Berisi Jas dan Celana Bahan Tuxedo Style Korea Pakaian Nikah Pria Jas Wisuda Laki Laki Pakaian Sidang Skripsi Pakaian Meeting,221026422081,"Navy,XL",,
451,22226266149,Best Seller 2 In 1 Berisi Jas dan Celana Bahan Tuxedo Style Korea Pakaian Nikah Pria Jas Wisuda Laki Laki Pakaian Sidang Skripsi Pakaian Meeting,242557513803,"Biru Langit,XS",,
452,22226266149,Best Seller 2 In 1 Berisi Jas dan Celana Bahan Tuxedo Style Korea Pakaian Nikah Pria Jas Wisuda Laki Laki Pakaian Sidang Skripsi Pakaian Meeting,221026422102,"Biru Langit,XXXL",,
453,22226266149,Best Seller 2 In 1 Berisi Jas dan Celana Bahan Tuxedo Style Korea Pakaian Nikah Pria Jas Wisuda Laki Laki Pakaian Sidang Skripsi Pakaian Meeting,204366306511,"Putih,XXXL",,
454,22226266149,Best Seller 2 In 1 Berisi Jas dan Celana Bahan Tuxedo Style Korea Pakaian Nikah Pria Jas Wisuda Laki Laki Pakaian Sidang Skripsi Pakaian Meeting,221026422106,"Marun,S",,
455,22226266149,Best Seller 2 In 1 Berisi Jas dan Celana Bahan Tuxedo Style Korea Pakaian Nikah Pria Jas Wisuda Laki Laki Pakaian Sidang Skripsi Pakaian Meeting,221026422093,"Hitam,M",,
456,22226266149,Best Seller 2 In 1 Berisi Jas dan Celana Bahan Tuxedo Style Korea Pakaian Nikah Pria Jas Wisuda Laki Laki Pakaian Sidang Skripsi Pakaian Meeting,204366306510,"Putih,XL",,
457,22226266149,Best Seller 2 In 1 Berisi Jas dan Celana Bahan Tuxedo Style Korea Pakaian Nikah Pria Jas Wisuda Laki Laki Pakaian Sidang Skripsi Pakaian Meeting,204366306512,"Merah Cabe,M",,
458,22226266149,Best Seller 2 In 1 Berisi Jas dan Celana Bahan Tuxedo Style Korea Pakaian Nikah Pria Jas Wisuda Laki Laki Pakaian Sidang Skripsi Pakaian Meeting,242557513800,"Marun,XS",,
459,22226266149,Best Seller 2 In 1 Berisi Jas dan Celana Bahan Tuxedo Style Korea Pakaian Nikah Pria Jas Wisuda Laki Laki Pakaian Sidang Skripsi Pakaian Meeting,221026422100,"Biru Langit,S",,
460,22226266149,Best Seller 2 In 1 Berisi Jas dan Celana Bahan Tuxedo Style Korea Pakaian Nikah Pria Jas Wisuda Laki Laki Pakaian Sidang Skripsi Pakaian Meeting,221026422087,"Abu,XXL",,
461,22226266149,Best Seller 2 In 1 Berisi Jas dan Celana Bahan Tuxedo Style Korea Pakaian Nikah Pria Jas Wisuda Laki Laki Pakaian Sidang Skripsi Pakaian Meeting,214282765291,"Marun Tua,M",,
462,22226266149,Best Seller 2 In 1 Berisi Jas dan Celana Bahan Tuxedo Style Korea Pakaian Nikah Pria Jas Wisuda Laki Laki Pakaian Sidang Skripsi Pakaian Meeting,204366306514,"Putih,L",,
463,22226266149,Best Seller 2 In 1 Berisi Jas dan Celana Bahan Tuxedo Style Korea Pakaian Nikah Pria Jas Wisuda Laki Laki Pakaian Sidang Skripsi Pakaian Meeting,221026422107,"Marun,M",,
464,22226266149,Best Seller 2 In 1 Berisi Jas dan Celana Bahan Tuxedo Style Korea Pakaian Nikah Pria Jas Wisuda Laki Laki Pakaian Sidang Skripsi Pakaian Meeting,204366306516,"Merah Cabe,XL",,
465,22226266149,Best Seller 2 In 1 Berisi Jas dan Celana Bahan Tuxedo Style Korea Pakaian Nikah Pria Jas Wisuda Laki Laki Pakaian Sidang Skripsi Pakaian Meeting,221026422086,"Marun,XXL",,
466,22226266149,Best Seller 2 In 1 Berisi Jas dan Celana Bahan Tuxedo Style Korea Pakaian Nikah Pria Jas Wisuda Laki Laki Pakaian Sidang Skripsi Pakaian Meeting,221026422103,"Hitam,S",,
467,22226266149,Best Seller 2 In 1 Berisi Jas dan Celana Bahan Tuxedo Style Korea Pakaian Nikah Pria Jas Wisuda Laki Laki Pakaian Sidang Skripsi Pakaian Meeting,242557513802,"Abu,XS",,
468,22226266149,Best Seller 2 In 1 Berisi Jas dan Celana Bahan Tuxedo Style Korea Pakaian Nikah Pria Jas Wisuda Laki Laki Pakaian Sidang Skripsi Pakaian Meeting,221026422091,"Biru Langit,XXL",,
469,22226266149,Best Seller 2 In 1 Berisi Jas dan Celana Bahan Tuxedo Style Korea Pakaian Nikah Pria Jas Wisuda Laki Laki Pakaian Sidang Skripsi Pakaian Meeting,221026422085,"Navy,S",,
470,22226266149,Best Seller 2 In 1 Berisi Jas dan Celana Bahan Tuxedo Style Korea Pakaian Nikah Pria Jas Wisuda Laki Laki Pakaian Sidang Skripsi Pakaian Meeting,221026422083,"Biru Langit,L",,
471,22226266149,Best Seller 2 In 1 Berisi Jas dan Celana Bahan Tuxedo Style Korea Pakaian Nikah Pria Jas Wisuda Laki Laki Pakaian Sidang Skripsi Pakaian Meeting,221026422104,"Hitam,L",,
472,22226266149,Best Seller 2 In 1 Berisi Jas dan Celana Bahan Tuxedo Style Korea Pakaian Nikah Pria Jas Wisuda Laki Laki Pakaian Sidang Skripsi Pakaian Meeting,221026422088,"Abu,XXXL",,
473,22226266149,Best Seller 2 In 1 Berisi Jas dan Celana Bahan Tuxedo Style Korea Pakaian Nikah Pria Jas Wisuda Laki Laki Pakaian Sidang Skripsi Pakaian Meeting,204366306519,"Merah Cabe,XXXL",,
474,22226266149,Best Seller 2 In 1 Berisi Jas dan Celana Bahan Tuxedo Style Korea Pakaian Nikah Pria Jas Wisuda Laki Laki Pakaian Sidang Skripsi Pakaian Meeting,221026422090,"Navy,M",,
475,22226266149,Best Seller 2 In 1 Berisi Jas dan Celana Bahan Tuxedo Style Korea Pakaian Nikah Pria Jas Wisuda Laki Laki Pakaian Sidang Skripsi Pakaian Meeting,214282765293,"Marun Tua,XL",,
476,22226266149,Best Seller 2 In 1 Berisi Jas dan Celana Bahan Tuxedo Style Korea Pakaian Nikah Pria Jas Wisuda Laki Laki Pakaian Sidang Skripsi Pakaian Meeting,221026422099,"Abu,XL",,
477,22226266149,Best Seller 2 In 1 Berisi Jas dan Celana Bahan Tuxedo Style Korea Pakaian Nikah Pria Jas Wisuda Laki Laki Pakaian Sidang Skripsi Pakaian Meeting,221026422095,"Hitam,XXL",,
478,22226266149,Best Seller 2 In 1 Berisi Jas dan Celana Bahan Tuxedo Style Korea Pakaian Nikah Pria Jas Wisuda Laki Laki Pakaian Sidang Skripsi Pakaian Meeting,221026422101,"Biru Langit,M",,
479,22226266149,Best Seller 2 In 1 Berisi Jas dan Celana Bahan Tuxedo Style Korea Pakaian Nikah Pria Jas Wisuda Laki Laki Pakaian Sidang Skripsi Pakaian Meeting,221026422089,"Marun,XXXL",,
480,22226266149,Best Seller 2 In 1 Berisi Jas dan Celana Bahan Tuxedo Style Korea Pakaian Nikah Pria Jas Wisuda Laki Laki Pakaian Sidang Skripsi Pakaian Meeting,214282765289,"Marun Tua,S",,
481,22226266149,Best Seller 2 In 1 Berisi Jas dan Celana Bahan Tuxedo Style Korea Pakaian Nikah Pria Jas Wisuda Laki Laki Pakaian Sidang Skripsi Pakaian Meeting,204366306513,"Merah Cabe,L",,
482,22226266149,Best Seller 2 In 1 Berisi Jas dan Celana Bahan Tuxedo Style Korea Pakaian Nikah Pria Jas Wisuda Laki Laki Pakaian Sidang Skripsi Pakaian Meeting,214282765292,"Marun Tua,L",,
483,22226266149,Best Seller 2 In 1 Berisi Jas dan Celana Bahan Tuxedo Style Korea Pakaian Nikah Pria Jas Wisuda Laki Laki Pakaian Sidang Skripsi Pakaian Meeting,221026422092,"Marun,L",,
484,22226266149,Best Seller 2 In 1 Berisi Jas dan Celana Bahan Tuxedo Style Korea Pakaian Nikah Pria Jas Wisuda Laki Laki Pakaian Sidang Skripsi Pakaian Meeting,242557513799,"Hitam,XS",,
485,22226266149,Best Seller 2 In 1 Berisi Jas dan Celana Bahan Tuxedo Style Korea Pakaian Nikah Pria Jas Wisuda Laki Laki Pakaian Sidang Skripsi Pakaian Meeting,214282765290,"Marun Tua,XXL",,
486,22226266149,Best Seller 2 In 1 Berisi Jas dan Celana Bahan Tuxedo Style Korea Pakaian Nikah Pria Jas Wisuda Laki Laki Pakaian Sidang Skripsi Pakaian Meeting,221026422082,"Abu,L",,
487,22226266149,Best Seller 2 In 1 Berisi Jas dan Celana Bahan Tuxedo Style Korea Pakaian Nikah Pria Jas Wisuda Laki Laki Pakaian Sidang Skripsi Pakaian Meeting,204366306509,"Merah Cabe,XXL",,
488,22226266149,Best Seller 2 In 1 Berisi Jas dan Celana Bahan Tuxedo Style Korea Pakaian Nikah Pria Jas Wisuda Laki Laki Pakaian Sidang Skripsi Pakaian Meeting,221026422098,"Abu,M",,
489,22226266149,Best Seller 2 In 1 Berisi Jas dan Celana Bahan Tuxedo Style Korea Pakaian Nikah Pria Jas Wisuda Laki Laki Pakaian Sidang Skripsi Pakaian Meeting,221026422110,"Biru Langit,XL",,
490,22226266149,Best Seller 2 In 1 Berisi Jas dan Celana Bahan Tuxedo Style Korea Pakaian Nikah Pria Jas Wisuda Laki Laki Pakaian Sidang Skripsi Pakaian Meeting,204366306518,"Merah Cabe,S",,
491,22226266149,Best Seller 2 In 1 Berisi Jas dan Celana Bahan Tuxedo Style Korea Pakaian Nikah Pria Jas Wisuda Laki Laki Pakaian Sidang Skripsi Pakaian Meeting,204366306517,"Putih,S",,
492,22226266149,Best Seller 2 In 1 Berisi Jas dan Celana Bahan Tuxedo Style Korea Pakaian Nikah Pria Jas Wisuda Laki Laki Pakaian Sidang Skripsi Pakaian Meeting,221026422084,"Marun,XL",,
493,22226266149,Best Seller 2 In 1 Berisi Jas dan Celana Bahan Tuxedo Style Korea Pakaian Nikah Pria Jas Wisuda Laki Laki Pakaian Sidang Skripsi Pakaian Meeting,204366306515,"Putih,M",,
494,22226266149,Best Seller 2 In 1 Berisi Jas dan Celana Bahan Tuxedo Style Korea Pakaian Nikah Pria Jas Wisuda Laki Laki Pakaian Sidang Skripsi Pakaian Meeting,221026422094,"Hitam,XL",,
495,22226266149,Best Seller 2 In 1 Berisi Jas dan Celana Bahan Tuxedo Style Korea Pakaian Nikah Pria Jas Wisuda Laki Laki Pakaian Sidang Skripsi Pakaian Meeting,221026422096,"Hitam,XXXL",,
496,22226266149,Best Seller 2 In 1 Berisi Jas dan Celana Bahan Tuxedo Style Korea Pakaian Nikah Pria Jas Wisuda Laki Laki Pakaian Sidang Skripsi Pakaian Meeting,221026422109,"Abu,S",,
497,22226266149,Best Seller 2 In 1 Berisi Jas dan Celana Bahan Tuxedo Style Korea Pakaian Nikah Pria Jas Wisuda Laki Laki Pakaian Sidang Skripsi Pakaian Meeting,242557513804,"Marun Tua,XS",,
498,22226266149,Best Seller 2 In 1 Berisi Jas dan Celana Bahan Tuxedo Style Korea Pakaian Nikah Pria Jas Wisuda Laki Laki Pakaian Sidang Skripsi Pakaian Meeting,221026422108,"Navy,L",,
499,22226266149,Best Seller 2 In 1 Berisi Jas dan Celana Bahan Tuxedo Style Korea Pakaian Nikah Pria Jas Wisuda Laki Laki Pakaian Sidang Skripsi Pakaian Meeting,204366306508,"Putih,XXL",,
500,22226266149,Best Seller 2 In 1 Berisi Jas dan Celana Bahan Tuxedo Style Korea Pakaian Nikah Pria Jas Wisuda Laki Laki Pakaian Sidang Skripsi Pakaian Meeting,242557513806,"Merah Cabe,XS",,
501,22226266149,Best Seller 2 In 1 Berisi Jas dan Celana Bahan Tuxedo Style Korea Pakaian Nikah Pria Jas Wisuda Laki Laki Pakaian Sidang Skripsi Pakaian Meeting,242557513805,"Putih,XS",,
502,22226266149,Best Seller 2 In 1 Berisi Jas dan Celana Bahan Tuxedo Style Korea Pakaian Nikah Pria Jas Wisuda Laki Laki Pakaian Sidang Skripsi Pakaian Meeting,242557513801,"Navy,XS",,
503,21876818960,Best Seller One Set Blazer Wanita Korean Style dan Celana Kulot Highwaist Premium Tebal 2 IN 1 Set Pakaian Wanita Mode Tren Blazer dan Kulot Wanita,175749212428,"Moka,L",,
504,21876818960,Best Seller One Set Blazer Wanita Korean Style dan Celana Kulot Highwaist Premium Tebal 2 IN 1 Set Pakaian Wanita Mode Tren Blazer dan Kulot Wanita,175749212426,"Hitam,XL",,
505,21876818960,Best Seller One Set Blazer Wanita Korean Style dan Celana Kulot Highwaist Premium Tebal 2 IN 1 Set Pakaian Wanita Mode Tren Blazer dan Kulot Wanita,175749212419,"Dark Grey,M",,
506,21876818960,Best Seller One Set Blazer Wanita Korean Style dan Celana Kulot Highwaist Premium Tebal 2 IN 1 Set Pakaian Wanita Mode Tren Blazer dan Kulot Wanita,175749212434,"Light Grey,M",,
507,21876818960,Best Seller One Set Blazer Wanita Korean Style dan Celana Kulot Highwaist Premium Tebal 2 IN 1 Set Pakaian Wanita Mode Tren Blazer dan Kulot Wanita,175749212424,"Hitam,M",,
508,21876818960,Best Seller One Set Blazer Wanita Korean Style dan Celana Kulot Highwaist Premium Tebal 2 IN 1 Set Pakaian Wanita Mode Tren Blazer dan Kulot Wanita,175749212422,"Dusty Pink,M",,
509,21876818960,Best Seller One Set Blazer Wanita Korean Style dan Celana Kulot Highwaist Premium Tebal 2 IN 1 Set Pakaian Wanita Mode Tren Blazer dan Kulot Wanita,175749212421,"Light Grey,L",,
510,21876818960,Best Seller One Set Blazer Wanita Korean Style dan Celana Kulot Highwaist Premium Tebal 2 IN 1 Set Pakaian Wanita Mode Tren Blazer dan Kulot Wanita,175749212429,"Moka,XL",,
511,21876818960,Best Seller One Set Blazer Wanita Korean Style dan Celana Kulot Highwaist Premium Tebal 2 IN 1 Set Pakaian Wanita Mode Tren Blazer dan Kulot Wanita,175749212430,"Latte,M",,
512,21876818960,Best Seller One Set Blazer Wanita Korean Style dan Celana Kulot Highwaist Premium Tebal 2 IN 1 Set Pakaian Wanita Mode Tren Blazer dan Kulot Wanita,175749212432,"Latte,XL",,
513,21876818960,Best Seller One Set Blazer Wanita Korean Style dan Celana Kulot Highwaist Premium Tebal 2 IN 1 Set Pakaian Wanita Mode Tren Blazer dan Kulot Wanita,175749212425,"Dusty Pink,XL",,
514,21876818960,Best Seller One Set Blazer Wanita Korean Style dan Celana Kulot Highwaist Premium Tebal 2 IN 1 Set Pakaian Wanita Mode Tren Blazer dan Kulot Wanita,175749212427,"Moka,M",,
515,21876818960,Best Seller One Set Blazer Wanita Korean Style dan Celana Kulot Highwaist Premium Tebal 2 IN 1 Set Pakaian Wanita Mode Tren Blazer dan Kulot Wanita,175749212418,"Hitam,L",,
516,21876818960,Best Seller One Set Blazer Wanita Korean Style dan Celana Kulot Highwaist Premium Tebal 2 IN 1 Set Pakaian Wanita Mode Tren Blazer dan Kulot Wanita,175749212423,"Dusty Pink,L",,
517,21876818960,Best Seller One Set Blazer Wanita Korean Style dan Celana Kulot Highwaist Premium Tebal 2 IN 1 Set Pakaian Wanita Mode Tren Blazer dan Kulot Wanita,175749212435,"Light Grey,XL",,
518,21876818960,Best Seller One Set Blazer Wanita Korean Style dan Celana Kulot Highwaist Premium Tebal 2 IN 1 Set Pakaian Wanita Mode Tren Blazer dan Kulot Wanita,175749212433,"Dark Grey,XL",,
519,21876818960,Best Seller One Set Blazer Wanita Korean Style dan Celana Kulot Highwaist Premium Tebal 2 IN 1 Set Pakaian Wanita Mode Tren Blazer dan Kulot Wanita,175749212431,"Latte,L",,
520,21876818960,Best Seller One Set Blazer Wanita Korean Style dan Celana Kulot Highwaist Premium Tebal 2 IN 1 Set Pakaian Wanita Mode Tren Blazer dan Kulot Wanita,175749212420,"Dark Grey,L",,
521,20054716390,Best Seller Dasi Panjang Long Tie Formal Untuk Blazer Formal,164773241927,,dsi-pnjng,
522,19516756511,Best Seller Celana Sirwal Pria Polos Bawahan Celana Cingkrang Sirwal Dewasa Celana Sirwal Pria Dewasa Pakaian Pria Celana Pria Dewasa Celana Teuku Wisnu Celana Alwaleed Celana Muslim,106963665476,"Navy,XL",,
523,19516756511,Best Seller Celana Sirwal Pria Polos Bawahan Celana Cingkrang Sirwal Dewasa Celana Sirwal Pria Dewasa Pakaian Pria Celana Pria Dewasa Celana Teuku Wisnu Celana Alwaleed Celana Muslim,106963665475,"Navy,M",,
524,19516756511,Best Seller Celana Sirwal Pria Polos Bawahan Celana Cingkrang Sirwal Dewasa Celana Sirwal Pria Dewasa Pakaian Pria Celana Pria Dewasa Celana Teuku Wisnu Celana Alwaleed Celana Muslim,106963665478,"Krem,XXL",,
525,19516756511,Best Seller Celana Sirwal Pria Polos Bawahan Celana Cingkrang Sirwal Dewasa Celana Sirwal Pria Dewasa Pakaian Pria Celana Pria Dewasa Celana Teuku Wisnu Celana Alwaleed Celana Muslim,106963665481,"Abu Lumut,M",,
526,19516756511,Best Seller Celana Sirwal Pria Polos Bawahan Celana Cingkrang Sirwal Dewasa Celana Sirwal Pria Dewasa Pakaian Pria Celana Pria Dewasa Celana Teuku Wisnu Celana Alwaleed Celana Muslim,106963665480,"Abu Tua,XXL",,
527,19516756511,Best Seller Celana Sirwal Pria Polos Bawahan Celana Cingkrang Sirwal Dewasa Celana Sirwal Pria Dewasa Pakaian Pria Celana Pria Dewasa Celana Teuku Wisnu Celana Alwaleed Celana Muslim,106963665467,"Mocca,L",,
528,19516756511,Best Seller Celana Sirwal Pria Polos Bawahan Celana Cingkrang Sirwal Dewasa Celana Sirwal Pria Dewasa Pakaian Pria Celana Pria Dewasa Celana Teuku Wisnu Celana Alwaleed Celana Muslim,106963665465,"Navy,L",,
529,19516756511,Best Seller Celana Sirwal Pria Polos Bawahan Celana Cingkrang Sirwal Dewasa Celana Sirwal Pria Dewasa Pakaian Pria Celana Pria Dewasa Celana Teuku Wisnu Celana Alwaleed Celana Muslim,106963665471,"Krem,M",,
530,19516756511,Best Seller Celana Sirwal Pria Polos Bawahan Celana Cingkrang Sirwal Dewasa Celana Sirwal Pria Dewasa Pakaian Pria Celana Pria Dewasa Celana Teuku Wisnu Celana Alwaleed Celana Muslim,106963665468,"Mocca,XL",,
531,19516756511,Best Seller Celana Sirwal Pria Polos Bawahan Celana Cingkrang Sirwal Dewasa Celana Sirwal Pria Dewasa Pakaian Pria Celana Pria Dewasa Celana Teuku Wisnu Celana Alwaleed Celana Muslim,106963665485,"Mocca,XXL",,
532,19516756511,Best Seller Celana Sirwal Pria Polos Bawahan Celana Cingkrang Sirwal Dewasa Celana Sirwal Pria Dewasa Pakaian Pria Celana Pria Dewasa Celana Teuku Wisnu Celana Alwaleed Celana Muslim,106963665470,"Hitam,XL",,
533,19516756511,Best Seller Celana Sirwal Pria Polos Bawahan Celana Cingkrang Sirwal Dewasa Celana Sirwal Pria Dewasa Pakaian Pria Celana Pria Dewasa Celana Teuku Wisnu Celana Alwaleed Celana Muslim,106963665484,"Abu Lumut,XXL",,
534,19516756511,Best Seller Celana Sirwal Pria Polos Bawahan Celana Cingkrang Sirwal Dewasa Celana Sirwal Pria Dewasa Pakaian Pria Celana Pria Dewasa Celana Teuku Wisnu Celana Alwaleed Celana Muslim,106963665487,"Abu Tua,XL",,
535,19516756511,Best Seller Celana Sirwal Pria Polos Bawahan Celana Cingkrang Sirwal Dewasa Celana Sirwal Pria Dewasa Pakaian Pria Celana Pria Dewasa Celana Teuku Wisnu Celana Alwaleed Celana Muslim,106963665477,"Krem,L",,
536,19516756511,Best Seller Celana Sirwal Pria Polos Bawahan Celana Cingkrang Sirwal Dewasa Celana Sirwal Pria Dewasa Pakaian Pria Celana Pria Dewasa Celana Teuku Wisnu Celana Alwaleed Celana Muslim,106963665482,"Abu Lumut,L",,
537,19516756511,Best Seller Celana Sirwal Pria Polos Bawahan Celana Cingkrang Sirwal Dewasa Celana Sirwal Pria Dewasa Pakaian Pria Celana Pria Dewasa Celana Teuku Wisnu Celana Alwaleed Celana Muslim,106963665483,"Abu Lumut,XL",,
538,19516756511,Best Seller Celana Sirwal Pria Polos Bawahan Celana Cingkrang Sirwal Dewasa Celana Sirwal Pria Dewasa Pakaian Pria Celana Pria Dewasa Celana Teuku Wisnu Celana Alwaleed Celana Muslim,106963665472,"Krem,XL",,
539,19516756511,Best Seller Celana Sirwal Pria Polos Bawahan Celana Cingkrang Sirwal Dewasa Celana Sirwal Pria Dewasa Pakaian Pria Celana Pria Dewasa Celana Teuku Wisnu Celana Alwaleed Celana Muslim,106963665479,"Mocca,M",,
540,19516756511,Best Seller Celana Sirwal Pria Polos Bawahan Celana Cingkrang Sirwal Dewasa Celana Sirwal Pria Dewasa Pakaian Pria Celana Pria Dewasa Celana Teuku Wisnu Celana Alwaleed Celana Muslim,106963665486,"Abu Tua,L",,
541,19516756511,Best Seller Celana Sirwal Pria Polos Bawahan Celana Cingkrang Sirwal Dewasa Celana Sirwal Pria Dewasa Pakaian Pria Celana Pria Dewasa Celana Teuku Wisnu Celana Alwaleed Celana Muslim,106963665474,"Hitam,XXL",,
542,19516756511,Best Seller Celana Sirwal Pria Polos Bawahan Celana Cingkrang Sirwal Dewasa Celana Sirwal Pria Dewasa Pakaian Pria Celana Pria Dewasa Celana Teuku Wisnu Celana Alwaleed Celana Muslim,106963665464,"Hitam,M",,
543,19516756511,Best Seller Celana Sirwal Pria Polos Bawahan Celana Cingkrang Sirwal Dewasa Celana Sirwal Pria Dewasa Pakaian Pria Celana Pria Dewasa Celana Teuku Wisnu Celana Alwaleed Celana Muslim,106963665473,"Abu Tua,M",,
544,19516756511,Best Seller Celana Sirwal Pria Polos Bawahan Celana Cingkrang Sirwal Dewasa Celana Sirwal Pria Dewasa Pakaian Pria Celana Pria Dewasa Celana Teuku Wisnu Celana Alwaleed Celana Muslim,106963665466,"Navy,XXL",,
545,19516756511,Best Seller Celana Sirwal Pria Polos Bawahan Celana Cingkrang Sirwal Dewasa Celana Sirwal Pria Dewasa Pakaian Pria Celana Pria Dewasa Celana Teuku Wisnu Celana Alwaleed Celana Muslim,106963665469,"Hitam,L",,
546,19117557162,Best Seller Celana Sirwal Cargo Celana Komprang Pria Celana Pangsi Pria Dewasa Celana Komprang Model Kargo Pria Dewasa,145021516020,"Hitam,XL",,
547,19117557162,Best Seller Celana Sirwal Cargo Celana Komprang Pria Celana Pangsi Pria Dewasa Celana Komprang Model Kargo Pria Dewasa,145021516021,"Navy,M",,
548,19117557162,Best Seller Celana Sirwal Cargo Celana Komprang Pria Celana Pangsi Pria Dewasa Celana Komprang Model Kargo Pria Dewasa,145021516012,"Cream,L",,
549,19117557162,Best Seller Celana Sirwal Cargo Celana Komprang Pria Celana Pangsi Pria Dewasa Celana Komprang Model Kargo Pria Dewasa,145021516022,"Navy,XXL",,
550,19117557162,Best Seller Celana Sirwal Cargo Celana Komprang Pria Celana Pangsi Pria Dewasa Celana Komprang Model Kargo Pria Dewasa,145021516028,"Pemda,L",,
551,19117557162,Best Seller Celana Sirwal Cargo Celana Komprang Pria Celana Pangsi Pria Dewasa Celana Komprang Model Kargo Pria Dewasa,145021516031,"Army Tua,XL",,
552,19117557162,Best Seller Celana Sirwal Cargo Celana Komprang Pria Celana Pangsi Pria Dewasa Celana Komprang Model Kargo Pria Dewasa,145021516027,"Abu Tua,XXL",,
553,19117557162,Best Seller Celana Sirwal Cargo Celana Komprang Pria Celana Pangsi Pria Dewasa Celana Komprang Model Kargo Pria Dewasa,145021516014,"Cream,XL",,
554,19117557162,Best Seller Celana Sirwal Cargo Celana Komprang Pria Celana Pangsi Pria Dewasa Celana Komprang Model Kargo Pria Dewasa,145021516019,"Army Tua,M",,
555,19117557162,Best Seller Celana Sirwal Cargo Celana Komprang Pria Celana Pangsi Pria Dewasa Celana Komprang Model Kargo Pria Dewasa,145021516036,"Pemda,XXL",,
556,19117557162,Best Seller Celana Sirwal Cargo Celana Komprang Pria Celana Pangsi Pria Dewasa Celana Komprang Model Kargo Pria Dewasa,145021516016,"Hitam,L",,
557,19117557162,Best Seller Celana Sirwal Cargo Celana Komprang Pria Celana Pangsi Pria Dewasa Celana Komprang Model Kargo Pria Dewasa,145021516039,"Hitam,XXL",,
558,19117557162,Best Seller Celana Sirwal Cargo Celana Komprang Pria Celana Pangsi Pria Dewasa Celana Komprang Model Kargo Pria Dewasa,145021516017,"Pemda,M",,
559,19117557162,Best Seller Celana Sirwal Cargo Celana Komprang Pria Celana Pangsi Pria Dewasa Celana Komprang Model Kargo Pria Dewasa,145021516032,"Olive,L",,
560,19117557162,Best Seller Celana Sirwal Cargo Celana Komprang Pria Celana Pangsi Pria Dewasa Celana Komprang Model Kargo Pria Dewasa,145021516025,"Olive,XL",,
561,19117557162,Best Seller Celana Sirwal Cargo Celana Komprang Pria Celana Pangsi Pria Dewasa Celana Komprang Model Kargo Pria Dewasa,145021516013,"Cream,M",,
562,19117557162,Best Seller Celana Sirwal Cargo Celana Komprang Pria Celana Pangsi Pria Dewasa Celana Komprang Model Kargo Pria Dewasa,145021516026,"Olive,XXL",,
563,19117557162,Best Seller Celana Sirwal Cargo Celana Komprang Pria Celana Pangsi Pria Dewasa Celana Komprang Model Kargo Pria Dewasa,145021516033,"Navy,L",,
564,19117557162,Best Seller Celana Sirwal Cargo Celana Komprang Pria Celana Pangsi Pria Dewasa Celana Komprang Model Kargo Pria Dewasa,145021516030,"Navy,XL",,
565,19117557162,Best Seller Celana Sirwal Cargo Celana Komprang Pria Celana Pangsi Pria Dewasa Celana Komprang Model Kargo Pria Dewasa,145021516024,"Abu Tua,L",,
566,19117557162,Best Seller Celana Sirwal Cargo Celana Komprang Pria Celana Pangsi Pria Dewasa Celana Komprang Model Kargo Pria Dewasa,145021516018,"Pemda,XL",,
567,19117557162,Best Seller Celana Sirwal Cargo Celana Komprang Pria Celana Pangsi Pria Dewasa Celana Komprang Model Kargo Pria Dewasa,145021516029,"Olive,M",,
568,19117557162,Best Seller Celana Sirwal Cargo Celana Komprang Pria Celana Pangsi Pria Dewasa Celana Komprang Model Kargo Pria Dewasa,145021516015,"Army Tua,L",,
569,19117557162,Best Seller Celana Sirwal Cargo Celana Komprang Pria Celana Pangsi Pria Dewasa Celana Komprang Model Kargo Pria Dewasa,145021516038,"Hitam,M",,
570,19117557162,Best Seller Celana Sirwal Cargo Celana Komprang Pria Celana Pangsi Pria Dewasa Celana Komprang Model Kargo Pria Dewasa,145021516023,"Cream,XXL",,
571,19117557162,Best Seller Celana Sirwal Cargo Celana Komprang Pria Celana Pangsi Pria Dewasa Celana Komprang Model Kargo Pria Dewasa,145021516035,"Abu Tua,XL",,
572,19117557162,Best Seller Celana Sirwal Cargo Celana Komprang Pria Celana Pangsi Pria Dewasa Celana Komprang Model Kargo Pria Dewasa,145021516037,"Army Tua,XXL",,
573,19117557162,Best Seller Celana Sirwal Cargo Celana Komprang Pria Celana Pangsi Pria Dewasa Celana Komprang Model Kargo Pria Dewasa,145021516034,"Abu Tua,M",,
574,19076831885,Best Seller Outer Wanita Kekinian Panjang 3/4 Korean Style Model Blazer Korea Outer Wanita Kondangan Outfit Kampus Pakaian Kantor,194098274422,Moka,,
575,19076831885,Best Seller Outer Wanita Kekinian Panjang 3/4 Korean Style Model Blazer Korea Outer Wanita Kondangan Outfit Kampus Pakaian Kantor,194098274423,Latte,,
576,19076831885,Best Seller Outer Wanita Kekinian Panjang 3/4 Korean Style Model Blazer Korea Outer Wanita Kondangan Outfit Kampus Pakaian Kantor,194098274424,Dusty Pink,,
577,19076831885,Best Seller Outer Wanita Kekinian Panjang 3/4 Korean Style Model Blazer Korea Outer Wanita Kondangan Outfit Kampus Pakaian Kantor,194098274425,Hitam,,
578,19076831885,Best Seller Outer Wanita Kekinian Panjang 3/4 Korean Style Model Blazer Korea Outer Wanita Kondangan Outfit Kampus Pakaian Kantor,194098274426,Dark Gray,,
579,19076831885,Best Seller Outer Wanita Kekinian Panjang 3/4 Korean Style Model Blazer Korea Outer Wanita Kondangan Outfit Kampus Pakaian Kantor,194098274427,Light Gray,,
580,18735176975,Rompi Jas Pria Vest Blazer Jaket Rompi Pria Rompi Vest Blazer Jas Blazer Formal Pria Vest Formal Slim Fit,181805402965,"Maroon,XXXL",,
581,18735176975,Rompi Jas Pria Vest Blazer Jaket Rompi Pria Rompi Vest Blazer Jas Blazer Formal Pria Vest Formal Slim Fit,181805402961,"Abu,XXXL",,
582,18735176975,Rompi Jas Pria Vest Blazer Jaket Rompi Pria Rompi Vest Blazer Jas Blazer Formal Pria Vest Formal Slim Fit,181805402959,"Maroon,M",,
583,18735176975,Rompi Jas Pria Vest Blazer Jaket Rompi Pria Rompi Vest Blazer Jas Blazer Formal Pria Vest Formal Slim Fit,181805402956,"Hitam,L",,
584,18735176975,Rompi Jas Pria Vest Blazer Jaket Rompi Pria Rompi Vest Blazer Jas Blazer Formal Pria Vest Formal Slim Fit,181805402960,"Maroon,XXL",,
585,18735176975,Rompi Jas Pria Vest Blazer Jaket Rompi Pria Rompi Vest Blazer Jas Blazer Formal Pria Vest Formal Slim Fit,181805402974,"Abu,S",,
586,18735176975,Rompi Jas Pria Vest Blazer Jaket Rompi Pria Rompi Vest Blazer Jas Blazer Formal Pria Vest Formal Slim Fit,181805402957,"Hitam,XXL",,
587,18735176975,Rompi Jas Pria Vest Blazer Jaket Rompi Pria Rompi Vest Blazer Jas Blazer Formal Pria Vest Formal Slim Fit,181805402973,"Maroon,L",,
588,18735176975,Rompi Jas Pria Vest Blazer Jaket Rompi Pria Rompi Vest Blazer Jas Blazer Formal Pria Vest Formal Slim Fit,181805402967,"Abu,XL",,
589,18735176975,Rompi Jas Pria Vest Blazer Jaket Rompi Pria Rompi Vest Blazer Jas Blazer Formal Pria Vest Formal Slim Fit,181805402977,"Navy,XL",,
590,18735176975,Rompi Jas Pria Vest Blazer Jaket Rompi Pria Rompi Vest Blazer Jas Blazer Formal Pria Vest Formal Slim Fit,181805402976,"Hitam,S",,
591,18735176975,Rompi Jas Pria Vest Blazer Jaket Rompi Pria Rompi Vest Blazer Jas Blazer Formal Pria Vest Formal Slim Fit,181805402975,"Abu,M",,
592,18735176975,Rompi Jas Pria Vest Blazer Jaket Rompi Pria Rompi Vest Blazer Jas Blazer Formal Pria Vest Formal Slim Fit,181805402971,"Navy,XXL",,
593,18735176975,Rompi Jas Pria Vest Blazer Jaket Rompi Pria Rompi Vest Blazer Jas Blazer Formal Pria Vest Formal Slim Fit,181805402972,"Maroon,S",,
594,18735176975,Rompi Jas Pria Vest Blazer Jaket Rompi Pria Rompi Vest Blazer Jas Blazer Formal Pria Vest Formal Slim Fit,181805402962,"Hitam,M",,
595,18735176975,Rompi Jas Pria Vest Blazer Jaket Rompi Pria Rompi Vest Blazer Jas Blazer Formal Pria Vest Formal Slim Fit,181805402964,"Navy,XXXL",,
596,18735176975,Rompi Jas Pria Vest Blazer Jaket Rompi Pria Rompi Vest Blazer Jas Blazer Formal Pria Vest Formal Slim Fit,181805402966,"Abu,L",,
597,18735176975,Rompi Jas Pria Vest Blazer Jaket Rompi Pria Rompi Vest Blazer Jas Blazer Formal Pria Vest Formal Slim Fit,181805402979,"Navy,S",,
598,18735176975,Rompi Jas Pria Vest Blazer Jaket Rompi Pria Rompi Vest Blazer Jas Blazer Formal Pria Vest Formal Slim Fit,181805402978,"Maroon,XL",,
599,18735176975,Rompi Jas Pria Vest Blazer Jaket Rompi Pria Rompi Vest Blazer Jas Blazer Formal Pria Vest Formal Slim Fit,181805402968,"Abu,XXL",,
600,18735176975,Rompi Jas Pria Vest Blazer Jaket Rompi Pria Rompi Vest Blazer Jas Blazer Formal Pria Vest Formal Slim Fit,181805402969,"Hitam,XXXL",,
601,18735176975,Rompi Jas Pria Vest Blazer Jaket Rompi Pria Rompi Vest Blazer Jas Blazer Formal Pria Vest Formal Slim Fit,181805402958,"Navy,L",,
602,18735176975,Rompi Jas Pria Vest Blazer Jaket Rompi Pria Rompi Vest Blazer Jas Blazer Formal Pria Vest Formal Slim Fit,181805402970,"Hitam,XL",,
603,18735176975,Rompi Jas Pria Vest Blazer Jaket Rompi Pria Rompi Vest Blazer Jas Blazer Formal Pria Vest Formal Slim Fit,181805402963,"Navy,M",,
604,18653316238,Blazer Wanita Korean Style Slimfit Pakaian Meeting Jas Kantor Pakaian Sidang Skripsi Pakaian Meeting,202678533083,"Hitam,L",,
605,18653316238,Blazer Wanita Korean Style Slimfit Pakaian Meeting Jas Kantor Pakaian Sidang Skripsi Pakaian Meeting,202678533091,"Biru Langit,XXL",,
606,18653316238,Blazer Wanita Korean Style Slimfit Pakaian Meeting Jas Kantor Pakaian Sidang Skripsi Pakaian Meeting,202678533079,"Hitam,M",,
607,18653316238,Blazer Wanita Korean Style Slimfit Pakaian Meeting Jas Kantor Pakaian Sidang Skripsi Pakaian Meeting,29330883857,"Abu,XXL",,
608,18653316238,Blazer Wanita Korean Style Slimfit Pakaian Meeting Jas Kantor Pakaian Sidang Skripsi Pakaian Meeting,202678533082,"Baby Pink,XL",,
609,18653316238,Blazer Wanita Korean Style Slimfit Pakaian Meeting Jas Kantor Pakaian Sidang Skripsi Pakaian Meeting,202678533073,"Hitam,XXL",,
610,18653316238,Blazer Wanita Korean Style Slimfit Pakaian Meeting Jas Kantor Pakaian Sidang Skripsi Pakaian Meeting,202678533081,"Baby Pink,S",,
611,18653316238,Blazer Wanita Korean Style Slimfit Pakaian Meeting Jas Kantor Pakaian Sidang Skripsi Pakaian Meeting,202678533084,"Marun,S",,
612,18653316238,Blazer Wanita Korean Style Slimfit Pakaian Meeting Jas Kantor Pakaian Sidang Skripsi Pakaian Meeting,202678533068,"Marun,XL",,
613,18653316238,Blazer Wanita Korean Style Slimfit Pakaian Meeting Jas Kantor Pakaian Sidang Skripsi Pakaian Meeting,146899883700,"Krem,XL",,
614,18653316238,Blazer Wanita Korean Style Slimfit Pakaian Meeting Jas Kantor Pakaian Sidang Skripsi Pakaian Meeting,29330883858,"Biru,S",,
615,18653316238,Blazer Wanita Korean Style Slimfit Pakaian Meeting Jas Kantor Pakaian Sidang Skripsi Pakaian Meeting,202678533069,"Navy,XL",,
616,18653316238,Blazer Wanita Korean Style Slimfit Pakaian Meeting Jas Kantor Pakaian Sidang Skripsi Pakaian Meeting,202678533063,"Marun,XXL",,
617,18653316238,Blazer Wanita Korean Style Slimfit Pakaian Meeting Jas Kantor Pakaian Sidang Skripsi Pakaian Meeting,29330883860,"Abu,L",,
618,18653316238,Blazer Wanita Korean Style Slimfit Pakaian Meeting Jas Kantor Pakaian Sidang Skripsi Pakaian Meeting,202678533067,"Marun,M",,
619,18653316238,Blazer Wanita Korean Style Slimfit Pakaian Meeting Jas Kantor Pakaian Sidang Skripsi Pakaian Meeting,202678533064,"Biru Langit,XL",,
620,18653316238,Blazer Wanita Korean Style Slimfit Pakaian Meeting Jas Kantor Pakaian Sidang Skripsi Pakaian Meeting,29330883861,"Biru,XXL",,
621,18653316238,Blazer Wanita Korean Style Slimfit Pakaian Meeting Jas Kantor Pakaian Sidang Skripsi Pakaian Meeting,146899883705,"Merah Cabe,L",,
622,18653316238,Blazer Wanita Korean Style Slimfit Pakaian Meeting Jas Kantor Pakaian Sidang Skripsi Pakaian Meeting,146899883701,"Merah Cabe,XL",,
623,18653316238,Blazer Wanita Korean Style Slimfit Pakaian Meeting Jas Kantor Pakaian Sidang Skripsi Pakaian Meeting,202678533072,"Putih,M",,
624,18653316238,Blazer Wanita Korean Style Slimfit Pakaian Meeting Jas Kantor Pakaian Sidang Skripsi Pakaian Meeting,250256302926,"Burgundy,S",,
625,18653316238,Blazer Wanita Korean Style Slimfit Pakaian Meeting Jas Kantor Pakaian Sidang Skripsi Pakaian Meeting,146899883696,"Krem,M",,
626,18653316238,Blazer Wanita Korean Style Slimfit Pakaian Meeting Jas Kantor Pakaian Sidang Skripsi Pakaian Meeting,29330883862,"Abu,S",,
627,18653316238,Blazer Wanita Korean Style Slimfit Pakaian Meeting Jas Kantor Pakaian Sidang Skripsi Pakaian Meeting,146899883702,"Krem,S",,
628,18653316238,Blazer Wanita Korean Style Slimfit Pakaian Meeting Jas Kantor Pakaian Sidang Skripsi Pakaian Meeting,202678533076,"Marun,L",,
629,18653316238,Blazer Wanita Korean Style Slimfit Pakaian Meeting Jas Kantor Pakaian Sidang Skripsi Pakaian Meeting,202678533075,"Putih,XXL",,
630,18653316238,Blazer Wanita Korean Style Slimfit Pakaian Meeting Jas Kantor Pakaian Sidang Skripsi Pakaian Meeting,250256302930,"Burgundy,XXL",,
631,18653316238,Blazer Wanita Korean Style Slimfit Pakaian Meeting Jas Kantor Pakaian Sidang Skripsi Pakaian Meeting,146899883699,"Merah Cabe,S",,
632,18653316238,Blazer Wanita Korean Style Slimfit Pakaian Meeting Jas Kantor Pakaian Sidang Skripsi Pakaian Meeting,29330883859,"Biru,M",,
633,18653316238,Blazer Wanita Korean Style Slimfit Pakaian Meeting Jas Kantor Pakaian Sidang Skripsi Pakaian Meeting,202678533089,"Putih,L",,
634,18653316238,Blazer Wanita Korean Style Slimfit Pakaian Meeting Jas Kantor Pakaian Sidang Skripsi Pakaian Meeting,202678533070,"Baby Pink,M",,
635,18653316238,Blazer Wanita Korean Style Slimfit Pakaian Meeting Jas Kantor Pakaian Sidang Skripsi Pakaian Meeting,29330883865,"Abu,XL",,
636,18653316238,Blazer Wanita Korean Style Slimfit Pakaian Meeting Jas Kantor Pakaian Sidang Skripsi Pakaian Meeting,202678533087,"Navy,S",,
637,18653316238,Blazer Wanita Korean Style Slimfit Pakaian Meeting Jas Kantor Pakaian Sidang Skripsi Pakaian Meeting,202678533090,"Putih,XL",,
638,18653316238,Blazer Wanita Korean Style Slimfit Pakaian Meeting Jas Kantor Pakaian Sidang Skripsi Pakaian Meeting,146899883697,"Merah Cabe,XXL",,
639,18653316238,Blazer Wanita Korean Style Slimfit Pakaian Meeting Jas Kantor Pakaian Sidang Skripsi Pakaian Meeting,29330883864,"Biru,L",,
640,18653316238,Blazer Wanita Korean Style Slimfit Pakaian Meeting Jas Kantor Pakaian Sidang Skripsi Pakaian Meeting,250256302929,"Burgundy,XL",,
641,18653316238,Blazer Wanita Korean Style Slimfit Pakaian Meeting Jas Kantor Pakaian Sidang Skripsi Pakaian Meeting,202678533077,"Biru Langit,L",,
642,18653316238,Blazer Wanita Korean Style Slimfit Pakaian Meeting Jas Kantor Pakaian Sidang Skripsi Pakaian Meeting,202678533086,"Biru Langit,M",,
643,18653316238,Blazer Wanita Korean Style Slimfit Pakaian Meeting Jas Kantor Pakaian Sidang Skripsi Pakaian Meeting,202678533071,"Hitam,S",,
644,18653316238,Blazer Wanita Korean Style Slimfit Pakaian Meeting Jas Kantor Pakaian Sidang Skripsi Pakaian Meeting,250256302927,"Burgundy,M",,
645,18653316238,Blazer Wanita Korean Style Slimfit Pakaian Meeting Jas Kantor Pakaian Sidang Skripsi Pakaian Meeting,202678533066,"Baby Pink,L",,
646,18653316238,Blazer Wanita Korean Style Slimfit Pakaian Meeting Jas Kantor Pakaian Sidang Skripsi Pakaian Meeting,39253427673,"Abu,M",,
647,18653316238,Blazer Wanita Korean Style Slimfit Pakaian Meeting Jas Kantor Pakaian Sidang Skripsi Pakaian Meeting,202678533078,"Navy,L",,
648,18653316238,Blazer Wanita Korean Style Slimfit Pakaian Meeting Jas Kantor Pakaian Sidang Skripsi Pakaian Meeting,29330883863,"Biru,XL",,
649,18653316238,Blazer Wanita Korean Style Slimfit Pakaian Meeting Jas Kantor Pakaian Sidang Skripsi Pakaian Meeting,250256302928,"Burgundy,L",,
650,18653316238,Blazer Wanita Korean Style Slimfit Pakaian Meeting Jas Kantor Pakaian Sidang Skripsi Pakaian Meeting,202678533080,"Hitam,XL",,
651,18653316238,Blazer Wanita Korean Style Slimfit Pakaian Meeting Jas Kantor Pakaian Sidang Skripsi Pakaian Meeting,202678533085,"Biru Langit,S",,
652,18653316238,Blazer Wanita Korean Style Slimfit Pakaian Meeting Jas Kantor Pakaian Sidang Skripsi Pakaian Meeting,202678533065,"Navy,XXL",,
653,18653316238,Blazer Wanita Korean Style Slimfit Pakaian Meeting Jas Kantor Pakaian Sidang Skripsi Pakaian Meeting,202678533092,"Baby Pink,XXL",,
654,18653316238,Blazer Wanita Korean Style Slimfit Pakaian Meeting Jas Kantor Pakaian Sidang Skripsi Pakaian Meeting,202678533074,"Putih,S",,
655,18653316238,Blazer Wanita Korean Style Slimfit Pakaian Meeting Jas Kantor Pakaian Sidang Skripsi Pakaian Meeting,146899883703,"Krem,XXL",,
656,18653316238,Blazer Wanita Korean Style Slimfit Pakaian Meeting Jas Kantor Pakaian Sidang Skripsi Pakaian Meeting,146899883698,"Krem,L",,
657,18653316238,Blazer Wanita Korean Style Slimfit Pakaian Meeting Jas Kantor Pakaian Sidang Skripsi Pakaian Meeting,146899883704,"Merah Cabe,M",,
658,18653316238,Blazer Wanita Korean Style Slimfit Pakaian Meeting Jas Kantor Pakaian Sidang Skripsi Pakaian Meeting,202678533088,"Navy,M",,
668,18584652576,Setelan Jas Blazer dan Celana Formal Jas Pria Formal Slim Fit,223756586493,"Navy Blue,XXXL",,
669,18584652576,Setelan Jas Blazer dan Celana Formal Jas Pria Formal Slim Fit,223756586494,"Abu-abu,XXXL",,
670,18584652576,Setelan Jas Blazer dan Celana Formal Jas Pria Formal Slim Fit,223756586492,"Hitam,XXXL",,
771,17992238782,Best Seller Celana Tartan Panjang Pria Style Ngampus Outfit Casual Maupun Formal Pakaian Laki Laki Atasan Pria,193742814732,"Abu,29",,
772,17992238782,Best Seller Celana Tartan Panjang Pria Style Ngampus Outfit Casual Maupun Formal Pakaian Laki Laki Atasan Pria,193742814729,"Cream,27",,
773,17992238782,Best Seller Celana Tartan Panjang Pria Style Ngampus Outfit Casual Maupun Formal Pakaian Laki Laki Atasan Pria,193742814730,"Cream,29",,
774,17992238782,Best Seller Celana Tartan Panjang Pria Style Ngampus Outfit Casual Maupun Formal Pakaian Laki Laki Atasan Pria,193742814731,"Abu,27",,
775,17928117325,Best Seller Setelan Koko Anak Set Koko Anak Stelan Koko Anak Laki Laki Stelan Koko Anak Kemeja Koko Anak Baju Koko Anak Laki Setelan Koko Anak Laki Laki 3-9 Tahun Kurta Lengan Pendek,87209199153,"Putih,S ( 3-5 Tahun )",,
776,17928117325,Best Seller Setelan Koko Anak Set Koko Anak Stelan Koko Anak Laki Laki Stelan Koko Anak Kemeja Koko Anak Baju Koko Anak Laki Setelan Koko Anak Laki Laki 3-9 Tahun Kurta Lengan Pendek,87209199144,"Putih,L ( 7 Tahun )",,
777,17928117325,Best Seller Setelan Koko Anak Set Koko Anak Stelan Koko Anak Laki Laki Stelan Koko Anak Kemeja Koko Anak Baju Koko Anak Laki Setelan Koko Anak Laki Laki 3-9 Tahun Kurta Lengan Pendek,87209199147,"Merah Maroon,M ( 6 Tahun )",,
778,17928117325,Best Seller Setelan Koko Anak Set Koko Anak Stelan Koko Anak Laki Laki Stelan Koko Anak Kemeja Koko Anak Baju Koko Anak Laki Setelan Koko Anak Laki Laki 3-9 Tahun Kurta Lengan Pendek,87209199157,"Merah Maroon,L ( 7 Tahun )",,
779,17928117325,Best Seller Setelan Koko Anak Set Koko Anak Stelan Koko Anak Laki Laki Stelan Koko Anak Kemeja Koko Anak Baju Koko Anak Laki Setelan Koko Anak Laki Laki 3-9 Tahun Kurta Lengan Pendek,87209199150,"Abu-abu,L ( 7 Tahun )",,
780,17928117325,Best Seller Setelan Koko Anak Set Koko Anak Stelan Koko Anak Laki Laki Stelan Koko Anak Kemeja Koko Anak Baju Koko Anak Laki Setelan Koko Anak Laki Laki 3-9 Tahun Kurta Lengan Pendek,87209199148,"Putih,XL ( 8-9 Tahun )",,
781,17928117325,Best Seller Setelan Koko Anak Set Koko Anak Stelan Koko Anak Laki Laki Stelan Koko Anak Kemeja Koko Anak Baju Koko Anak Laki Setelan Koko Anak Laki Laki 3-9 Tahun Kurta Lengan Pendek,87209199155,"Coklat Susu,S ( 3-5 Tahun )",,
782,17928117325,Best Seller Setelan Koko Anak Set Koko Anak Stelan Koko Anak Laki Laki Stelan Koko Anak Kemeja Koko Anak Baju Koko Anak Laki Setelan Koko Anak Laki Laki 3-9 Tahun Kurta Lengan Pendek,87209199151,"Abu-abu,XL ( 8-9 Tahun )",,
783,17928117325,Best Seller Setelan Koko Anak Set Koko Anak Stelan Koko Anak Laki Laki Stelan Koko Anak Kemeja Koko Anak Baju Koko Anak Laki Setelan Koko Anak Laki Laki 3-9 Tahun Kurta Lengan Pendek,87209199143,"Merah Maroon,XL ( 8-9 Tahun )",,
784,17928117325,Best Seller Setelan Koko Anak Set Koko Anak Stelan Koko Anak Laki Laki Stelan Koko Anak Kemeja Koko Anak Baju Koko Anak Laki Setelan Koko Anak Laki Laki 3-9 Tahun Kurta Lengan Pendek,87209199146,"Coklat Susu,M ( 6 Tahun )",,
785,17928117325,Best Seller Setelan Koko Anak Set Koko Anak Stelan Koko Anak Laki Laki Stelan Koko Anak Kemeja Koko Anak Baju Koko Anak Laki Setelan Koko Anak Laki Laki 3-9 Tahun Kurta Lengan Pendek,87209199142,"Coklat Susu,XL ( 8-9 Tahun )",,
786,17928117325,Best Seller Setelan Koko Anak Set Koko Anak Stelan Koko Anak Laki Laki Stelan Koko Anak Kemeja Koko Anak Baju Koko Anak Laki Setelan Koko Anak Laki Laki 3-9 Tahun Kurta Lengan Pendek,87209199149,"Abu-abu,S ( 3-5 Tahun )",,
787,17928117325,Best Seller Setelan Koko Anak Set Koko Anak Stelan Koko Anak Laki Laki Stelan Koko Anak Kemeja Koko Anak Baju Koko Anak Laki Setelan Koko Anak Laki Laki 3-9 Tahun Kurta Lengan Pendek,87209199152,"Coklat Susu,L ( 7 Tahun )",,
788,17928117325,Best Seller Setelan Koko Anak Set Koko Anak Stelan Koko Anak Laki Laki Stelan Koko Anak Kemeja Koko Anak Baju Koko Anak Laki Setelan Koko Anak Laki Laki 3-9 Tahun Kurta Lengan Pendek,87209199154,"Putih,M ( 6 Tahun )",,
789,17928117325,Best Seller Setelan Koko Anak Set Koko Anak Stelan Koko Anak Laki Laki Stelan Koko Anak Kemeja Koko Anak Baju Koko Anak Laki Setelan Koko Anak Laki Laki 3-9 Tahun Kurta Lengan Pendek,87209199145,"Abu-abu,M ( 6 Tahun )",,
790,17928117325,Best Seller Setelan Koko Anak Set Koko Anak Stelan Koko Anak Laki Laki Stelan Koko Anak Kemeja Koko Anak Baju Koko Anak Laki Setelan Koko Anak Laki Laki 3-9 Tahun Kurta Lengan Pendek,87209199156,"Merah Maroon,S ( 3-5 Tahun )",,
847,17618962718,Best Seller Kolor Mizuno Celana Mizuno Full Printing Kolor Olahraga Pria Kolor Volly Celana Pendek Kolor Pria Katok Kolor Pria Kolor Badminton Pria Kolor Lari Pria Joging,48452840123,"Garuda Biru,M",,
848,17618962718,Best Seller Kolor Mizuno Celana Mizuno Full Printing Kolor Olahraga Pria Kolor Volly Celana Pendek Kolor Pria Katok Kolor Pria Kolor Badminton Pria Kolor Lari Pria Joging,38453580142,"Kubus Hijau,XL",,
849,17618962718,Best Seller Kolor Mizuno Celana Mizuno Full Printing Kolor Olahraga Pria Kolor Volly Celana Pendek Kolor Pria Katok Kolor Pria Kolor Badminton Pria Kolor Lari Pria Joging,38453580150,"Garuda Hijau,L",,
850,17618962718,Best Seller Kolor Mizuno Celana Mizuno Full Printing Kolor Olahraga Pria Kolor Volly Celana Pendek Kolor Pria Katok Kolor Pria Kolor Badminton Pria Kolor Lari Pria Joging,48452840127,"Garuda Hijau,M",,
851,17618962718,Best Seller Kolor Mizuno Celana Mizuno Full Printing Kolor Olahraga Pria Kolor Volly Celana Pendek Kolor Pria Katok Kolor Pria Kolor Badminton Pria Kolor Lari Pria Joging,38453580143,"Kubus Oren,M",,
852,17618962718,Best Seller Kolor Mizuno Celana Mizuno Full Printing Kolor Olahraga Pria Kolor Volly Celana Pendek Kolor Pria Katok Kolor Pria Kolor Badminton Pria Kolor Lari Pria Joging,38453580152,"Kubus Biru,XL",,
853,17618962718,Best Seller Kolor Mizuno Celana Mizuno Full Printing Kolor Olahraga Pria Kolor Volly Celana Pendek Kolor Pria Katok Kolor Pria Kolor Badminton Pria Kolor Lari Pria Joging,48452840125,"Garuda Merah,L",,
854,17618962718,Best Seller Kolor Mizuno Celana Mizuno Full Printing Kolor Olahraga Pria Kolor Volly Celana Pendek Kolor Pria Katok Kolor Pria Kolor Badminton Pria Kolor Lari Pria Joging,38453580137,"Garuda Oren,XL",,
855,17618962718,Best Seller Kolor Mizuno Celana Mizuno Full Printing Kolor Olahraga Pria Kolor Volly Celana Pendek Kolor Pria Katok Kolor Pria Kolor Badminton Pria Kolor Lari Pria Joging,38453580144,"Garuda Biru,L",,
856,17618962718,Best Seller Kolor Mizuno Celana Mizuno Full Printing Kolor Olahraga Pria Kolor Volly Celana Pendek Kolor Pria Katok Kolor Pria Kolor Badminton Pria Kolor Lari Pria Joging,38453580154,"Garuda Biru,XL",,
857,17618962718,Best Seller Kolor Mizuno Celana Mizuno Full Printing Kolor Olahraga Pria Kolor Volly Celana Pendek Kolor Pria Katok Kolor Pria Kolor Badminton Pria Kolor Lari Pria Joging,48452840124,"Kubus Oren,XL",,
858,17618962718,Best Seller Kolor Mizuno Celana Mizuno Full Printing Kolor Olahraga Pria Kolor Volly Celana Pendek Kolor Pria Katok Kolor Pria Kolor Badminton Pria Kolor Lari Pria Joging,38453580138,"Kubus Hijau,M",,
859,17618962718,Best Seller Kolor Mizuno Celana Mizuno Full Printing Kolor Olahraga Pria Kolor Volly Celana Pendek Kolor Pria Katok Kolor Pria Kolor Badminton Pria Kolor Lari Pria Joging,38453580139,"Garuda Merah,M",,
860,17618962718,Best Seller Kolor Mizuno Celana Mizuno Full Printing Kolor Olahraga Pria Kolor Volly Celana Pendek Kolor Pria Katok Kolor Pria Kolor Badminton Pria Kolor Lari Pria Joging,38453580136,"Garuda Kuning,M",,
861,17618962718,Best Seller Kolor Mizuno Celana Mizuno Full Printing Kolor Olahraga Pria Kolor Volly Celana Pendek Kolor Pria Katok Kolor Pria Kolor Badminton Pria Kolor Lari Pria Joging,38453580145,"Garuda Kuning,L",,
862,17618962718,Best Seller Kolor Mizuno Celana Mizuno Full Printing Kolor Olahraga Pria Kolor Volly Celana Pendek Kolor Pria Katok Kolor Pria Kolor Badminton Pria Kolor Lari Pria Joging,48452840126,"Garuda Oren,L",,
863,17618962718,Best Seller Kolor Mizuno Celana Mizuno Full Printing Kolor Olahraga Pria Kolor Volly Celana Pendek Kolor Pria Katok Kolor Pria Kolor Badminton Pria Kolor Lari Pria Joging,38453580146,"Garuda Kuning,XL",,
864,17618962718,Best Seller Kolor Mizuno Celana Mizuno Full Printing Kolor Olahraga Pria Kolor Volly Celana Pendek Kolor Pria Katok Kolor Pria Kolor Badminton Pria Kolor Lari Pria Joging,38453580153,"Kubus Merah,L",,
865,17618962718,Best Seller Kolor Mizuno Celana Mizuno Full Printing Kolor Olahraga Pria Kolor Volly Celana Pendek Kolor Pria Katok Kolor Pria Kolor Badminton Pria Kolor Lari Pria Joging,38453580151,"Garuda Hijau,XL",,
866,17618962718,Best Seller Kolor Mizuno Celana Mizuno Full Printing Kolor Olahraga Pria Kolor Volly Celana Pendek Kolor Pria Katok Kolor Pria Kolor Badminton Pria Kolor Lari Pria Joging,38453580155,"Kubus Biru,L",,
867,17618962718,Best Seller Kolor Mizuno Celana Mizuno Full Printing Kolor Olahraga Pria Kolor Volly Celana Pendek Kolor Pria Katok Kolor Pria Kolor Badminton Pria Kolor Lari Pria Joging,38453580140,"Kubus Merah,XL",,
868,17618962718,Best Seller Kolor Mizuno Celana Mizuno Full Printing Kolor Olahraga Pria Kolor Volly Celana Pendek Kolor Pria Katok Kolor Pria Kolor Badminton Pria Kolor Lari Pria Joging,38453580141,"Kubus Kuning,M",,
869,17618962718,Best Seller Kolor Mizuno Celana Mizuno Full Printing Kolor Olahraga Pria Kolor Volly Celana Pendek Kolor Pria Katok Kolor Pria Kolor Badminton Pria Kolor Lari Pria Joging,48452840122,"Kubus Hijau,L",,
870,17618962718,Best Seller Kolor Mizuno Celana Mizuno Full Printing Kolor Olahraga Pria Kolor Volly Celana Pendek Kolor Pria Katok Kolor Pria Kolor Badminton Pria Kolor Lari Pria Joging,48452840121,"Kubus Kuning,XL",,
871,17618962718,Best Seller Kolor Mizuno Celana Mizuno Full Printing Kolor Olahraga Pria Kolor Volly Celana Pendek Kolor Pria Katok Kolor Pria Kolor Badminton Pria Kolor Lari Pria Joging,38453580147,"Kubus Biru,M",,
872,17618962718,Best Seller Kolor Mizuno Celana Mizuno Full Printing Kolor Olahraga Pria Kolor Volly Celana Pendek Kolor Pria Katok Kolor Pria Kolor Badminton Pria Kolor Lari Pria Joging,38453580135,"Garuda Merah,XL",,
873,17618962718,Best Seller Kolor Mizuno Celana Mizuno Full Printing Kolor Olahraga Pria Kolor Volly Celana Pendek Kolor Pria Katok Kolor Pria Kolor Badminton Pria Kolor Lari Pria Joging,48452840128,"Kubus Oren,L",,
874,17618962718,Best Seller Kolor Mizuno Celana Mizuno Full Printing Kolor Olahraga Pria Kolor Volly Celana Pendek Kolor Pria Katok Kolor Pria Kolor Badminton Pria Kolor Lari Pria Joging,38453580149,"Garuda Oren,M",,
875,17618962718,Best Seller Kolor Mizuno Celana Mizuno Full Printing Kolor Olahraga Pria Kolor Volly Celana Pendek Kolor Pria Katok Kolor Pria Kolor Badminton Pria Kolor Lari Pria Joging,38453580148,"Kubus Merah,M",,
876,17618962718,Best Seller Kolor Mizuno Celana Mizuno Full Printing Kolor Olahraga Pria Kolor Volly Celana Pendek Kolor Pria Katok Kolor Pria Kolor Badminton Pria Kolor Lari Pria Joging,48452840120,"Kubus Kuning,L",,
877,17338071748,Kaos Dalam Anak Lusinan 12 Pcs 3 Warna Singlet Anak Lusinan Laki Laki Perempuan Singlet Anak 1 Lusin,97320182288,XL (6 PCS),,
878,17338071748,Kaos Dalam Anak Lusinan 12 Pcs 3 Warna Singlet Anak Lusinan Laki Laki Perempuan Singlet Anak 1 Lusin,97320182293,XXXL = L3 (6 PCS),,
879,17338071748,Kaos Dalam Anak Lusinan 12 Pcs 3 Warna Singlet Anak Lusinan Laki Laki Perempuan Singlet Anak 1 Lusin,97320182291,XL (12 PCS),,
880,17338071748,Kaos Dalam Anak Lusinan 12 Pcs 3 Warna Singlet Anak Lusinan Laki Laki Perempuan Singlet Anak 1 Lusin,97320182287,L (6 PCS),,
881,17338071748,Kaos Dalam Anak Lusinan 12 Pcs 3 Warna Singlet Anak Lusinan Laki Laki Perempuan Singlet Anak 1 Lusin,97320182295,M (12 PCS),,
882,17338071748,Kaos Dalam Anak Lusinan 12 Pcs 3 Warna Singlet Anak Lusinan Laki Laki Perempuan Singlet Anak 1 Lusin,97320182294,S (12 PCS),,
883,17338071748,Kaos Dalam Anak Lusinan 12 Pcs 3 Warna Singlet Anak Lusinan Laki Laki Perempuan Singlet Anak 1 Lusin,97320182289,L (12 PCS),,
884,17338071748,Kaos Dalam Anak Lusinan 12 Pcs 3 Warna Singlet Anak Lusinan Laki Laki Perempuan Singlet Anak 1 Lusin,97320182286,S (6 PCS),,
885,17338071748,Kaos Dalam Anak Lusinan 12 Pcs 3 Warna Singlet Anak Lusinan Laki Laki Perempuan Singlet Anak 1 Lusin,97320182290,XXXL = L3 (12 PCS),,
886,17338071748,Kaos Dalam Anak Lusinan 12 Pcs 3 Warna Singlet Anak Lusinan Laki Laki Perempuan Singlet Anak 1 Lusin,97320182292,M (6 PCS),,
908,16307270256,Best Seller Celana Sirwal Cargo Pria Dewasa Celana Cingkrang Pria Celana Sirwal Kargo Celana Cargo Pria Panjang Celana Muslim Pria,174415061795,"Army Tua,XXL",,
909,16307270256,Best Seller Celana Sirwal Cargo Pria Dewasa Celana Cingkrang Pria Celana Sirwal Kargo Celana Cargo Pria Panjang Celana Muslim Pria,174415061776,"Abu Tua,L",,
910,16307270256,Best Seller Celana Sirwal Cargo Pria Dewasa Celana Cingkrang Pria Celana Sirwal Kargo Celana Cargo Pria Panjang Celana Muslim Pria,174415061781,"Abu Tua,XXL",,
911,16307270256,Best Seller Celana Sirwal Cargo Pria Dewasa Celana Cingkrang Pria Celana Sirwal Kargo Celana Cargo Pria Panjang Celana Muslim Pria,174415061790,"Abu Tua,XL",,
912,16307270256,Best Seller Celana Sirwal Cargo Pria Dewasa Celana Cingkrang Pria Celana Sirwal Kargo Celana Cargo Pria Panjang Celana Muslim Pria,174415061787,"Army Tua,L",,
913,16307270256,Best Seller Celana Sirwal Cargo Pria Dewasa Celana Cingkrang Pria Celana Sirwal Kargo Celana Cargo Pria Panjang Celana Muslim Pria,174415061780,"Navy,L",,
914,16307270256,Best Seller Celana Sirwal Cargo Pria Dewasa Celana Cingkrang Pria Celana Sirwal Kargo Celana Cargo Pria Panjang Celana Muslim Pria,174415061777,"Olive,M",,
915,16307270256,Best Seller Celana Sirwal Cargo Pria Dewasa Celana Cingkrang Pria Celana Sirwal Kargo Celana Cargo Pria Panjang Celana Muslim Pria,174415061791,"Olive,XL",,
916,16307270256,Best Seller Celana Sirwal Cargo Pria Dewasa Celana Cingkrang Pria Celana Sirwal Kargo Celana Cargo Pria Panjang Celana Muslim Pria,174415061793,"Hitam,M",,
917,16307270256,Best Seller Celana Sirwal Cargo Pria Dewasa Celana Cingkrang Pria Celana Sirwal Kargo Celana Cargo Pria Panjang Celana Muslim Pria,174415061794,"Abu Tua,M",,
918,16307270256,Best Seller Celana Sirwal Cargo Pria Dewasa Celana Cingkrang Pria Celana Sirwal Kargo Celana Cargo Pria Panjang Celana Muslim Pria,174415061798,"Pemda,XXL",,
919,16307270256,Best Seller Celana Sirwal Cargo Pria Dewasa Celana Cingkrang Pria Celana Sirwal Kargo Celana Cargo Pria Panjang Celana Muslim Pria,174415061782,"Pemda,M",,
920,16307270256,Best Seller Celana Sirwal Cargo Pria Dewasa Celana Cingkrang Pria Celana Sirwal Kargo Celana Cargo Pria Panjang Celana Muslim Pria,174415061773,"Pemda,L",,
921,16307270256,Best Seller Celana Sirwal Cargo Pria Dewasa Celana Cingkrang Pria Celana Sirwal Kargo Celana Cargo Pria Panjang Celana Muslim Pria,174415061788,"Hitam,XXL",,
922,16307270256,Best Seller Celana Sirwal Cargo Pria Dewasa Celana Cingkrang Pria Celana Sirwal Kargo Celana Cargo Pria Panjang Celana Muslim Pria,174415061778,"Olive,L",,
923,16307270256,Best Seller Celana Sirwal Cargo Pria Dewasa Celana Cingkrang Pria Celana Sirwal Kargo Celana Cargo Pria Panjang Celana Muslim Pria,174415061789,"Navy,M",,
924,16307270256,Best Seller Celana Sirwal Cargo Pria Dewasa Celana Cingkrang Pria Celana Sirwal Kargo Celana Cargo Pria Panjang Celana Muslim Pria,174415061784,"Krem,XL",,
925,16307270256,Best Seller Celana Sirwal Cargo Pria Dewasa Celana Cingkrang Pria Celana Sirwal Kargo Celana Cargo Pria Panjang Celana Muslim Pria,174415061775,"Krem,L",,
926,16307270256,Best Seller Celana Sirwal Cargo Pria Dewasa Celana Cingkrang Pria Celana Sirwal Kargo Celana Cargo Pria Panjang Celana Muslim Pria,174415061797,"Krem,M",,
927,16307270256,Best Seller Celana Sirwal Cargo Pria Dewasa Celana Cingkrang Pria Celana Sirwal Kargo Celana Cargo Pria Panjang Celana Muslim Pria,174415061783,"Army Tua,XL",,
928,16307270256,Best Seller Celana Sirwal Cargo Pria Dewasa Celana Cingkrang Pria Celana Sirwal Kargo Celana Cargo Pria Panjang Celana Muslim Pria,174415061792,"Pemda,XL",,
929,16307270256,Best Seller Celana Sirwal Cargo Pria Dewasa Celana Cingkrang Pria Celana Sirwal Kargo Celana Cargo Pria Panjang Celana Muslim Pria,174415061785,"Krem,XXL",,
930,16307270256,Best Seller Celana Sirwal Cargo Pria Dewasa Celana Cingkrang Pria Celana Sirwal Kargo Celana Cargo Pria Panjang Celana Muslim Pria,174415061771,"Hitam,L",,
931,16307270256,Best Seller Celana Sirwal Cargo Pria Dewasa Celana Cingkrang Pria Celana Sirwal Kargo Celana Cargo Pria Panjang Celana Muslim Pria,174415061786,"Army Tua,M",,
932,16307270256,Best Seller Celana Sirwal Cargo Pria Dewasa Celana Cingkrang Pria Celana Sirwal Kargo Celana Cargo Pria Panjang Celana Muslim Pria,174415061774,"Navy,XXL",,
933,16307270256,Best Seller Celana Sirwal Cargo Pria Dewasa Celana Cingkrang Pria Celana Sirwal Kargo Celana Cargo Pria Panjang Celana Muslim Pria,174415061796,"Hitam,XL",,
934,16307270256,Best Seller Celana Sirwal Cargo Pria Dewasa Celana Cingkrang Pria Celana Sirwal Kargo Celana Cargo Pria Panjang Celana Muslim Pria,174415061772,"Navy,XL",,
935,16307270256,Best Seller Celana Sirwal Cargo Pria Dewasa Celana Cingkrang Pria Celana Sirwal Kargo Celana Cargo Pria Panjang Celana Muslim Pria,174415061779,"Olive,XXL",,
996,16092916076,Best Seller 2 In 1 Blazer Pria Dan Rompi Formal Tuxedo Bahan Premium Korean Style Jas Kantoran Outfit Wisuda Pakaian Nikah Laki Laki  Pakaian Sidang Skripsi Pakaian Meeting,213904550600,"Biru Langit,M",,
997,16092916076,Best Seller 2 In 1 Blazer Pria Dan Rompi Formal Tuxedo Bahan Premium Korean Style Jas Kantoran Outfit Wisuda Pakaian Nikah Laki Laki  Pakaian Sidang Skripsi Pakaian Meeting,99745404335,"Moka,S",,
998,16092916076,Best Seller 2 In 1 Blazer Pria Dan Rompi Formal Tuxedo Bahan Premium Korean Style Jas Kantoran Outfit Wisuda Pakaian Nikah Laki Laki  Pakaian Sidang Skripsi Pakaian Meeting,194148430686,"Burgundy,XXL",,
999,16092916076,Best Seller 2 In 1 Blazer Pria Dan Rompi Formal Tuxedo Bahan Premium Korean Style Jas Kantoran Outfit Wisuda Pakaian Nikah Laki Laki  Pakaian Sidang Skripsi Pakaian Meeting,213904550610,"Navy,M",,
1000,16092916076,Best Seller 2 In 1 Blazer Pria Dan Rompi Formal Tuxedo Bahan Premium Korean Style Jas Kantoran Outfit Wisuda Pakaian Nikah Laki Laki  Pakaian Sidang Skripsi Pakaian Meeting,213904550609,"Navy,S",,
1001,16092916076,Best Seller 2 In 1 Blazer Pria Dan Rompi Formal Tuxedo Bahan Premium Korean Style Jas Kantoran Outfit Wisuda Pakaian Nikah Laki Laki  Pakaian Sidang Skripsi Pakaian Meeting,213904550597,"Biru Langit,XL",,
1002,16092916076,Best Seller 2 In 1 Blazer Pria Dan Rompi Formal Tuxedo Bahan Premium Korean Style Jas Kantoran Outfit Wisuda Pakaian Nikah Laki Laki  Pakaian Sidang Skripsi Pakaian Meeting,213904550584,"Hitam,XL",,
1003,16092916076,Best Seller 2 In 1 Blazer Pria Dan Rompi Formal Tuxedo Bahan Premium Korean Style Jas Kantoran Outfit Wisuda Pakaian Nikah Laki Laki  Pakaian Sidang Skripsi Pakaian Meeting,213904550598,"Navy,L",,
1004,16092916076,Best Seller 2 In 1 Blazer Pria Dan Rompi Formal Tuxedo Bahan Premium Korean Style Jas Kantoran Outfit Wisuda Pakaian Nikah Laki Laki  Pakaian Sidang Skripsi Pakaian Meeting,213904550611,"Marun,XL",,
1005,16092916076,Best Seller 2 In 1 Blazer Pria Dan Rompi Formal Tuxedo Bahan Premium Korean Style Jas Kantoran Outfit Wisuda Pakaian Nikah Laki Laki  Pakaian Sidang Skripsi Pakaian Meeting,213904550589,"Marun,L",,
1006,16092916076,Best Seller 2 In 1 Blazer Pria Dan Rompi Formal Tuxedo Bahan Premium Korean Style Jas Kantoran Outfit Wisuda Pakaian Nikah Laki Laki  Pakaian Sidang Skripsi Pakaian Meeting,194148430689,"Burgundy,L",,
1007,16092916076,Best Seller 2 In 1 Blazer Pria Dan Rompi Formal Tuxedo Bahan Premium Korean Style Jas Kantoran Outfit Wisuda Pakaian Nikah Laki Laki  Pakaian Sidang Skripsi Pakaian Meeting,213904550585,"Navy,XXL",,
1008,16092916076,Best Seller 2 In 1 Blazer Pria Dan Rompi Formal Tuxedo Bahan Premium Korean Style Jas Kantoran Outfit Wisuda Pakaian Nikah Laki Laki  Pakaian Sidang Skripsi Pakaian Meeting,213904550595,"Abu,XL",,
1009,16092916076,Best Seller 2 In 1 Blazer Pria Dan Rompi Formal Tuxedo Bahan Premium Korean Style Jas Kantoran Outfit Wisuda Pakaian Nikah Laki Laki  Pakaian Sidang Skripsi Pakaian Meeting,194148430681,"Burgundy,M",,
1010,16092916076,Best Seller 2 In 1 Blazer Pria Dan Rompi Formal Tuxedo Bahan Premium Korean Style Jas Kantoran Outfit Wisuda Pakaian Nikah Laki Laki  Pakaian Sidang Skripsi Pakaian Meeting,99745404338,"Moka,XL",,
1011,16092916076,Best Seller 2 In 1 Blazer Pria Dan Rompi Formal Tuxedo Bahan Premium Korean Style Jas Kantoran Outfit Wisuda Pakaian Nikah Laki Laki  Pakaian Sidang Skripsi Pakaian Meeting,213904550601,"Hitam,S",,
1012,16092916076,Best Seller 2 In 1 Blazer Pria Dan Rompi Formal Tuxedo Bahan Premium Korean Style Jas Kantoran Outfit Wisuda Pakaian Nikah Laki Laki  Pakaian Sidang Skripsi Pakaian Meeting,194148430687,"Putih,XL",,
1013,16092916076,Best Seller 2 In 1 Blazer Pria Dan Rompi Formal Tuxedo Bahan Premium Korean Style Jas Kantoran Outfit Wisuda Pakaian Nikah Laki Laki  Pakaian Sidang Skripsi Pakaian Meeting,213904550586,"Marun,M",,
1014,16092916076,Best Seller 2 In 1 Blazer Pria Dan Rompi Formal Tuxedo Bahan Premium Korean Style Jas Kantoran Outfit Wisuda Pakaian Nikah Laki Laki  Pakaian Sidang Skripsi Pakaian Meeting,213904550587,"Biru Langit,XXL",,
1015,16092916076,Best Seller 2 In 1 Blazer Pria Dan Rompi Formal Tuxedo Bahan Premium Korean Style Jas Kantoran Outfit Wisuda Pakaian Nikah Laki Laki  Pakaian Sidang Skripsi Pakaian Meeting,99745404337,"Moka,L",,
1016,16092916076,Best Seller 2 In 1 Blazer Pria Dan Rompi Formal Tuxedo Bahan Premium Korean Style Jas Kantoran Outfit Wisuda Pakaian Nikah Laki Laki  Pakaian Sidang Skripsi Pakaian Meeting,194148430688,"Burgundy,S",,
1017,16092916076,Best Seller 2 In 1 Blazer Pria Dan Rompi Formal Tuxedo Bahan Premium Korean Style Jas Kantoran Outfit Wisuda Pakaian Nikah Laki Laki  Pakaian Sidang Skripsi Pakaian Meeting,194148430683,"Putih,S",,
1018,16092916076,Best Seller 2 In 1 Blazer Pria Dan Rompi Formal Tuxedo Bahan Premium Korean Style Jas Kantoran Outfit Wisuda Pakaian Nikah Laki Laki  Pakaian Sidang Skripsi Pakaian Meeting,213904550604,"Biru Langit,S",,
1019,16092916076,Best Seller 2 In 1 Blazer Pria Dan Rompi Formal Tuxedo Bahan Premium Korean Style Jas Kantoran Outfit Wisuda Pakaian Nikah Laki Laki  Pakaian Sidang Skripsi Pakaian Meeting,213904550593,"Hitam,XXL",,
1020,16092916076,Best Seller 2 In 1 Blazer Pria Dan Rompi Formal Tuxedo Bahan Premium Korean Style Jas Kantoran Outfit Wisuda Pakaian Nikah Laki Laki  Pakaian Sidang Skripsi Pakaian Meeting,89380909336,"Merah cabe,M",,
1021,16092916076,Best Seller 2 In 1 Blazer Pria Dan Rompi Formal Tuxedo Bahan Premium Korean Style Jas Kantoran Outfit Wisuda Pakaian Nikah Laki Laki  Pakaian Sidang Skripsi Pakaian Meeting,194148430690,"Burgundy,XXXL",,
1022,16092916076,Best Seller 2 In 1 Blazer Pria Dan Rompi Formal Tuxedo Bahan Premium Korean Style Jas Kantoran Outfit Wisuda Pakaian Nikah Laki Laki  Pakaian Sidang Skripsi Pakaian Meeting,194148430692,"Putih,XXL",,
1023,16092916076,Best Seller 2 In 1 Blazer Pria Dan Rompi Formal Tuxedo Bahan Premium Korean Style Jas Kantoran Outfit Wisuda Pakaian Nikah Laki Laki  Pakaian Sidang Skripsi Pakaian Meeting,213904550603,"Marun,S",,
1024,16092916076,Best Seller 2 In 1 Blazer Pria Dan Rompi Formal Tuxedo Bahan Premium Korean Style Jas Kantoran Outfit Wisuda Pakaian Nikah Laki Laki  Pakaian Sidang Skripsi Pakaian Meeting,213904550608,"Hitam,M",,
1025,16092916076,Best Seller 2 In 1 Blazer Pria Dan Rompi Formal Tuxedo Bahan Premium Korean Style Jas Kantoran Outfit Wisuda Pakaian Nikah Laki Laki  Pakaian Sidang Skripsi Pakaian Meeting,194148430691,"Burgundy,XL",,
1026,16092916076,Best Seller 2 In 1 Blazer Pria Dan Rompi Formal Tuxedo Bahan Premium Korean Style Jas Kantoran Outfit Wisuda Pakaian Nikah Laki Laki  Pakaian Sidang Skripsi Pakaian Meeting,194148430684,"Putih,M",,
1027,16092916076,Best Seller 2 In 1 Blazer Pria Dan Rompi Formal Tuxedo Bahan Premium Korean Style Jas Kantoran Outfit Wisuda Pakaian Nikah Laki Laki  Pakaian Sidang Skripsi Pakaian Meeting,213904550596,"Abu,XXL",,
1028,16092916076,Best Seller 2 In 1 Blazer Pria Dan Rompi Formal Tuxedo Bahan Premium Korean Style Jas Kantoran Outfit Wisuda Pakaian Nikah Laki Laki  Pakaian Sidang Skripsi Pakaian Meeting,213904550582,"Abu,M",,
1029,16092916076,Best Seller 2 In 1 Blazer Pria Dan Rompi Formal Tuxedo Bahan Premium Korean Style Jas Kantoran Outfit Wisuda Pakaian Nikah Laki Laki  Pakaian Sidang Skripsi Pakaian Meeting,89380909337,"Merah cabe,S",,
1030,16092916076,Best Seller 2 In 1 Blazer Pria Dan Rompi Formal Tuxedo Bahan Premium Korean Style Jas Kantoran Outfit Wisuda Pakaian Nikah Laki Laki  Pakaian Sidang Skripsi Pakaian Meeting,89380909333,"Merah cabe,XXL",,
1031,16092916076,Best Seller 2 In 1 Blazer Pria Dan Rompi Formal Tuxedo Bahan Premium Korean Style Jas Kantoran Outfit Wisuda Pakaian Nikah Laki Laki  Pakaian Sidang Skripsi Pakaian Meeting,99745404336,"Moka,M",,
1032,16092916076,Best Seller 2 In 1 Blazer Pria Dan Rompi Formal Tuxedo Bahan Premium Korean Style Jas Kantoran Outfit Wisuda Pakaian Nikah Laki Laki  Pakaian Sidang Skripsi Pakaian Meeting,194148430682,"Putih,XXXL",,
1033,16092916076,Best Seller 2 In 1 Blazer Pria Dan Rompi Formal Tuxedo Bahan Premium Korean Style Jas Kantoran Outfit Wisuda Pakaian Nikah Laki Laki  Pakaian Sidang Skripsi Pakaian Meeting,213904550599,"Navy,XXXL",,
1034,16092916076,Best Seller 2 In 1 Blazer Pria Dan Rompi Formal Tuxedo Bahan Premium Korean Style Jas Kantoran Outfit Wisuda Pakaian Nikah Laki Laki  Pakaian Sidang Skripsi Pakaian Meeting,213904550607,"Abu,XXXL",,
1035,16092916076,Best Seller 2 In 1 Blazer Pria Dan Rompi Formal Tuxedo Bahan Premium Korean Style Jas Kantoran Outfit Wisuda Pakaian Nikah Laki Laki  Pakaian Sidang Skripsi Pakaian Meeting,213904550592,"Hitam,L",,
1036,16092916076,Best Seller 2 In 1 Blazer Pria Dan Rompi Formal Tuxedo Bahan Premium Korean Style Jas Kantoran Outfit Wisuda Pakaian Nikah Laki Laki  Pakaian Sidang Skripsi Pakaian Meeting,213904550606,"Hitam,XXXL",,
1037,16092916076,Best Seller 2 In 1 Blazer Pria Dan Rompi Formal Tuxedo Bahan Premium Korean Style Jas Kantoran Outfit Wisuda Pakaian Nikah Laki Laki  Pakaian Sidang Skripsi Pakaian Meeting,89380909338,"Merah cabe,L",,
1038,16092916076,Best Seller 2 In 1 Blazer Pria Dan Rompi Formal Tuxedo Bahan Premium Korean Style Jas Kantoran Outfit Wisuda Pakaian Nikah Laki Laki  Pakaian Sidang Skripsi Pakaian Meeting,213904550594,"Abu,S",,
1039,16092916076,Best Seller 2 In 1 Blazer Pria Dan Rompi Formal Tuxedo Bahan Premium Korean Style Jas Kantoran Outfit Wisuda Pakaian Nikah Laki Laki  Pakaian Sidang Skripsi Pakaian Meeting,213904550583,"Biru Langit,XXXL",,
1040,16092916076,Best Seller 2 In 1 Blazer Pria Dan Rompi Formal Tuxedo Bahan Premium Korean Style Jas Kantoran Outfit Wisuda Pakaian Nikah Laki Laki  Pakaian Sidang Skripsi Pakaian Meeting,213904550602,"Abu,L",,
1041,16092916076,Best Seller 2 In 1 Blazer Pria Dan Rompi Formal Tuxedo Bahan Premium Korean Style Jas Kantoran Outfit Wisuda Pakaian Nikah Laki Laki  Pakaian Sidang Skripsi Pakaian Meeting,213904550588,"Navy,XL",,
1042,16092916076,Best Seller 2 In 1 Blazer Pria Dan Rompi Formal Tuxedo Bahan Premium Korean Style Jas Kantoran Outfit Wisuda Pakaian Nikah Laki Laki  Pakaian Sidang Skripsi Pakaian Meeting,89380909335,"Merah cabe,XL",,
1043,16092916076,Best Seller 2 In 1 Blazer Pria Dan Rompi Formal Tuxedo Bahan Premium Korean Style Jas Kantoran Outfit Wisuda Pakaian Nikah Laki Laki  Pakaian Sidang Skripsi Pakaian Meeting,89380909334,"Merah cabe,XXXL",,
1044,16092916076,Best Seller 2 In 1 Blazer Pria Dan Rompi Formal Tuxedo Bahan Premium Korean Style Jas Kantoran Outfit Wisuda Pakaian Nikah Laki Laki  Pakaian Sidang Skripsi Pakaian Meeting,194148430685,"Putih,L",,
1045,16092916076,Best Seller 2 In 1 Blazer Pria Dan Rompi Formal Tuxedo Bahan Premium Korean Style Jas Kantoran Outfit Wisuda Pakaian Nikah Laki Laki  Pakaian Sidang Skripsi Pakaian Meeting,99745404339,"Moka,XXL",,
1046,16092916076,Best Seller 2 In 1 Blazer Pria Dan Rompi Formal Tuxedo Bahan Premium Korean Style Jas Kantoran Outfit Wisuda Pakaian Nikah Laki Laki  Pakaian Sidang Skripsi Pakaian Meeting,213904550591,"Marun,XXXL",,
1047,16092916076,Best Seller 2 In 1 Blazer Pria Dan Rompi Formal Tuxedo Bahan Premium Korean Style Jas Kantoran Outfit Wisuda Pakaian Nikah Laki Laki  Pakaian Sidang Skripsi Pakaian Meeting,99745404340,"Moka,XXXL",,
1048,16092916076,Best Seller 2 In 1 Blazer Pria Dan Rompi Formal Tuxedo Bahan Premium Korean Style Jas Kantoran Outfit Wisuda Pakaian Nikah Laki Laki  Pakaian Sidang Skripsi Pakaian Meeting,213904550605,"Biru Langit,L",,
1049,16092916076,Best Seller 2 In 1 Blazer Pria Dan Rompi Formal Tuxedo Bahan Premium Korean Style Jas Kantoran Outfit Wisuda Pakaian Nikah Laki Laki  Pakaian Sidang Skripsi Pakaian Meeting,213904550590,"Marun,XXL",,
1050,15991304773,Best Seller Jas Mandarin Pria Cheong Sam Jas Koko Mandarin Jasko Mandarin Fashion Muslim Jas Koko Muslim,69008609641,"Hitam,S",,
1051,15991304773,Best Seller Jas Mandarin Pria Cheong Sam Jas Koko Mandarin Jasko Mandarin Fashion Muslim Jas Koko Muslim,181796500397,"Hitam,L",,
1052,15991304773,Best Seller Jas Mandarin Pria Cheong Sam Jas Koko Mandarin Jasko Mandarin Fashion Muslim Jas Koko Muslim,69008609642,"Hitam,XL",,
1053,15991304773,Best Seller Jas Mandarin Pria Cheong Sam Jas Koko Mandarin Jasko Mandarin Fashion Muslim Jas Koko Muslim,79008349618,"Abu,S",,
1054,15991304773,Best Seller Jas Mandarin Pria Cheong Sam Jas Koko Mandarin Jasko Mandarin Fashion Muslim Jas Koko Muslim,69008609637,"Putih,XXL",,
1055,15991304773,Best Seller Jas Mandarin Pria Cheong Sam Jas Koko Mandarin Jasko Mandarin Fashion Muslim Jas Koko Muslim,69008609643,"Putih,M",,
1056,15991304773,Best Seller Jas Mandarin Pria Cheong Sam Jas Koko Mandarin Jasko Mandarin Fashion Muslim Jas Koko Muslim,69008609634,"Putih,XS",,
1057,15991304773,Best Seller Jas Mandarin Pria Cheong Sam Jas Koko Mandarin Jasko Mandarin Fashion Muslim Jas Koko Muslim,69008609638,"Abu,L",,
1058,15991304773,Best Seller Jas Mandarin Pria Cheong Sam Jas Koko Mandarin Jasko Mandarin Fashion Muslim Jas Koko Muslim,69008609629,"Abu,XXXL",,
1059,15991304773,Best Seller Jas Mandarin Pria Cheong Sam Jas Koko Mandarin Jasko Mandarin Fashion Muslim Jas Koko Muslim,69008609639,"Hitam,XS",,
1060,15991304773,Best Seller Jas Mandarin Pria Cheong Sam Jas Koko Mandarin Jasko Mandarin Fashion Muslim Jas Koko Muslim,69008609640,"Putih,S",,
1061,15991304773,Best Seller Jas Mandarin Pria Cheong Sam Jas Koko Mandarin Jasko Mandarin Fashion Muslim Jas Koko Muslim,69008609630,"Putih,XXXL",,
1062,15991304773,Best Seller Jas Mandarin Pria Cheong Sam Jas Koko Mandarin Jasko Mandarin Fashion Muslim Jas Koko Muslim,79008349619,"Abu,XXL",,
1063,15991304773,Best Seller Jas Mandarin Pria Cheong Sam Jas Koko Mandarin Jasko Mandarin Fashion Muslim Jas Koko Muslim,69008609632,"Hitam,M",,
1064,15991304773,Best Seller Jas Mandarin Pria Cheong Sam Jas Koko Mandarin Jasko Mandarin Fashion Muslim Jas Koko Muslim,69008609633,"Hitam,XXL",,
1065,15991304773,Best Seller Jas Mandarin Pria Cheong Sam Jas Koko Mandarin Jasko Mandarin Fashion Muslim Jas Koko Muslim,69008609627,"Abu,XS",,
1066,15991304773,Best Seller Jas Mandarin Pria Cheong Sam Jas Koko Mandarin Jasko Mandarin Fashion Muslim Jas Koko Muslim,69008609636,"Putih,XL",,
1067,15991304773,Best Seller Jas Mandarin Pria Cheong Sam Jas Koko Mandarin Jasko Mandarin Fashion Muslim Jas Koko Muslim,69008609635,"Putih,L",,
1068,15991304773,Best Seller Jas Mandarin Pria Cheong Sam Jas Koko Mandarin Jasko Mandarin Fashion Muslim Jas Koko Muslim,69008609628,"Abu,XL",,
1069,15991304773,Best Seller Jas Mandarin Pria Cheong Sam Jas Koko Mandarin Jasko Mandarin Fashion Muslim Jas Koko Muslim,69008609631,"Abu,M",,
1070,15991304773,Best Seller Jas Mandarin Pria Cheong Sam Jas Koko Mandarin Jasko Mandarin Fashion Muslim Jas Koko Muslim,69008609626,"Hitam,XXXL",,
1127,15790000534,Best Seller Celana Kulot High Waist Wanita Style Korean Cullote Loose Pants Bahan Adem Dan Tebal Juga Jatuh,117094191762,"Rose Gold,XL",,
1128,15790000534,Best Seller Celana Kulot High Waist Wanita Style Korean Cullote Loose Pants Bahan Adem Dan Tebal Juga Jatuh,117094191759,"Mocca,L",,
1129,15790000534,Best Seller Celana Kulot High Waist Wanita Style Korean Cullote Loose Pants Bahan Adem Dan Tebal Juga Jatuh,117094191755,"Rose Gold,M",,
1130,15790000534,Best Seller Celana Kulot High Waist Wanita Style Korean Cullote Loose Pants Bahan Adem Dan Tebal Juga Jatuh,117094191766,"Hitam,XL",,
1131,15790000534,Best Seller Celana Kulot High Waist Wanita Style Korean Cullote Loose Pants Bahan Adem Dan Tebal Juga Jatuh,117094191765,"Mocca,M",,
1132,15790000534,Best Seller Celana Kulot High Waist Wanita Style Korean Cullote Loose Pants Bahan Adem Dan Tebal Juga Jatuh,117094191749,"Abu Tua,M",,
1133,15790000534,Best Seller Celana Kulot High Waist Wanita Style Korean Cullote Loose Pants Bahan Adem Dan Tebal Juga Jatuh,117094191754,"Latte,M",,
1134,15790000534,Best Seller Celana Kulot High Waist Wanita Style Korean Cullote Loose Pants Bahan Adem Dan Tebal Juga Jatuh,117094191752,"Abu Muda,L",,
1135,15790000534,Best Seller Celana Kulot High Waist Wanita Style Korean Cullote Loose Pants Bahan Adem Dan Tebal Juga Jatuh,117094191751,"Abu Muda,M",,
1136,15790000534,Best Seller Celana Kulot High Waist Wanita Style Korean Cullote Loose Pants Bahan Adem Dan Tebal Juga Jatuh,117094191767,"Navy,M",,
1137,15790000534,Best Seller Celana Kulot High Waist Wanita Style Korean Cullote Loose Pants Bahan Adem Dan Tebal Juga Jatuh,117094191756,"Abu Tua,L",,
1138,15790000534,Best Seller Celana Kulot High Waist Wanita Style Korean Cullote Loose Pants Bahan Adem Dan Tebal Juga Jatuh,117094191753,"Hitam,L",,
1139,15790000534,Best Seller Celana Kulot High Waist Wanita Style Korean Cullote Loose Pants Bahan Adem Dan Tebal Juga Jatuh,117094191764,"Hitam,M",,
1140,15790000534,Best Seller Celana Kulot High Waist Wanita Style Korean Cullote Loose Pants Bahan Adem Dan Tebal Juga Jatuh,117094191747,"Latte,L",,
1141,15790000534,Best Seller Celana Kulot High Waist Wanita Style Korean Cullote Loose Pants Bahan Adem Dan Tebal Juga Jatuh,117094191761,"Abu Muda,XL",,
1142,15790000534,Best Seller Celana Kulot High Waist Wanita Style Korean Cullote Loose Pants Bahan Adem Dan Tebal Juga Jatuh,117094191748,"Latte,XL",,
1143,15790000534,Best Seller Celana Kulot High Waist Wanita Style Korean Cullote Loose Pants Bahan Adem Dan Tebal Juga Jatuh,117094191750,"Abu Tua,XL",,
1144,15790000534,Best Seller Celana Kulot High Waist Wanita Style Korean Cullote Loose Pants Bahan Adem Dan Tebal Juga Jatuh,117094191757,"Rose Gold,L",,
1145,15790000534,Best Seller Celana Kulot High Waist Wanita Style Korean Cullote Loose Pants Bahan Adem Dan Tebal Juga Jatuh,117094191760,"Mocca,XL",,
1146,15790000534,Best Seller Celana Kulot High Waist Wanita Style Korean Cullote Loose Pants Bahan Adem Dan Tebal Juga Jatuh,117094191763,"Navy,XL",,
1147,15790000534,Best Seller Celana Kulot High Waist Wanita Style Korean Cullote Loose Pants Bahan Adem Dan Tebal Juga Jatuh,117094191758,"Navy,L",,
1148,15752296555,Best Seller Celana Sirwal Pria Polos Premium Celana Cingkrang Pria Celana Muslim Pria Celana Sirwal Premium Celana Cingkrang Pria,202249932109,"Moka,XL",,
1149,15752296555,Best Seller Celana Sirwal Pria Polos Premium Celana Cingkrang Pria Celana Muslim Pria Celana Sirwal Premium Celana Cingkrang Pria,202249932102,"Krem,XL",,
1150,15752296555,Best Seller Celana Sirwal Pria Polos Premium Celana Cingkrang Pria Celana Muslim Pria Celana Sirwal Premium Celana Cingkrang Pria,202249932094,"Hitam,L",,
1151,15752296555,Best Seller Celana Sirwal Pria Polos Premium Celana Cingkrang Pria Celana Muslim Pria Celana Sirwal Premium Celana Cingkrang Pria,202249932101,"Abu Lumut,L",,
1152,15752296555,Best Seller Celana Sirwal Pria Polos Premium Celana Cingkrang Pria Celana Muslim Pria Celana Sirwal Premium Celana Cingkrang Pria,202249932090,"Abu Lumut,XXL",,
1153,15752296555,Best Seller Celana Sirwal Pria Polos Premium Celana Cingkrang Pria Celana Muslim Pria Celana Sirwal Premium Celana Cingkrang Pria,202249932088,"Krem,M",,
1154,15752296555,Best Seller Celana Sirwal Pria Polos Premium Celana Cingkrang Pria Celana Muslim Pria Celana Sirwal Premium Celana Cingkrang Pria,202249932106,"Moka,M",,
1155,15752296555,Best Seller Celana Sirwal Pria Polos Premium Celana Cingkrang Pria Celana Muslim Pria Celana Sirwal Premium Celana Cingkrang Pria,202249932100,"Krem,XXL",,
1156,15752296555,Best Seller Celana Sirwal Pria Polos Premium Celana Cingkrang Pria Celana Muslim Pria Celana Sirwal Premium Celana Cingkrang Pria,202249932104,"Abu Tua,XXL",,
1157,15752296555,Best Seller Celana Sirwal Pria Polos Premium Celana Cingkrang Pria Celana Muslim Pria Celana Sirwal Premium Celana Cingkrang Pria,202249932086,"Hitam,M",,
1158,15752296555,Best Seller Celana Sirwal Pria Polos Premium Celana Cingkrang Pria Celana Muslim Pria Celana Sirwal Premium Celana Cingkrang Pria,202249932098,"Moka,XXL",,
1159,15752296555,Best Seller Celana Sirwal Pria Polos Premium Celana Cingkrang Pria Celana Muslim Pria Celana Sirwal Premium Celana Cingkrang Pria,202249932099,"Abu Tua,M",,
1160,15752296555,Best Seller Celana Sirwal Pria Polos Premium Celana Cingkrang Pria Celana Muslim Pria Celana Sirwal Premium Celana Cingkrang Pria,202249932093,"Krem,L",,
1161,15752296555,Best Seller Celana Sirwal Pria Polos Premium Celana Cingkrang Pria Celana Muslim Pria Celana Sirwal Premium Celana Cingkrang Pria,202249932092,"Navy,XXL",,
1162,15752296555,Best Seller Celana Sirwal Pria Polos Premium Celana Cingkrang Pria Celana Muslim Pria Celana Sirwal Premium Celana Cingkrang Pria,202249932108,"Moka,L",,
1163,15752296555,Best Seller Celana Sirwal Pria Polos Premium Celana Cingkrang Pria Celana Muslim Pria Celana Sirwal Premium Celana Cingkrang Pria,202249932097,"Navy,L",,
1164,15752296555,Best Seller Celana Sirwal Pria Polos Premium Celana Cingkrang Pria Celana Muslim Pria Celana Sirwal Premium Celana Cingkrang Pria,202249932096,"Hitam,XXL",,
1165,15752296555,Best Seller Celana Sirwal Pria Polos Premium Celana Cingkrang Pria Celana Muslim Pria Celana Sirwal Premium Celana Cingkrang Pria,202249932107,"Abu Tua,L",,
1166,15752296555,Best Seller Celana Sirwal Pria Polos Premium Celana Cingkrang Pria Celana Muslim Pria Celana Sirwal Premium Celana Cingkrang Pria,202249932089,"Abu Lumut,XL",,
1167,15752296555,Best Seller Celana Sirwal Pria Polos Premium Celana Cingkrang Pria Celana Muslim Pria Celana Sirwal Premium Celana Cingkrang Pria,202249932103,"Abu Tua,XL",,
1168,15752296555,Best Seller Celana Sirwal Pria Polos Premium Celana Cingkrang Pria Celana Muslim Pria Celana Sirwal Premium Celana Cingkrang Pria,202249932087,"Abu Lumut,M",,
1169,15752296555,Best Seller Celana Sirwal Pria Polos Premium Celana Cingkrang Pria Celana Muslim Pria Celana Sirwal Premium Celana Cingkrang Pria,202249932091,"Navy,XL",,
1170,15752296555,Best Seller Celana Sirwal Pria Polos Premium Celana Cingkrang Pria Celana Muslim Pria Celana Sirwal Premium Celana Cingkrang Pria,202249932105,"Navy,M",,
1171,15752296555,Best Seller Celana Sirwal Pria Polos Premium Celana Cingkrang Pria Celana Muslim Pria Celana Sirwal Premium Celana Cingkrang Pria,202249932095,"Hitam,XL",,
1172,15488716851,Best Seller Celana Kulot Highwaist Cewe Warna Abu Tua Style Korea Bahan Jatuh dan Adem Cullote Highwaist Wanita,144972848626,M,,
1173,15488716851,Best Seller Celana Kulot Highwaist Cewe Warna Abu Tua Style Korea Bahan Jatuh dan Adem Cullote Highwaist Wanita,144972848627,L,,
1174,15488716851,Best Seller Celana Kulot Highwaist Cewe Warna Abu Tua Style Korea Bahan Jatuh dan Adem Cullote Highwaist Wanita,144972848625,XL,,
1175,15168747240,Set Piyama Anak Umur 1-3 Tahun Piyama Bayi Piyama Bayi Laki Laki Piyama Bayi Perempuan Set Pakaian Anak Baju Tidur Bayi,143434707887,Bunga Pink,,
1176,15168747240,Set Piyama Anak Umur 1-3 Tahun Piyama Bayi Piyama Bayi Laki Laki Piyama Bayi Perempuan Set Pakaian Anak Baju Tidur Bayi,143434707879,Putih  Bunga Hijau,,
1177,15168747240,Set Piyama Anak Umur 1-3 Tahun Piyama Bayi Piyama Bayi Laki Laki Piyama Bayi Perempuan Set Pakaian Anak Baju Tidur Bayi,143434707881,Hewan Kuning,,
1178,15168747240,Set Piyama Anak Umur 1-3 Tahun Piyama Bayi Piyama Bayi Laki Laki Piyama Bayi Perempuan Set Pakaian Anak Baju Tidur Bayi,143434707883,Doraemon Hijau,,
1179,15168747240,Set Piyama Anak Umur 1-3 Tahun Piyama Bayi Piyama Bayi Laki Laki Piyama Bayi Perempuan Set Pakaian Anak Baju Tidur Bayi,143434707885,Hewan Biru,,
1180,15168747240,Set Piyama Anak Umur 1-3 Tahun Piyama Bayi Piyama Bayi Laki Laki Piyama Bayi Perempuan Set Pakaian Anak Baju Tidur Bayi,143434707886,Hewan Hijau,,
1181,15168747240,Set Piyama Anak Umur 1-3 Tahun Piyama Bayi Piyama Bayi Laki Laki Piyama Bayi Perempuan Set Pakaian Anak Baju Tidur Bayi,143434707884,Putih Bunga Kuning,,
1182,15168747240,Set Piyama Anak Umur 1-3 Tahun Piyama Bayi Piyama Bayi Laki Laki Piyama Bayi Perempuan Set Pakaian Anak Baju Tidur Bayi,143434707878,Putih Bunga Merah,,
1183,15168747240,Set Piyama Anak Umur 1-3 Tahun Piyama Bayi Piyama Bayi Laki Laki Piyama Bayi Perempuan Set Pakaian Anak Baju Tidur Bayi,143434707882,Bunga Kuning,,
1184,15168747240,Set Piyama Anak Umur 1-3 Tahun Piyama Bayi Piyama Bayi Laki Laki Piyama Bayi Perempuan Set Pakaian Anak Baju Tidur Bayi,143434707877,Doraemon Merah,,
1185,15168747240,Set Piyama Anak Umur 1-3 Tahun Piyama Bayi Piyama Bayi Laki Laki Piyama Bayi Perempuan Set Pakaian Anak Baju Tidur Bayi,143434707888,Bunga Biru,,
1186,15168747240,Set Piyama Anak Umur 1-3 Tahun Piyama Bayi Piyama Bayi Laki Laki Piyama Bayi Perempuan Set Pakaian Anak Baju Tidur Bayi,143434707880,Putih Bunga Biru,,
1187,15168747240,Set Piyama Anak Umur 1-3 Tahun Piyama Bayi Piyama Bayi Laki Laki Piyama Bayi Perempuan Set Pakaian Anak Baju Tidur Bayi,143434707889,Bunga Hijau,,
1188,15088717081,Best Seller Celana Kulot Highwaist Cewek Dusty Pink Bahan Tebal Jatuh Dan Adem Loose Pants Wanita,190867888189,XL,,
1189,15088717081,Best Seller Celana Kulot Highwaist Cewek Dusty Pink Bahan Tebal Jatuh Dan Adem Loose Pants Wanita,190867888187,M,,
1190,15088717081,Best Seller Celana Kulot Highwaist Cewek Dusty Pink Bahan Tebal Jatuh Dan Adem Loose Pants Wanita,190867888188,L,,
1263,14113818693,Best Seller Celana Bahan Pria Formal Slimfit Style Korea Celana Jas Blazer Celana Formal Laki Laki,164462992230,"Hitam,29",,
1264,14113818693,Best Seller Celana Bahan Pria Formal Slimfit Style Korea Celana Jas Blazer Celana Formal Laki Laki,290879344045,"Biru Langit,41",,
1265,14113818693,Best Seller Celana Bahan Pria Formal Slimfit Style Korea Celana Jas Blazer Celana Formal Laki Laki,164462992238,"Abu,32",,
1266,14113818693,Best Seller Celana Bahan Pria Formal Slimfit Style Korea Celana Jas Blazer Celana Formal Laki Laki,247490923736,"Biru Langit,27",,
1267,14113818693,Best Seller Celana Bahan Pria Formal Slimfit Style Korea Celana Jas Blazer Celana Formal Laki Laki,148505309917,"Burgundy,35",,
1268,14113818693,Best Seller Celana Bahan Pria Formal Slimfit Style Korea Celana Jas Blazer Celana Formal Laki Laki,290879344040,"Burgundy,42",,
1269,14113818693,Best Seller Celana Bahan Pria Formal Slimfit Style Korea Celana Jas Blazer Celana Formal Laki Laki,164462992214,"Hitam,30",,
1270,14113818693,Best Seller Celana Bahan Pria Formal Slimfit Style Korea Celana Jas Blazer Celana Formal Laki Laki,164462992244,"Navy,32",,
1271,14113818693,Best Seller Celana Bahan Pria Formal Slimfit Style Korea Celana Jas Blazer Celana Formal Laki Laki,295879338643,"Navy,39",,
1272,14113818693,Best Seller Celana Bahan Pria Formal Slimfit Style Korea Celana Jas Blazer Celana Formal Laki Laki,148505309912,"Burgundy,30",,
1273,14113818693,Best Seller Celana Bahan Pria Formal Slimfit Style Korea Celana Jas Blazer Celana Formal Laki Laki,290879344028,"Marun,42",,
1274,14113818693,Best Seller Celana Bahan Pria Formal Slimfit Style Korea Celana Jas Blazer Celana Formal Laki Laki,164462992249,"Navy,36",,
1275,14113818693,Best Seller Celana Bahan Pria Formal Slimfit Style Korea Celana Jas Blazer Celana Formal Laki Laki,247490923784,"Biru Langit,36",,
1276,14113818693,Best Seller Celana Bahan Pria Formal Slimfit Style Korea Celana Jas Blazer Celana Formal Laki Laki,164462992245,"Marun,33",,
1277,14113818693,Best Seller Celana Bahan Pria Formal Slimfit Style Korea Celana Jas Blazer Celana Formal Laki Laki,290879344035,"Burgundy,37",,
1278,14113818693,Best Seller Celana Bahan Pria Formal Slimfit Style Korea Celana Jas Blazer Celana Formal Laki Laki,148505309911,"Burgundy,29",,
1279,14113818693,Best Seller Celana Bahan Pria Formal Slimfit Style Korea Celana Jas Blazer Celana Formal Laki Laki,148505309913,"Burgundy,31",,
1280,14113818693,Best Seller Celana Bahan Pria Formal Slimfit Style Korea Celana Jas Blazer Celana Formal Laki Laki,290879344046,"Biru Langit,42",,
1281,14113818693,Best Seller Celana Bahan Pria Formal Slimfit Style Korea Celana Jas Blazer Celana Formal Laki Laki,290879344029,"Abu,37",,
1282,14113818693,Best Seller Celana Bahan Pria Formal Slimfit Style Korea Celana Jas Blazer Celana Formal Laki Laki,164462992246,"Hitam,28",,
1283,14113818693,Best Seller Celana Bahan Pria Formal Slimfit Style Korea Celana Jas Blazer Celana Formal Laki Laki,164462992236,"Abu,28",,
1284,14113818693,Best Seller Celana Bahan Pria Formal Slimfit Style Korea Celana Jas Blazer Celana Formal Laki Laki,164462992247,"Hitam,36",,
1285,14113818693,Best Seller Celana Bahan Pria Formal Slimfit Style Korea Celana Jas Blazer Celana Formal Laki Laki,164462992252,"Navy,35",,
1286,14113818693,Best Seller Celana Bahan Pria Formal Slimfit Style Korea Celana Jas Blazer Celana Formal Laki Laki,295879338639,"Hitam,41",,
1287,14113818693,Best Seller Celana Bahan Pria Formal Slimfit Style Korea Celana Jas Blazer Celana Formal Laki Laki,290879344043,"Biru Langit,39",,
1288,14113818693,Best Seller Celana Bahan Pria Formal Slimfit Style Korea Celana Jas Blazer Celana Formal Laki Laki,164462992253,"Marun,31",,
1289,14113818693,Best Seller Celana Bahan Pria Formal Slimfit Style Korea Celana Jas Blazer Celana Formal Laki Laki,164462992225,"Abu,31",,
1290,14113818693,Best Seller Celana Bahan Pria Formal Slimfit Style Korea Celana Jas Blazer Celana Formal Laki Laki,164462992239,"Hitam,31",,
1291,14113818693,Best Seller Celana Bahan Pria Formal Slimfit Style Korea Celana Jas Blazer Celana Formal Laki Laki,290879344025,"Marun,39",,
1292,14113818693,Best Seller Celana Bahan Pria Formal Slimfit Style Korea Celana Jas Blazer Celana Formal Laki Laki,290879344044,"Biru Langit,40",,
1293,14113818693,Best Seller Celana Bahan Pria Formal Slimfit Style Korea Celana Jas Blazer Celana Formal Laki Laki,290879344031,"Abu,39",,
1294,14113818693,Best Seller Celana Bahan Pria Formal Slimfit Style Korea Celana Jas Blazer Celana Formal Laki Laki,290879344030,"Abu,38",,
1295,14113818693,Best Seller Celana Bahan Pria Formal Slimfit Style Korea Celana Jas Blazer Celana Formal Laki Laki,148505309915,"Burgundy,33",,
1296,14113818693,Best Seller Celana Bahan Pria Formal Slimfit Style Korea Celana Jas Blazer Celana Formal Laki Laki,247490923779,"Biru Langit,31",,
1297,14113818693,Best Seller Celana Bahan Pria Formal Slimfit Style Korea Celana Jas Blazer Celana Formal Laki Laki,164462992241,"Navy,27",,
1298,14113818693,Best Seller Celana Bahan Pria Formal Slimfit Style Korea Celana Jas Blazer Celana Formal Laki Laki,295879338637,"Hitam,39",,
1299,14113818693,Best Seller Celana Bahan Pria Formal Slimfit Style Korea Celana Jas Blazer Celana Formal Laki Laki,164462992216,"Marun,35",,
1300,14113818693,Best Seller Celana Bahan Pria Formal Slimfit Style Korea Celana Jas Blazer Celana Formal Laki Laki,247490923737,"Biru Langit,28",,
1301,14113818693,Best Seller Celana Bahan Pria Formal Slimfit Style Korea Celana Jas Blazer Celana Formal Laki Laki,290879344022,"Navy,42",,
1302,14113818693,Best Seller Celana Bahan Pria Formal Slimfit Style Korea Celana Jas Blazer Celana Formal Laki Laki,164462992226,"Abu,36",,
1303,14113818693,Best Seller Celana Bahan Pria Formal Slimfit Style Korea Celana Jas Blazer Celana Formal Laki Laki,290879344033,"Abu,41",,
1304,14113818693,Best Seller Celana Bahan Pria Formal Slimfit Style Korea Celana Jas Blazer Celana Formal Laki Laki,290879344038,"Burgundy,40",,
1305,14113818693,Best Seller Celana Bahan Pria Formal Slimfit Style Korea Celana Jas Blazer Celana Formal Laki Laki,295879338641,"Navy,37",,
1306,14113818693,Best Seller Celana Bahan Pria Formal Slimfit Style Korea Celana Jas Blazer Celana Formal Laki Laki,148505309909,"Burgundy,27",,
1307,14113818693,Best Seller Celana Bahan Pria Formal Slimfit Style Korea Celana Jas Blazer Celana Formal Laki Laki,164462992240,"Hitam,34",,
1308,14113818693,Best Seller Celana Bahan Pria Formal Slimfit Style Korea Celana Jas Blazer Celana Formal Laki Laki,164462992233,"Abu,35",,
1309,14113818693,Best Seller Celana Bahan Pria Formal Slimfit Style Korea Celana Jas Blazer Celana Formal Laki Laki,247490923780,"Biru Langit,32",,
1310,14113818693,Best Seller Celana Bahan Pria Formal Slimfit Style Korea Celana Jas Blazer Celana Formal Laki Laki,164462992234,"Hitam,32",,
1311,14113818693,Best Seller Celana Bahan Pria Formal Slimfit Style Korea Celana Jas Blazer Celana Formal Laki Laki,290879344026,"Marun,40",,
1312,14113818693,Best Seller Celana Bahan Pria Formal Slimfit Style Korea Celana Jas Blazer Celana Formal Laki Laki,247490923783,"Biru Langit,35",,
1313,14113818693,Best Seller Celana Bahan Pria Formal Slimfit Style Korea Celana Jas Blazer Celana Formal Laki Laki,164462992229,"Marun,34",,
1314,14113818693,Best Seller Celana Bahan Pria Formal Slimfit Style Korea Celana Jas Blazer Celana Formal Laki Laki,290879344027,"Marun,41",,
1315,14113818693,Best Seller Celana Bahan Pria Formal Slimfit Style Korea Celana Jas Blazer Celana Formal Laki Laki,164462992221,"Marun,29",,
1316,14113818693,Best Seller Celana Bahan Pria Formal Slimfit Style Korea Celana Jas Blazer Celana Formal Laki Laki,290879344039,"Burgundy,41",,
1317,14113818693,Best Seller Celana Bahan Pria Formal Slimfit Style Korea Celana Jas Blazer Celana Formal Laki Laki,295879338642,"Navy,38",,
1318,14113818693,Best Seller Celana Bahan Pria Formal Slimfit Style Korea Celana Jas Blazer Celana Formal Laki Laki,164462992228,"Marun,32",,
1319,14113818693,Best Seller Celana Bahan Pria Formal Slimfit Style Korea Celana Jas Blazer Celana Formal Laki Laki,290879344023,"Marun,37",,
1320,14113818693,Best Seller Celana Bahan Pria Formal Slimfit Style Korea Celana Jas Blazer Celana Formal Laki Laki,164462992232,"Abu,33",,
1321,14113818693,Best Seller Celana Bahan Pria Formal Slimfit Style Korea Celana Jas Blazer Celana Formal Laki Laki,164462992250,"Marun,27",,
1322,14113818693,Best Seller Celana Bahan Pria Formal Slimfit Style Korea Celana Jas Blazer Celana Formal Laki Laki,164462992223,"Marun,36",,
1323,14113818693,Best Seller Celana Bahan Pria Formal Slimfit Style Korea Celana Jas Blazer Celana Formal Laki Laki,290879344024,"Marun,38",,
1324,14113818693,Best Seller Celana Bahan Pria Formal Slimfit Style Korea Celana Jas Blazer Celana Formal Laki Laki,164462992224,"Abu,27",,
1325,14113818693,Best Seller Celana Bahan Pria Formal Slimfit Style Korea Celana Jas Blazer Celana Formal Laki Laki,164462992217,"Abu,30",,
1326,14113818693,Best Seller Celana Bahan Pria Formal Slimfit Style Korea Celana Jas Blazer Celana Formal Laki Laki,295879338635,"Hitam,37",,
1327,14113818693,Best Seller Celana Bahan Pria Formal Slimfit Style Korea Celana Jas Blazer Celana Formal Laki Laki,164462992218,"Abu,34",,
1328,14113818693,Best Seller Celana Bahan Pria Formal Slimfit Style Korea Celana Jas Blazer Celana Formal Laki Laki,164462992219,"Hitam,33",,
1329,14113818693,Best Seller Celana Bahan Pria Formal Slimfit Style Korea Celana Jas Blazer Celana Formal Laki Laki,148505309918,"Burgundy,36",,
1330,14113818693,Best Seller Celana Bahan Pria Formal Slimfit Style Korea Celana Jas Blazer Celana Formal Laki Laki,247490923782,"Biru Langit,34",,
1331,14113818693,Best Seller Celana Bahan Pria Formal Slimfit Style Korea Celana Jas Blazer Celana Formal Laki Laki,164462992248,"Navy,30",,
1332,14113818693,Best Seller Celana Bahan Pria Formal Slimfit Style Korea Celana Jas Blazer Celana Formal Laki Laki,290879344037,"Burgundy,39",,
1333,14113818693,Best Seller Celana Bahan Pria Formal Slimfit Style Korea Celana Jas Blazer Celana Formal Laki Laki,164462992231,"Marun,28",,
1334,14113818693,Best Seller Celana Bahan Pria Formal Slimfit Style Korea Celana Jas Blazer Celana Formal Laki Laki,148505309914,"Burgundy,32",,
1335,14113818693,Best Seller Celana Bahan Pria Formal Slimfit Style Korea Celana Jas Blazer Celana Formal Laki Laki,290879344041,"Biru Langit,37",,
1336,14113818693,Best Seller Celana Bahan Pria Formal Slimfit Style Korea Celana Jas Blazer Celana Formal Laki Laki,295879338640,"Hitam,42",,
1337,14113818693,Best Seller Celana Bahan Pria Formal Slimfit Style Korea Celana Jas Blazer Celana Formal Laki Laki,295879338645,"Navy,41",,
1338,14113818693,Best Seller Celana Bahan Pria Formal Slimfit Style Korea Celana Jas Blazer Celana Formal Laki Laki,164462992243,"Navy,31",,
1339,14113818693,Best Seller Celana Bahan Pria Formal Slimfit Style Korea Celana Jas Blazer Celana Formal Laki Laki,290879344036,"Burgundy,38",,
1340,14113818693,Best Seller Celana Bahan Pria Formal Slimfit Style Korea Celana Jas Blazer Celana Formal Laki Laki,290879344042,"Biru Langit,38",,
1341,14113818693,Best Seller Celana Bahan Pria Formal Slimfit Style Korea Celana Jas Blazer Celana Formal Laki Laki,164462992220,"Hitam,35",,
1342,14113818693,Best Seller Celana Bahan Pria Formal Slimfit Style Korea Celana Jas Blazer Celana Formal Laki Laki,148505309910,"Burgundy,28",,
1343,14113818693,Best Seller Celana Bahan Pria Formal Slimfit Style Korea Celana Jas Blazer Celana Formal Laki Laki,247490923739,"Biru Langit,30",,
1344,14113818693,Best Seller Celana Bahan Pria Formal Slimfit Style Korea Celana Jas Blazer Celana Formal Laki Laki,164462992237,"Abu,29",,
1345,14113818693,Best Seller Celana Bahan Pria Formal Slimfit Style Korea Celana Jas Blazer Celana Formal Laki Laki,164462992242,"Navy,29",,
1346,14113818693,Best Seller Celana Bahan Pria Formal Slimfit Style Korea Celana Jas Blazer Celana Formal Laki Laki,295879338638,"Hitam,40",,
1347,14113818693,Best Seller Celana Bahan Pria Formal Slimfit Style Korea Celana Jas Blazer Celana Formal Laki Laki,164462992215,"Navy,34",,
1348,14113818693,Best Seller Celana Bahan Pria Formal Slimfit Style Korea Celana Jas Blazer Celana Formal Laki Laki,295879338644,"Navy,40",,
1349,14113818693,Best Seller Celana Bahan Pria Formal Slimfit Style Korea Celana Jas Blazer Celana Formal Laki Laki,164462992227,"Navy,33",,
1350,14113818693,Best Seller Celana Bahan Pria Formal Slimfit Style Korea Celana Jas Blazer Celana Formal Laki Laki,164462992222,"Marun,30",,
1351,14113818693,Best Seller Celana Bahan Pria Formal Slimfit Style Korea Celana Jas Blazer Celana Formal Laki Laki,148505309916,"Burgundy,34",,
1352,14113818693,Best Seller Celana Bahan Pria Formal Slimfit Style Korea Celana Jas Blazer Celana Formal Laki Laki,164462992235,"Navy,28",,
1353,14113818693,Best Seller Celana Bahan Pria Formal Slimfit Style Korea Celana Jas Blazer Celana Formal Laki Laki,164462992251,"Hitam,27",,
1354,14113818693,Best Seller Celana Bahan Pria Formal Slimfit Style Korea Celana Jas Blazer Celana Formal Laki Laki,290879344032,"Abu,40",,
1355,14113818693,Best Seller Celana Bahan Pria Formal Slimfit Style Korea Celana Jas Blazer Celana Formal Laki Laki,290879344034,"Abu,42",,
1356,14113818693,Best Seller Celana Bahan Pria Formal Slimfit Style Korea Celana Jas Blazer Celana Formal Laki Laki,295879338636,"Hitam,38",,
1357,14113818693,Best Seller Celana Bahan Pria Formal Slimfit Style Korea Celana Jas Blazer Celana Formal Laki Laki,247490923781,"Biru Langit,33",,
1358,14113818693,Best Seller Celana Bahan Pria Formal Slimfit Style Korea Celana Jas Blazer Celana Formal Laki Laki,247490923738,"Biru Langit,29",,
1479,12778031503,Best Seller Celana Sirwal Cargo Pria Premium Celana Sirwal Pria Celana Pangsi Celana Cingkrang Pria Celana Komprang Model Kargo,98242406738,"Navy,XXL",,
1480,12778031503,Best Seller Celana Sirwal Cargo Pria Premium Celana Sirwal Pria Celana Pangsi Celana Cingkrang Pria Celana Komprang Model Kargo,98242406737,"Hitam,L",,
1481,12778031503,Best Seller Celana Sirwal Cargo Pria Premium Celana Sirwal Pria Celana Pangsi Celana Cingkrang Pria Celana Komprang Model Kargo,98242406732,"Olive,S",,
1482,12778031503,Best Seller Celana Sirwal Cargo Pria Premium Celana Sirwal Pria Celana Pangsi Celana Cingkrang Pria Celana Komprang Model Kargo,88242546765,"Navy,L",,
1483,12778031503,Best Seller Celana Sirwal Cargo Pria Premium Celana Sirwal Pria Celana Pangsi Celana Cingkrang Pria Celana Komprang Model Kargo,98242406741,"Navy,S",,
1484,12778031503,Best Seller Celana Sirwal Cargo Pria Premium Celana Sirwal Pria Celana Pangsi Celana Cingkrang Pria Celana Komprang Model Kargo,88242546774,"Navy,XL",,
1485,12778031503,Best Seller Celana Sirwal Cargo Pria Premium Celana Sirwal Pria Celana Pangsi Celana Cingkrang Pria Celana Komprang Model Kargo,88242546766,"Abu Tua,S",,
1486,12778031503,Best Seller Celana Sirwal Cargo Pria Premium Celana Sirwal Pria Celana Pangsi Celana Cingkrang Pria Celana Komprang Model Kargo,98242406739,"Abu Tua,L",,
1487,12778031503,Best Seller Celana Sirwal Cargo Pria Premium Celana Sirwal Pria Celana Pangsi Celana Cingkrang Pria Celana Komprang Model Kargo,88242546779,"Army Tua,S",,
1488,12778031503,Best Seller Celana Sirwal Cargo Pria Premium Celana Sirwal Pria Celana Pangsi Celana Cingkrang Pria Celana Komprang Model Kargo,88242546775,"Krem,L",,
1489,12778031503,Best Seller Celana Sirwal Cargo Pria Premium Celana Sirwal Pria Celana Pangsi Celana Cingkrang Pria Celana Komprang Model Kargo,88242546780,"Hitam,S",,
1490,12778031503,Best Seller Celana Sirwal Cargo Pria Premium Celana Sirwal Pria Celana Pangsi Celana Cingkrang Pria Celana Komprang Model Kargo,98242406733,"Olive,XXL",,
1491,12778031503,Best Seller Celana Sirwal Cargo Pria Premium Celana Sirwal Pria Celana Pangsi Celana Cingkrang Pria Celana Komprang Model Kargo,88242546764,"Hitam,XL",,
1492,12778031503,Best Seller Celana Sirwal Cargo Pria Premium Celana Sirwal Pria Celana Pangsi Celana Cingkrang Pria Celana Komprang Model Kargo,98242406736,"Pemda,L",,
1493,12778031503,Best Seller Celana Sirwal Cargo Pria Premium Celana Sirwal Pria Celana Pangsi Celana Cingkrang Pria Celana Komprang Model Kargo,98242406735,"Abu Tua,XL",,
1494,12778031503,Best Seller Celana Sirwal Cargo Pria Premium Celana Sirwal Pria Celana Pangsi Celana Cingkrang Pria Celana Komprang Model Kargo,88242546777,"Krem,XXL",,
1495,12778031503,Best Seller Celana Sirwal Cargo Pria Premium Celana Sirwal Pria Celana Pangsi Celana Cingkrang Pria Celana Komprang Model Kargo,88242546772,"Hitam,XXL",,
1496,12778031503,Best Seller Celana Sirwal Cargo Pria Premium Celana Sirwal Pria Celana Pangsi Celana Cingkrang Pria Celana Komprang Model Kargo,88242546767,"Olive,L",,
1497,12778031503,Best Seller Celana Sirwal Cargo Pria Premium Celana Sirwal Pria Celana Pangsi Celana Cingkrang Pria Celana Komprang Model Kargo,88242546771,"Army Tua,XXL",,
1498,12778031503,Best Seller Celana Sirwal Cargo Pria Premium Celana Sirwal Pria Celana Pangsi Celana Cingkrang Pria Celana Komprang Model Kargo,88242546770,"Pemda,XXL",,
1499,12778031503,Best Seller Celana Sirwal Cargo Pria Premium Celana Sirwal Pria Celana Pangsi Celana Cingkrang Pria Celana Komprang Model Kargo,88242546769,"Pemda,S",,
1500,12778031503,Best Seller Celana Sirwal Cargo Pria Premium Celana Sirwal Pria Celana Pangsi Celana Cingkrang Pria Celana Komprang Model Kargo,98242406740,"Army Tua,L",,
1501,12778031503,Best Seller Celana Sirwal Cargo Pria Premium Celana Sirwal Pria Celana Pangsi Celana Cingkrang Pria Celana Komprang Model Kargo,98242406742,"Krem,S",,
1502,12778031503,Best Seller Celana Sirwal Cargo Pria Premium Celana Sirwal Pria Celana Pangsi Celana Cingkrang Pria Celana Komprang Model Kargo,88242546768,"Olive,XL",,
1503,12778031503,Best Seller Celana Sirwal Cargo Pria Premium Celana Sirwal Pria Celana Pangsi Celana Cingkrang Pria Celana Komprang Model Kargo,88242546778,"Abu Tua,XXL",,
1504,12778031503,Best Seller Celana Sirwal Cargo Pria Premium Celana Sirwal Pria Celana Pangsi Celana Cingkrang Pria Celana Komprang Model Kargo,98242406734,"Pemda,XL",,
1505,12778031503,Best Seller Celana Sirwal Cargo Pria Premium Celana Sirwal Pria Celana Pangsi Celana Cingkrang Pria Celana Komprang Model Kargo,88242546773,"Army Tua,XL",,
1506,12778031503,Best Seller Celana Sirwal Cargo Pria Premium Celana Sirwal Pria Celana Pangsi Celana Cingkrang Pria Celana Komprang Model Kargo,88242546776,"Krem,XL",,
1513,11397737616,Best Seller Tuxedo Pria 3 In 1 Paket Berisi Blazer Rompi Dan Celana Pakaian Kantor Jas Nikah Pakaian Sidang Skripsi Outfit Meeting Tuskedo Pria,146898673395,"Merah Cabe,L",,
1515,11397737616,Best Seller Tuxedo Pria 3 In 1 Paket Berisi Blazer Rompi Dan Celana Pakaian Kantor Jas Nikah Pakaian Sidang Skripsi Outfit Meeting Tuskedo Pria,146898673392,"Putih,XL",,
1516,11397737616,Best Seller Tuxedo Pria 3 In 1 Paket Berisi Blazer Rompi Dan Celana Pakaian Kantor Jas Nikah Pakaian Sidang Skripsi Outfit Meeting Tuskedo Pria,146898673394,"Putih,XXL",,
1528,11397737616,Best Seller Tuxedo Pria 3 In 1 Paket Berisi Blazer Rompi Dan Celana Pakaian Kantor Jas Nikah Pakaian Sidang Skripsi Outfit Meeting Tuskedo Pria,148247142860,"Putih,L",,
1530,11397737616,Best Seller Tuxedo Pria 3 In 1 Paket Berisi Blazer Rompi Dan Celana Pakaian Kantor Jas Nikah Pakaian Sidang Skripsi Outfit Meeting Tuskedo Pria,146898673398,"Merah Cabe,XXL",,
1531,11397737616,Best Seller Tuxedo Pria 3 In 1 Paket Berisi Blazer Rompi Dan Celana Pakaian Kantor Jas Nikah Pakaian Sidang Skripsi Outfit Meeting Tuskedo Pria,146898673393,"Putih,M",,
1534,11397737616,Best Seller Tuxedo Pria 3 In 1 Paket Berisi Blazer Rompi Dan Celana Pakaian Kantor Jas Nikah Pakaian Sidang Skripsi Outfit Meeting Tuskedo Pria,146898673397,"Merah Cabe,XL",,
1537,11397737616,Best Seller Tuxedo Pria 3 In 1 Paket Berisi Blazer Rompi Dan Celana Pakaian Kantor Jas Nikah Pakaian Sidang Skripsi Outfit Meeting Tuskedo Pria,146898673391,"Putih,S",,
1539,11397737616,Best Seller Tuxedo Pria 3 In 1 Paket Berisi Blazer Rompi Dan Celana Pakaian Kantor Jas Nikah Pakaian Sidang Skripsi Outfit Meeting Tuskedo Pria,146898673396,"Merah Cabe,S",,
1547,11397737616,Best Seller Tuxedo Pria 3 In 1 Paket Berisi Blazer Rompi Dan Celana Pakaian Kantor Jas Nikah Pakaian Sidang Skripsi Outfit Meeting Tuskedo Pria,146898673390,"Merah Cabe,XXXL",,
1550,11397737616,Best Seller Tuxedo Pria 3 In 1 Paket Berisi Blazer Rompi Dan Celana Pakaian Kantor Jas Nikah Pakaian Sidang Skripsi Outfit Meeting Tuskedo Pria,146898673389,"Merah Cabe,M",,
1551,11397737616,Best Seller Tuxedo Pria 3 In 1 Paket Berisi Blazer Rompi Dan Celana Pakaian Kantor Jas Nikah Pakaian Sidang Skripsi Outfit Meeting Tuskedo Pria,146898673388,"Putih,XXXL",,
1555,10696834504,Best Seller Celana Kullot Highwaist Wanita Hitam Style Korea Bahan Jatuh Tebal Dan Adem Loose Pants Cewek,190867505956,L,,
1556,10696834504,Best Seller Celana Kullot Highwaist Wanita Hitam Style Korea Bahan Jatuh Tebal Dan Adem Loose Pants Cewek,190867505957,XL,,
1557,10696834504,Best Seller Celana Kullot Highwaist Wanita Hitam Style Korea Bahan Jatuh Tebal Dan Adem Loose Pants Cewek,190867505955,M,,
1558,8199523431,Best Seller Celana Kulot Highwaist Wanita Warna Abu Muda Loose Pants Cewek Bahan Jatuh Adem Dan Tebal Kulot Pants Cewe,144972896863,M,,
1559,8199523431,Best Seller Celana Kulot Highwaist Wanita Warna Abu Muda Loose Pants Cewek Bahan Jatuh Adem Dan Tebal Kulot Pants Cewe,144972896864,L,,
1560,8199523431,Best Seller Celana Kulot Highwaist Wanita Warna Abu Muda Loose Pants Cewek Bahan Jatuh Adem Dan Tebal Kulot Pants Cewe,144972896865,XL,,
